database,interaction_type,ligand_components,receptor_components
CellChat,ligand_receptor,Tgfb1,Tgfbr1;R2
CellChat,ligand_receptor,Tgfb2,Tgfbr1;R2
CellChat,ligand_receptor,Tgfb3,Tgfbr1;R2
CellChat,ligand_receptor,Tgfb1,Acvr1b;Tgfbr2
CellChat,ligand_receptor,Tgfb1,Acvr1c;Tgfbr2
CellChat,ligand_receptor,Tgfb2,Acvr1b;Tgfbr2
CellChat,ligand_receptor,Tgfb2,Acvr1c;Tgfbr2
CellChat,ligand_receptor,Tgfb3,Acvr1b;Tgfbr2
CellChat,ligand_receptor,Tgfb3,Acvr1c;Tgfbr2
CellChat,ligand_receptor,Tgfb1,Acvr1;Tgfbr
CellChat,ligand_receptor,Tgfb2,Acvr1;Tgfbr
CellChat,ligand_receptor,Tgfb3,Acvr1;Tgfbr
CellChat,ligand_receptor,Bmp2,Bmpr1a;Acvr2a
CellChat,ligand_receptor,Bmp2,Bmpr1a;Acvr2b
CellChat,ligand_receptor,Bmp2,Bmpr1a;Bmpr2
CellChat,ligand_receptor,Bmp2,Bmpr1b;Acvr2a
CellChat,ligand_receptor,Bmp2,Bmpr1b;Acvr2b
CellChat,ligand_receptor,Bmp2,Bmpr1b;Bmpr2
CellChat,ligand_receptor,Bmp4,Bmpr1a;Acvr2a
CellChat,ligand_receptor,Bmp4,Bmpr1a;Acvr2b
CellChat,ligand_receptor,Bmp4,Bmpr1a;Bmpr2
CellChat,ligand_receptor,Bmp4,Bmpr1b;Acvr2a
CellChat,ligand_receptor,Bmp4,Bmpr1b;Acvr2b
CellChat,ligand_receptor,Bmp4,Bmpr1b;Bmpr2
CellChat,ligand_receptor,Gdf5,Bmpr1a;Acvr2a
CellChat,ligand_receptor,Gdf5,Bmpr1a;Acvr2b
CellChat,ligand_receptor,Gdf5,Bmpr1a;Bmpr2
CellChat,ligand_receptor,Gdf5,Bmpr1b;Acvr2a
CellChat,ligand_receptor,Gdf5,Bmpr1b;Acvr2b
CellChat,ligand_receptor,Gdf5,Bmpr1b;Bmpr2
CellChat,ligand_receptor,Gdf6,Bmpr1a;Acvr2a
CellChat,ligand_receptor,Gdf6,Bmpr1a;Acvr2b
CellChat,ligand_receptor,Gdf6,Bmpr1a;Bmpr2
CellChat,ligand_receptor,Gdf6,Bmpr1b;Acvr2a
CellChat,ligand_receptor,Gdf6,Bmpr1b;Acvr2b
CellChat,ligand_receptor,Gdf6,Bmpr1b;Bmpr2
CellChat,ligand_receptor,Gdf7,Bmpr1a;Acvr2a
CellChat,ligand_receptor,Gdf7,Bmpr1a;Acvr2b
CellChat,ligand_receptor,Gdf7,Bmpr1a;Bmpr2
CellChat,ligand_receptor,Gdf7,Bmpr1b;Acvr2a
CellChat,ligand_receptor,Gdf7,Bmpr1b;Acvr2b
CellChat,ligand_receptor,Gdf7,Bmpr1b;Bmpr2
CellChat,ligand_receptor,Bmp15,Bmpr1b;Bmpr2
CellChat,ligand_receptor,Bmp5,Acvr1;Acvr2a
CellChat,ligand_receptor,Bmp5,Acvr1;Acvr2b
CellChat,ligand_receptor,Bmp5,Acvr1;Bmpr2
CellChat,ligand_receptor,Bmp5,Bmpr1a;Acvr2a
CellChat,ligand_receptor,Bmp5,Bmpr1a;Acvr2b
CellChat,ligand_receptor,Bmp5,Bmpr1a;Bmpr2
CellChat,ligand_receptor,Bmp5,Bmpr1b;Acvr2a
CellChat,ligand_receptor,Bmp5,Bmpr1b;Acvr2b
CellChat,ligand_receptor,Bmp5,Bmpr1b;Bmpr2
CellChat,ligand_receptor,Bmp6,Acvr1;Acvr2a
CellChat,ligand_receptor,Bmp6,Acvr1;Acvr2b
CellChat,ligand_receptor,Bmp6,Acvr1;Bmpr2
CellChat,ligand_receptor,Bmp6,Bmpr1a;Acvr2a
CellChat,ligand_receptor,Bmp6,Bmpr1a;Acvr2b
CellChat,ligand_receptor,Bmp6,Bmpr1a;Bmpr2
CellChat,ligand_receptor,Bmp6,Bmpr1b;Acvr2a
CellChat,ligand_receptor,Bmp6,Bmpr1b;Acvr2b
CellChat,ligand_receptor,Bmp6,Bmpr1b;Bmpr2
CellChat,ligand_receptor,Bmp7,Acvr1;Acvr2a
CellChat,ligand_receptor,Bmp7,Acvr1;Acvr2b
CellChat,ligand_receptor,Bmp7,Acvr1;Bmpr2
CellChat,ligand_receptor,Bmp7,Bmpr1a;Acvr2a
CellChat,ligand_receptor,Bmp7,Bmpr1a;Acvr2b
CellChat,ligand_receptor,Bmp7,Bmpr1a;Bmpr2
CellChat,ligand_receptor,Bmp7,Bmpr1b;Acvr2a
CellChat,ligand_receptor,Bmp7,Bmpr1b;Acvr2b
CellChat,ligand_receptor,Bmp7,Bmpr1b;Bmpr2
CellChat,ligand_receptor,Bmp8a,Acvr1;Acvr2a
CellChat,ligand_receptor,Bmp8a,Acvr1;Acvr2b
CellChat,ligand_receptor,Bmp8a,Acvr1;Bmpr2
CellChat,ligand_receptor,Bmp8a,Bmpr1a;Acvr2a
CellChat,ligand_receptor,Bmp8a,Bmpr1a;Acvr2b
CellChat,ligand_receptor,Bmp8a,Bmpr1a;Bmpr2
CellChat,ligand_receptor,Bmp8a,Bmpr1b;Acvr2a
CellChat,ligand_receptor,Bmp8a,Bmpr1b;Acvr2b
CellChat,ligand_receptor,Bmp8a,Bmpr1b;Bmpr2
CellChat,ligand_receptor,Bmp8b,Acvr1;Acvr2a
CellChat,ligand_receptor,Bmp8b,Acvr1;Acvr2b
CellChat,ligand_receptor,Bmp8b,Acvr1;Bmpr2
CellChat,ligand_receptor,Bmp8b,Bmpr1a;Acvr2a
CellChat,ligand_receptor,Bmp8b,Bmpr1a;Acvr2b
CellChat,ligand_receptor,Bmp8b,Bmpr1a;Bmpr2
CellChat,ligand_receptor,Bmp8b,Bmpr1b;Acvr2a
CellChat,ligand_receptor,Bmp8b,Bmpr1b;Acvr2b
CellChat,ligand_receptor,Bmp8b,Bmpr1b;Bmpr2
CellChat,ligand_receptor,Bmp10,Acvrl1;Bmpr2
CellChat,ligand_receptor,Bmp10,Acvrl1;Acvr2a
CellChat,ligand_receptor,Gdf2,Acvrl1;Bmpr2
CellChat,ligand_receptor,Gdf2,Acvrl1;Acvr2a
CellChat,ligand_receptor,Gdf9,Acvr1b;Bmpr2
CellChat,ligand_receptor,Gdf10,Acvr1b;Acvr2a
CellChat,ligand_receptor,Gdf11,Tgfbr1;Acvr2a
CellChat,ligand_receptor,Gdf11,Tgfbr1;Acvr2b
CellChat,ligand_receptor,Gdf11,Acvr1b;Acvr2b
CellChat,ligand_receptor,Gdf15,Tgfbr2
CellChat,ligand_receptor,Mstn,Tgfbr1;Acvr2b
CellChat,ligand_receptor,Mstn,Acvr1b;Acvr2b
CellChat,ligand_receptor,Mstn,Acvr1b;Acvr2a
CellChat,ligand_receptor,Mstn,Tgfbr1;Acvr2a
CellChat,ligand_receptor,Amh,Amhr2;Acvr1
CellChat,ligand_receptor,Amh,Amhr2;Bmpr1a
CellChat,ligand_receptor,Gdnf,Gfra1;Ret
CellChat,ligand_receptor,Nrtn,Gfra2;Ret
CellChat,ligand_receptor,Artn,Gfra3;Ret
CellChat,ligand_receptor,Pspn,Gfra4;Ret
CellChat,ligand_receptor,Artn,Gfra1;Ret
CellChat,ligand_receptor,Nodal,Acvr1b;Acvr2a;Cfc1
CellChat,ligand_receptor,Nodal,Acvr1c;Acvr2a;Cfc1
CellChat,ligand_receptor,Nodal,Acvr1b;Acvr2b;Cfc1
CellChat,ligand_receptor,Nodal,Acvr1c;Acvr2b;Cfc1
CellChat,ligand_receptor,Gdf1,Acvr1b;Acvr2a;Cfc1
CellChat,ligand_receptor,Gdf1,Acvr1b;Acvr2b;Cfc1
CellChat,ligand_receptor,Gdf1,Acvr1c;Acvr2a;Cfc1
CellChat,ligand_receptor,Gdf1,Acvr1c;Acvr2b;Cfc1
CellChat,ligand_receptor,Gdf3,Acvr1b;Acvr2a;Cfc1
CellChat,ligand_receptor,Gdf3,Acvr1b;Acvr2b;Cfc1
CellChat,ligand_receptor,Gdf3,Acvr1c;Acvr2a;Cfc1
CellChat,ligand_receptor,Gdf3,Acvr1c;Acvr2b;Cfc1
CellChat,ligand_receptor,Inhba,Acvr1b;Acvr2a
CellChat,ligand_receptor,Inhba,Acvr1b;Acvr2b
CellChat,ligand_receptor,Inhbb,Acvr1b;Acvr2a
CellChat,ligand_receptor,Inhbb,Acvr1b;Acvr2b
CellChat,ligand_receptor,Inhbb,Acvr1c;Acvr2a
CellChat,ligand_receptor,Inhbb,Acvr1c;Acvr2b
CellChat,ligand_receptor,Inhbc,Acvr1b;Acvr2a
CellChat,ligand_receptor,Inhbc,Acvr1b;Acvr2b
CellChat,ligand_receptor,Inhbc,Acvr1c;Acvr2a
CellChat,ligand_receptor,Inhbc,Acvr1c;Acvr2b
CellChat,ligand_receptor,Inhbe,Acvr1b;Acvr2a
CellChat,ligand_receptor,Inhbe,Acvr1b;Acvr2b
CellChat,ligand_receptor,Inhbe,Acvr1c;Acvr2a
CellChat,ligand_receptor,Inhbe,Acvr1c;Acvr2b
CellChat,ligand_receptor,Activin ab,Acvr1b;Acvr2a
CellChat,ligand_receptor,Activin ab,Acvr1b;Acvr2b
CellChat,ligand_receptor,Activin ab,Acvr1c;Acvr2a
CellChat,ligand_receptor,Activin ab,Acvr1c;Acvr2b
CellChat,ligand_receptor,Inhibin a,Acvr2a
CellChat,ligand_receptor,Inhibin b,Acvr2b
CellChat,ligand_receptor,Wnt1,Fzd1;Lrp5
CellChat,ligand_receptor,Wnt1,Fzd10;Lrp5
CellChat,ligand_receptor,Wnt1,Fzd2;Lrp5
CellChat,ligand_receptor,Wnt1,Fzd3;Lrp5
CellChat,ligand_receptor,Wnt1,Fzd4;Lrp5
CellChat,ligand_receptor,Wnt1,Fzd5;Lrp5
CellChat,ligand_receptor,Wnt1,Fzd6;Lrp5
CellChat,ligand_receptor,Wnt1,Fzd7;Lrp5
CellChat,ligand_receptor,Wnt1,Fzd8;Lrp5
CellChat,ligand_receptor,Wnt1,Fzd9;Lrp5
CellChat,ligand_receptor,Wnt10a,Fzd1;Lrp5
CellChat,ligand_receptor,Wnt10a,Fzd10;Lrp5
CellChat,ligand_receptor,Wnt10a,Fzd2;Lrp5
CellChat,ligand_receptor,Wnt10a,Fzd3;Lrp5
CellChat,ligand_receptor,Wnt10a,Fzd4;Lrp5
CellChat,ligand_receptor,Wnt10a,Fzd5;Lrp5
CellChat,ligand_receptor,Wnt10a,Fzd6;Lrp5
CellChat,ligand_receptor,Wnt10a,Fzd7;Lrp5
CellChat,ligand_receptor,Wnt10a,Fzd8;Lrp5
CellChat,ligand_receptor,Wnt10a,Fzd9;Lrp5
CellChat,ligand_receptor,Wnt10b,Fzd1;Lrp5
CellChat,ligand_receptor,Wnt10b,Fzd10;Lrp5
CellChat,ligand_receptor,Wnt10b,Fzd2;Lrp5
CellChat,ligand_receptor,Wnt10b,Fzd3;Lrp5
CellChat,ligand_receptor,Wnt10b,Fzd4;Lrp5
CellChat,ligand_receptor,Wnt10b,Fzd5;Lrp5
CellChat,ligand_receptor,Wnt10b,Fzd6;Lrp5
CellChat,ligand_receptor,Wnt10b,Fzd7;Lrp5
CellChat,ligand_receptor,Wnt10b,Fzd8;Lrp5
CellChat,ligand_receptor,Wnt10b,Fzd9;Lrp5
CellChat,ligand_receptor,Wnt16,Fzd1;Lrp5
CellChat,ligand_receptor,Wnt16,Fzd10;Lrp5
CellChat,ligand_receptor,Wnt16,Fzd2;Lrp5
CellChat,ligand_receptor,Wnt16,Fzd3;Lrp5
CellChat,ligand_receptor,Wnt16,Fzd4;Lrp5
CellChat,ligand_receptor,Wnt16,Fzd5;Lrp5
CellChat,ligand_receptor,Wnt16,Fzd6;Lrp5
CellChat,ligand_receptor,Wnt16,Fzd7;Lrp5
CellChat,ligand_receptor,Wnt16,Fzd8;Lrp5
CellChat,ligand_receptor,Wnt16,Fzd9;Lrp5
CellChat,ligand_receptor,Wnt2,Fzd1;Lrp5
CellChat,ligand_receptor,Wnt2,Fzd10;Lrp5
CellChat,ligand_receptor,Wnt2,Fzd2;Lrp5
CellChat,ligand_receptor,Wnt2,Fzd3;Lrp5
CellChat,ligand_receptor,Wnt2,Fzd4;Lrp5
CellChat,ligand_receptor,Wnt2,Fzd5;Lrp5
CellChat,ligand_receptor,Wnt2,Fzd6;Lrp5
CellChat,ligand_receptor,Wnt2,Fzd7;Lrp5
CellChat,ligand_receptor,Wnt2,Fzd8;Lrp5
CellChat,ligand_receptor,Wnt2,Fzd9;Lrp5
CellChat,ligand_receptor,Wnt2b,Fzd1;Lrp5
CellChat,ligand_receptor,Wnt2b,Fzd10;Lrp5
CellChat,ligand_receptor,Wnt2b,Fzd2;Lrp5
CellChat,ligand_receptor,Wnt2b,Fzd3;Lrp5
CellChat,ligand_receptor,Wnt2b,Fzd4;Lrp5
CellChat,ligand_receptor,Wnt2b,Fzd5;Lrp5
CellChat,ligand_receptor,Wnt2b,Fzd6;Lrp5
CellChat,ligand_receptor,Wnt2b,Fzd7;Lrp5
CellChat,ligand_receptor,Wnt2b,Fzd8;Lrp5
CellChat,ligand_receptor,Wnt2b,Fzd9;Lrp5
CellChat,ligand_receptor,Wnt3,Fzd1;Lrp5
CellChat,ligand_receptor,Wnt3,Fzd10;Lrp5
CellChat,ligand_receptor,Wnt3,Fzd2;Lrp5
CellChat,ligand_receptor,Wnt3,Fzd3;Lrp5
CellChat,ligand_receptor,Wnt3,Fzd4;Lrp5
CellChat,ligand_receptor,Wnt3,Fzd5;Lrp5
CellChat,ligand_receptor,Wnt3,Fzd6;Lrp5
CellChat,ligand_receptor,Wnt3,Fzd7;Lrp5
CellChat,ligand_receptor,Wnt3,Fzd8;Lrp5
CellChat,ligand_receptor,Wnt3,Fzd9;Lrp5
CellChat,ligand_receptor,Wnt3a,Fzd1;Lrp5
CellChat,ligand_receptor,Wnt3a,Fzd10;Lrp5
CellChat,ligand_receptor,Wnt3a,Fzd2;Lrp5
CellChat,ligand_receptor,Wnt3a,Fzd3;Lrp5
CellChat,ligand_receptor,Wnt3a,Fzd4;Lrp5
CellChat,ligand_receptor,Wnt3a,Fzd5;Lrp5
CellChat,ligand_receptor,Wnt3a,Fzd6;Lrp5
CellChat,ligand_receptor,Wnt3a,Fzd7;Lrp5
CellChat,ligand_receptor,Wnt3a,Fzd8;Lrp5
CellChat,ligand_receptor,Wnt3a,Fzd9;Lrp5
CellChat,ligand_receptor,Wnt4,Fzd1;Lrp5
CellChat,ligand_receptor,Wnt4,Fzd10;Lrp5
CellChat,ligand_receptor,Wnt4,Fzd2;Lrp5
CellChat,ligand_receptor,Wnt4,Fzd3;Lrp5
CellChat,ligand_receptor,Wnt4,Fzd4;Lrp5
CellChat,ligand_receptor,Wnt4,Fzd5;Lrp5
CellChat,ligand_receptor,Wnt4,Fzd6;Lrp5
CellChat,ligand_receptor,Wnt4,Fzd7;Lrp5
CellChat,ligand_receptor,Wnt4,Fzd8;Lrp5
CellChat,ligand_receptor,Wnt4,Fzd9;Lrp5
CellChat,ligand_receptor,Wnt6,Fzd1;Lrp5
CellChat,ligand_receptor,Wnt6,Fzd10;Lrp5
CellChat,ligand_receptor,Wnt6,Fzd2;Lrp5
CellChat,ligand_receptor,Wnt6,Fzd3;Lrp5
CellChat,ligand_receptor,Wnt6,Fzd4;Lrp5
CellChat,ligand_receptor,Wnt6,Fzd5;Lrp5
CellChat,ligand_receptor,Wnt6,Fzd6;Lrp5
CellChat,ligand_receptor,Wnt6,Fzd7;Lrp5
CellChat,ligand_receptor,Wnt6,Fzd8;Lrp5
CellChat,ligand_receptor,Wnt6,Fzd9;Lrp5
CellChat,ligand_receptor,Wnt7a,Fzd1;Lrp5
CellChat,ligand_receptor,Wnt7a,Fzd10;Lrp5
CellChat,ligand_receptor,Wnt7a,Fzd2;Lrp5
CellChat,ligand_receptor,Wnt7a,Fzd3;Lrp5
CellChat,ligand_receptor,Wnt7a,Fzd4;Lrp5
CellChat,ligand_receptor,Wnt7a,Fzd5;Lrp5
CellChat,ligand_receptor,Wnt7a,Fzd6;Lrp5
CellChat,ligand_receptor,Wnt7a,Fzd7;Lrp5
CellChat,ligand_receptor,Wnt7a,Fzd8;Lrp5
CellChat,ligand_receptor,Wnt7a,Fzd9;Lrp5
CellChat,ligand_receptor,Wnt7b,Fzd1;Lrp5
CellChat,ligand_receptor,Wnt7b,Fzd10;Lrp5
CellChat,ligand_receptor,Wnt7b,Fzd2;Lrp5
CellChat,ligand_receptor,Wnt7b,Fzd3;Lrp5
CellChat,ligand_receptor,Wnt7b,Fzd4;Lrp5
CellChat,ligand_receptor,Wnt7b,Fzd5;Lrp5
CellChat,ligand_receptor,Wnt7b,Fzd6;Lrp5
CellChat,ligand_receptor,Wnt7b,Fzd7;Lrp5
CellChat,ligand_receptor,Wnt7b,Fzd8;Lrp5
CellChat,ligand_receptor,Wnt7b,Fzd9;Lrp5
CellChat,ligand_receptor,Wnt8a,Fzd1;Lrp5
CellChat,ligand_receptor,Wnt8a,Fzd10;Lrp5
CellChat,ligand_receptor,Wnt8a,Fzd2;Lrp5
CellChat,ligand_receptor,Wnt8a,Fzd3;Lrp5
CellChat,ligand_receptor,Wnt8a,Fzd4;Lrp5
CellChat,ligand_receptor,Wnt8a,Fzd5;Lrp5
CellChat,ligand_receptor,Wnt8a,Fzd6;Lrp5
CellChat,ligand_receptor,Wnt8a,Fzd7;Lrp5
CellChat,ligand_receptor,Wnt8a,Fzd8;Lrp5
CellChat,ligand_receptor,Wnt8a,Fzd9;Lrp5
CellChat,ligand_receptor,Wnt8b,Fzd1;Lrp5
CellChat,ligand_receptor,Wnt8b,Fzd10;Lrp5
CellChat,ligand_receptor,Wnt8b,Fzd2;Lrp5
CellChat,ligand_receptor,Wnt8b,Fzd3;Lrp5
CellChat,ligand_receptor,Wnt8b,Fzd4;Lrp5
CellChat,ligand_receptor,Wnt8b,Fzd5;Lrp5
CellChat,ligand_receptor,Wnt8b,Fzd6;Lrp5
CellChat,ligand_receptor,Wnt8b,Fzd7;Lrp5
CellChat,ligand_receptor,Wnt8b,Fzd8;Lrp5
CellChat,ligand_receptor,Wnt8b,Fzd9;Lrp5
CellChat,ligand_receptor,Wnt9a,Fzd1;Lrp5
CellChat,ligand_receptor,Wnt9a,Fzd10;Lrp5
CellChat,ligand_receptor,Wnt9a,Fzd2;Lrp5
CellChat,ligand_receptor,Wnt9a,Fzd3;Lrp5
CellChat,ligand_receptor,Wnt9a,Fzd4;Lrp5
CellChat,ligand_receptor,Wnt9a,Fzd5;Lrp5
CellChat,ligand_receptor,Wnt9a,Fzd6;Lrp5
CellChat,ligand_receptor,Wnt9a,Fzd7;Lrp5
CellChat,ligand_receptor,Wnt9a,Fzd8;Lrp5
CellChat,ligand_receptor,Wnt9a,Fzd9;Lrp5
CellChat,ligand_receptor,Wnt9b,Fzd1;Lrp5
CellChat,ligand_receptor,Wnt9b,Fzd10;Lrp5
CellChat,ligand_receptor,Wnt9b,Fzd2;Lrp5
CellChat,ligand_receptor,Wnt9b,Fzd3;Lrp5
CellChat,ligand_receptor,Wnt9b,Fzd4;Lrp5
CellChat,ligand_receptor,Wnt9b,Fzd5;Lrp5
CellChat,ligand_receptor,Wnt9b,Fzd6;Lrp5
CellChat,ligand_receptor,Wnt9b,Fzd7;Lrp5
CellChat,ligand_receptor,Wnt9b,Fzd8;Lrp5
CellChat,ligand_receptor,Wnt9b,Fzd9;Lrp5
CellChat,ligand_receptor,Wnt1,Fzd1;Lrp6
CellChat,ligand_receptor,Wnt1,Fzd10;Lrp6
CellChat,ligand_receptor,Wnt1,Fzd2;Lrp6
CellChat,ligand_receptor,Wnt1,Fzd3;Lrp6
CellChat,ligand_receptor,Wnt1,Fzd4;Lrp6
CellChat,ligand_receptor,Wnt1,Fzd5;Lrp6
CellChat,ligand_receptor,Wnt1,Fzd6;Lrp6
CellChat,ligand_receptor,Wnt1,Fzd7;Lrp6
CellChat,ligand_receptor,Wnt1,Fzd8;Lrp6
CellChat,ligand_receptor,Wnt1,Fzd9;Lrp6
CellChat,ligand_receptor,Wnt10a,Fzd1;Lrp6
CellChat,ligand_receptor,Wnt10a,Fzd10;Lrp6
CellChat,ligand_receptor,Wnt10a,Fzd2;Lrp6
CellChat,ligand_receptor,Wnt10a,Fzd3;Lrp6
CellChat,ligand_receptor,Wnt10a,Fzd4;Lrp6
CellChat,ligand_receptor,Wnt10a,Fzd5;Lrp6
CellChat,ligand_receptor,Wnt10a,Fzd6;Lrp6
CellChat,ligand_receptor,Wnt10a,Fzd7;Lrp6
CellChat,ligand_receptor,Wnt10a,Fzd8;Lrp6
CellChat,ligand_receptor,Wnt10a,Fzd9;Lrp6
CellChat,ligand_receptor,Wnt10b,Fzd1;Lrp6
CellChat,ligand_receptor,Wnt10b,Fzd10;Lrp6
CellChat,ligand_receptor,Wnt10b,Fzd2;Lrp6
CellChat,ligand_receptor,Wnt10b,Fzd3;Lrp6
CellChat,ligand_receptor,Wnt10b,Fzd4;Lrp6
CellChat,ligand_receptor,Wnt10b,Fzd5;Lrp6
CellChat,ligand_receptor,Wnt10b,Fzd6;Lrp6
CellChat,ligand_receptor,Wnt10b,Fzd7;Lrp6
CellChat,ligand_receptor,Wnt10b,Fzd8;Lrp6
CellChat,ligand_receptor,Wnt10b,Fzd9;Lrp6
CellChat,ligand_receptor,Wnt16,Fzd1;Lrp6
CellChat,ligand_receptor,Wnt16,Fzd10;Lrp6
CellChat,ligand_receptor,Wnt16,Fzd2;Lrp6
CellChat,ligand_receptor,Wnt16,Fzd3;Lrp6
CellChat,ligand_receptor,Wnt16,Fzd4;Lrp6
CellChat,ligand_receptor,Wnt16,Fzd5;Lrp6
CellChat,ligand_receptor,Wnt16,Fzd6;Lrp6
CellChat,ligand_receptor,Wnt16,Fzd7;Lrp6
CellChat,ligand_receptor,Wnt16,Fzd8;Lrp6
CellChat,ligand_receptor,Wnt16,Fzd9;Lrp6
CellChat,ligand_receptor,Wnt2,Fzd1;Lrp6
CellChat,ligand_receptor,Wnt2,Fzd10;Lrp6
CellChat,ligand_receptor,Wnt2,Fzd2;Lrp6
CellChat,ligand_receptor,Wnt2,Fzd3;Lrp6
CellChat,ligand_receptor,Wnt2,Fzd4;Lrp6
CellChat,ligand_receptor,Wnt2,Fzd5;Lrp6
CellChat,ligand_receptor,Wnt2,Fzd6;Lrp6
CellChat,ligand_receptor,Wnt2,Fzd7;Lrp6
CellChat,ligand_receptor,Wnt2,Fzd8;Lrp6
CellChat,ligand_receptor,Wnt2,Fzd9;Lrp6
CellChat,ligand_receptor,Wnt2b,Fzd1;Lrp6
CellChat,ligand_receptor,Wnt2b,Fzd10;Lrp6
CellChat,ligand_receptor,Wnt2b,Fzd2;Lrp6
CellChat,ligand_receptor,Wnt2b,Fzd3;Lrp6
CellChat,ligand_receptor,Wnt2b,Fzd4;Lrp6
CellChat,ligand_receptor,Wnt2b,Fzd5;Lrp6
CellChat,ligand_receptor,Wnt2b,Fzd6;Lrp6
CellChat,ligand_receptor,Wnt2b,Fzd7;Lrp6
CellChat,ligand_receptor,Wnt2b,Fzd8;Lrp6
CellChat,ligand_receptor,Wnt2b,Fzd9;Lrp6
CellChat,ligand_receptor,Wnt3,Fzd1;Lrp6
CellChat,ligand_receptor,Wnt3,Fzd10;Lrp6
CellChat,ligand_receptor,Wnt3,Fzd2;Lrp6
CellChat,ligand_receptor,Wnt3,Fzd3;Lrp6
CellChat,ligand_receptor,Wnt3,Fzd4;Lrp6
CellChat,ligand_receptor,Wnt3,Fzd5;Lrp6
CellChat,ligand_receptor,Wnt3,Fzd6;Lrp6
CellChat,ligand_receptor,Wnt3,Fzd7;Lrp6
CellChat,ligand_receptor,Wnt3,Fzd8;Lrp6
CellChat,ligand_receptor,Wnt3,Fzd9;Lrp6
CellChat,ligand_receptor,Wnt3a,Fzd1;Lrp6
CellChat,ligand_receptor,Wnt3a,Fzd10;Lrp6
CellChat,ligand_receptor,Wnt3a,Fzd2;Lrp6
CellChat,ligand_receptor,Wnt3a,Fzd3;Lrp6
CellChat,ligand_receptor,Wnt3a,Fzd4;Lrp6
CellChat,ligand_receptor,Wnt3a,Fzd5;Lrp6
CellChat,ligand_receptor,Wnt3a,Fzd6;Lrp6
CellChat,ligand_receptor,Wnt3a,Fzd7;Lrp6
CellChat,ligand_receptor,Wnt3a,Fzd8;Lrp6
CellChat,ligand_receptor,Wnt3a,Fzd9;Lrp6
CellChat,ligand_receptor,Wnt4,Fzd1;Lrp6
CellChat,ligand_receptor,Wnt4,Fzd10;Lrp6
CellChat,ligand_receptor,Wnt4,Fzd2;Lrp6
CellChat,ligand_receptor,Wnt4,Fzd3;Lrp6
CellChat,ligand_receptor,Wnt4,Fzd4;Lrp6
CellChat,ligand_receptor,Wnt4,Fzd5;Lrp6
CellChat,ligand_receptor,Wnt4,Fzd6;Lrp6
CellChat,ligand_receptor,Wnt4,Fzd7;Lrp6
CellChat,ligand_receptor,Wnt4,Fzd8;Lrp6
CellChat,ligand_receptor,Wnt4,Fzd9;Lrp6
CellChat,ligand_receptor,Wnt6,Fzd1;Lrp6
CellChat,ligand_receptor,Wnt6,Fzd10;Lrp6
CellChat,ligand_receptor,Wnt6,Fzd2;Lrp6
CellChat,ligand_receptor,Wnt6,Fzd3;Lrp6
CellChat,ligand_receptor,Wnt6,Fzd4;Lrp6
CellChat,ligand_receptor,Wnt6,Fzd5;Lrp6
CellChat,ligand_receptor,Wnt6,Fzd6;Lrp6
CellChat,ligand_receptor,Wnt6,Fzd7;Lrp6
CellChat,ligand_receptor,Wnt6,Fzd8;Lrp6
CellChat,ligand_receptor,Wnt6,Fzd9;Lrp6
CellChat,ligand_receptor,Wnt7a,Fzd1;Lrp6
CellChat,ligand_receptor,Wnt7a,Fzd10;Lrp6
CellChat,ligand_receptor,Wnt7a,Fzd2;Lrp6
CellChat,ligand_receptor,Wnt7a,Fzd3;Lrp6
CellChat,ligand_receptor,Wnt7a,Fzd4;Lrp6
CellChat,ligand_receptor,Wnt7a,Fzd5;Lrp6
CellChat,ligand_receptor,Wnt7a,Fzd6;Lrp6
CellChat,ligand_receptor,Wnt7a,Fzd7;Lrp6
CellChat,ligand_receptor,Wnt7a,Fzd8;Lrp6
CellChat,ligand_receptor,Wnt7a,Fzd9;Lrp6
CellChat,ligand_receptor,Wnt7b,Fzd1;Lrp6
CellChat,ligand_receptor,Wnt7b,Fzd10;Lrp6
CellChat,ligand_receptor,Wnt7b,Fzd2;Lrp6
CellChat,ligand_receptor,Wnt7b,Fzd3;Lrp6
CellChat,ligand_receptor,Wnt7b,Fzd4;Lrp6
CellChat,ligand_receptor,Wnt7b,Fzd5;Lrp6
CellChat,ligand_receptor,Wnt7b,Fzd6;Lrp6
CellChat,ligand_receptor,Wnt7b,Fzd7;Lrp6
CellChat,ligand_receptor,Wnt7b,Fzd8;Lrp6
CellChat,ligand_receptor,Wnt7b,Fzd9;Lrp6
CellChat,ligand_receptor,Wnt8a,Fzd1;Lrp6
CellChat,ligand_receptor,Wnt8a,Fzd10;Lrp6
CellChat,ligand_receptor,Wnt8a,Fzd2;Lrp6
CellChat,ligand_receptor,Wnt8a,Fzd3;Lrp6
CellChat,ligand_receptor,Wnt8a,Fzd4;Lrp6
CellChat,ligand_receptor,Wnt8a,Fzd5;Lrp6
CellChat,ligand_receptor,Wnt8a,Fzd6;Lrp6
CellChat,ligand_receptor,Wnt8a,Fzd7;Lrp6
CellChat,ligand_receptor,Wnt8a,Fzd8;Lrp6
CellChat,ligand_receptor,Wnt8a,Fzd9;Lrp6
CellChat,ligand_receptor,Wnt8b,Fzd1;Lrp6
CellChat,ligand_receptor,Wnt8b,Fzd10;Lrp6
CellChat,ligand_receptor,Wnt8b,Fzd2;Lrp6
CellChat,ligand_receptor,Wnt8b,Fzd3;Lrp6
CellChat,ligand_receptor,Wnt8b,Fzd4;Lrp6
CellChat,ligand_receptor,Wnt8b,Fzd5;Lrp6
CellChat,ligand_receptor,Wnt8b,Fzd6;Lrp6
CellChat,ligand_receptor,Wnt8b,Fzd7;Lrp6
CellChat,ligand_receptor,Wnt8b,Fzd8;Lrp6
CellChat,ligand_receptor,Wnt8b,Fzd9;Lrp6
CellChat,ligand_receptor,Wnt9a,Fzd1;Lrp6
CellChat,ligand_receptor,Wnt9a,Fzd10;Lrp6
CellChat,ligand_receptor,Wnt9a,Fzd2;Lrp6
CellChat,ligand_receptor,Wnt9a,Fzd3;Lrp6
CellChat,ligand_receptor,Wnt9a,Fzd4;Lrp6
CellChat,ligand_receptor,Wnt9a,Fzd5;Lrp6
CellChat,ligand_receptor,Wnt9a,Fzd6;Lrp6
CellChat,ligand_receptor,Wnt9a,Fzd7;Lrp6
CellChat,ligand_receptor,Wnt9a,Fzd8;Lrp6
CellChat,ligand_receptor,Wnt9a,Fzd9;Lrp6
CellChat,ligand_receptor,Wnt9b,Fzd1;Lrp6
CellChat,ligand_receptor,Wnt9b,Fzd10;Lrp6
CellChat,ligand_receptor,Wnt9b,Fzd2;Lrp6
CellChat,ligand_receptor,Wnt9b,Fzd3;Lrp6
CellChat,ligand_receptor,Wnt9b,Fzd4;Lrp6
CellChat,ligand_receptor,Wnt9b,Fzd5;Lrp6
CellChat,ligand_receptor,Wnt9b,Fzd6;Lrp6
CellChat,ligand_receptor,Wnt9b,Fzd7;Lrp6
CellChat,ligand_receptor,Wnt9b,Fzd8;Lrp6
CellChat,ligand_receptor,Wnt9b,Fzd9;Lrp6
CellChat,ligand_receptor,Wnt5a,Fzd1
CellChat,ligand_receptor,Wnt5a,Fzd10
CellChat,ligand_receptor,Wnt5a,Fzd2
CellChat,ligand_receptor,Wnt5a,Fzd3
CellChat,ligand_receptor,Wnt5a,Fzd4
CellChat,ligand_receptor,Wnt5a,Fzd5
CellChat,ligand_receptor,Wnt5a,Fzd6
CellChat,ligand_receptor,Wnt5a,Fzd7
CellChat,ligand_receptor,Wnt5a,Fzd8
CellChat,ligand_receptor,Wnt5a,Fzd9
CellChat,ligand_receptor,Wnt5a,Mcam
CellChat,ligand_receptor,Wnt5b,Fzd1
CellChat,ligand_receptor,Wnt5b,Fzd10
CellChat,ligand_receptor,Wnt5b,Fzd2
CellChat,ligand_receptor,Wnt5b,Fzd3
CellChat,ligand_receptor,Wnt5b,Fzd4
CellChat,ligand_receptor,Wnt5b,Fzd5
CellChat,ligand_receptor,Wnt5b,Fzd6
CellChat,ligand_receptor,Wnt5b,Fzd7
CellChat,ligand_receptor,Wnt5b,Fzd8
CellChat,ligand_receptor,Wnt5b,Fzd9
CellChat,ligand_receptor,Wnt11,Fzd1
CellChat,ligand_receptor,Wnt11,Fzd10
CellChat,ligand_receptor,Wnt11,Fzd2
CellChat,ligand_receptor,Wnt11,Fzd3
CellChat,ligand_receptor,Wnt11,Fzd4
CellChat,ligand_receptor,Wnt11,Fzd5
CellChat,ligand_receptor,Wnt11,Fzd6
CellChat,ligand_receptor,Wnt11,Fzd7
CellChat,ligand_receptor,Wnt11,Fzd8
CellChat,ligand_receptor,Wnt11,Fzd9
CellChat,ligand_receptor,Egf,Egfr
CellChat,ligand_receptor,Egf,Egfr;Erbb2
CellChat,ligand_receptor,Tgfa,Egfr
CellChat,ligand_receptor,Tgfa,Egfr;Erbb2
CellChat,ligand_receptor,Areg,Egfr
CellChat,ligand_receptor,Areg,Egfr;Erbb2
CellChat,ligand_receptor,Btc,Egfr
CellChat,ligand_receptor,Btc,Egfr;Erbb2
CellChat,ligand_receptor,Btc,Erbb4
CellChat,ligand_receptor,Btc,Erbb2;Erbb4
CellChat,ligand_receptor,Hbegf,Egfr
CellChat,ligand_receptor,Hbegf,Egfr;Erbb2
CellChat,ligand_receptor,Hbegf,Erbb4
CellChat,ligand_receptor,Hbegf,Erbb2;Erbb4
CellChat,ligand_receptor,Ereg,Egfr
CellChat,ligand_receptor,Ereg,Egfr;Erbb2
CellChat,ligand_receptor,Ereg,Erbb4
CellChat,ligand_receptor,Ereg,Erbb2;Erbb4
CellChat,ligand_receptor,Nrg1,Erbb3
CellChat,ligand_receptor,Nrg1,Erbb2;Erbb3
CellChat,ligand_receptor,Nrg1,Erbb4
CellChat,ligand_receptor,Nrg1,Erbb2;Erbb4
CellChat,ligand_receptor,Nrg2,Erbb3
CellChat,ligand_receptor,Nrg2,Erbb2;Erbb3
CellChat,ligand_receptor,Nrg2,Erbb4
CellChat,ligand_receptor,Nrg2,Erbb2;Erbb4
CellChat,ligand_receptor,Nrg3,Erbb4
CellChat,ligand_receptor,Nrg3,Erbb2;Erbb4
CellChat,ligand_receptor,Nrg4,Erbb4
CellChat,ligand_receptor,Nrg4,Erbb2;Erbb4
CellChat,ligand_receptor,Nrg1,Itgav;Itgb3
CellChat,ligand_receptor,Fgf1,Fgfr1
CellChat,ligand_receptor,Fgf1,Fgfr2
CellChat,ligand_receptor,Fgf1,Fgfr3
CellChat,ligand_receptor,Fgf1,Fgfr4
CellChat,ligand_receptor,Fgf2,Fgfr1
CellChat,ligand_receptor,Fgf2,Fgfr2
CellChat,ligand_receptor,Fgf2,Fgfr3
CellChat,ligand_receptor,Fgf2,Fgfr4
CellChat,ligand_receptor,Fgf4,Fgfr1
CellChat,ligand_receptor,Fgf4,Fgfr2
CellChat,ligand_receptor,Fgf4,Fgfr3
CellChat,ligand_receptor,Fgf4,Fgfr4
CellChat,ligand_receptor,Fgf5,Fgfr1
CellChat,ligand_receptor,Fgf5,Fgfr2
CellChat,ligand_receptor,Fgf5,Fgfr3
CellChat,ligand_receptor,Fgf5,Fgfr4
CellChat,ligand_receptor,Fgf6,Fgfr1
CellChat,ligand_receptor,Fgf6,Fgfr2
CellChat,ligand_receptor,Fgf6,Fgfr3
CellChat,ligand_receptor,Fgf6,Fgfr4
CellChat,ligand_receptor,Fgf7,Fgfr1
CellChat,ligand_receptor,Fgf7,Fgfr2
CellChat,ligand_receptor,Fgf3,Fgfr1
CellChat,ligand_receptor,Fgf3,Fgfr2
CellChat,ligand_receptor,Fgf10,Fgfr1
CellChat,ligand_receptor,Fgf10,Fgfr2
CellChat,ligand_receptor,Fgf22,Fgfr2
CellChat,ligand_receptor,Fgf8,Fgfr1
CellChat,ligand_receptor,Fgf8,Fgfr2
CellChat,ligand_receptor,Fgf8,Fgfr3
CellChat,ligand_receptor,Fgf8,Fgfr4
CellChat,ligand_receptor,Fgf17,Fgfr1
CellChat,ligand_receptor,Fgf17,Fgfr2
CellChat,ligand_receptor,Fgf17,Fgfr3
CellChat,ligand_receptor,Fgf17,Fgfr4
CellChat,ligand_receptor,Fgf18,Fgfr1
CellChat,ligand_receptor,Fgf18,Fgfr2
CellChat,ligand_receptor,Fgf18,Fgfr3
CellChat,ligand_receptor,Fgf18,Fgfr4
CellChat,ligand_receptor,Fgf9,Fgfr1
CellChat,ligand_receptor,Fgf9,Fgfr2
CellChat,ligand_receptor,Fgf9,Fgfr3
CellChat,ligand_receptor,Fgf9,Fgfr4
CellChat,ligand_receptor,Fgf20,Fgfr1
CellChat,ligand_receptor,Fgf20,Fgfr2
CellChat,ligand_receptor,Fgf20,Fgfr3
CellChat,ligand_receptor,Fgf20,Fgfr4
CellChat,ligand_receptor,Fgf16,Fgfr1
CellChat,ligand_receptor,Fgf16,Fgfr2
CellChat,ligand_receptor,Fgf16,Fgfr3
CellChat,ligand_receptor,Fgf16,Fgfr4
CellChat,ligand_receptor,Fgf15,Fgfr1
CellChat,ligand_receptor,Fgf15,Fgfr2
CellChat,ligand_receptor,Fgf15,Fgfr3
CellChat,ligand_receptor,Fgf15,Fgfr4
CellChat,ligand_receptor,Fgf21,Fgfr1
CellChat,ligand_receptor,Fgf21,Fgfr3
CellChat,ligand_receptor,Fgf23,Fgfr1
CellChat,ligand_receptor,Fgf23,Fgfr3
CellChat,ligand_receptor,Fgf23,Fgfr4
CellChat,ligand_receptor,Pdgfa,Pdgfra
CellChat,ligand_receptor,Pdgfa,Pdgfrb
CellChat,ligand_receptor,Pdgfb,Pdgfra
CellChat,ligand_receptor,Pdgfb,Pdgfrb
CellChat,ligand_receptor,Pdgfc,Pdgfra
CellChat,ligand_receptor,Pdgfd,Pdgfrb
CellChat,ligand_receptor,Vegfa,Flt1
CellChat,ligand_receptor,Vegfa,Kdr
CellChat,ligand_receptor,Vegfb,Flt1
CellChat,ligand_receptor,Vegfc,Flt4
CellChat,ligand_receptor,Vegfc,Kdr
CellChat,ligand_receptor,Vegfd,Flt4
CellChat,ligand_receptor,Vegfd,Kdr
CellChat,ligand_receptor,Pgf,Flt1
CellChat,ligand_receptor,Vegfa,Flt1;Kdr
CellChat,ligand_receptor,Vegfc,Flt4;Kdr
CellChat,ligand_receptor,Vegfd,Flt4;Kdr
CellChat,ligand_receptor,Igf1,Igf1r
CellChat,ligand_receptor,Igf2,Igf1r
CellChat,ligand_receptor,Igf2,Igf2r
CellChat,ligand_receptor,Igf1,Itgav;Itgb3
CellChat,ligand_receptor,Igf1,Itga6;Itgb4
CellChat,ligand_receptor,Igf2,Itgav;Itgb3
CellChat,ligand_receptor,Igf2,Itga6;Itgb4
CellChat,ligand_receptor,Igfl3,Igflr1
CellChat,ligand_receptor,Ins1,Insr
CellChat,ligand_receptor,Ins2,Insr
CellChat,ligand_receptor,Apln,Aplnr
CellChat,ligand_receptor,Dhh,Ptch1;Smo
CellChat,ligand_receptor,Ihh,Ptch1;Smo
CellChat,ligand_receptor,Shh,Ptch1;Smo
CellChat,ligand_receptor,Dhh,Ptch2;Smo
CellChat,ligand_receptor,Ihh,Ptch2;Smo
CellChat,ligand_receptor,Shh,Ptch2;Smo
CellChat,ligand_receptor,Ccl5,Ccr1
CellChat,ligand_receptor,Ccl3,Ccr1
CellChat,ligand_receptor,Ccl8,Ccr1
CellChat,ligand_receptor,Ccl9,Ccr1
CellChat,ligand_receptor,Ccl6,Ccr1
CellChat,ligand_receptor,Ccl7,Ccr1
CellChat,ligand_receptor,Ccl5,Ccr1l1
CellChat,ligand_receptor,Ccl3,Ccr1l1
CellChat,ligand_receptor,Ccl8,Ccr1l1
CellChat,ligand_receptor,Ccl9,Ccr1l1
CellChat,ligand_receptor,Ccl6,Ccr1l1
CellChat,ligand_receptor,Ccl7,Ccr1l1
CellChat,ligand_receptor,Ccl8,Ccr2
CellChat,ligand_receptor,Ccl6,Ccr2
CellChat,ligand_receptor,Ccl7,Ccr2
CellChat,ligand_receptor,Ccl2,Ccr2
CellChat,ligand_receptor,Ccl12,Ccr2
CellChat,ligand_receptor,Ccl27a,Ccr2
CellChat,ligand_receptor,Ccl27b,Ccr2
CellChat,ligand_receptor,Ccl5,Ccr3
CellChat,ligand_receptor,Ccl6,Ccr3
CellChat,ligand_receptor,Ccl7,Ccr3
CellChat,ligand_receptor,Ccl11,Ccr3
CellChat,ligand_receptor,Ccl24,Ccr3
CellChat,ligand_receptor,Ccl26,Ccr3
CellChat,ligand_receptor,Ccl28,Ccr3
CellChat,ligand_receptor,Ccl27a,Ccr3
CellChat,ligand_receptor,Ccl27b,Ccr3
CellChat,ligand_receptor,Ccl17,Ccr4
CellChat,ligand_receptor,Ccl22,Ccr4
CellChat,ligand_receptor,Ccl5,Ccr4
CellChat,ligand_receptor,Ccl4,Ccr5
CellChat,ligand_receptor,Ccl5,Ccr5
CellChat,ligand_receptor,Ccl3,Ccr5
CellChat,ligand_receptor,Ccl8,Ccr5
CellChat,ligand_receptor,Ccl20,Ccr6
CellChat,ligand_receptor,Ccl19,Ccr7
CellChat,ligand_receptor,Ccl21,Ccr7
CellChat,ligand_receptor,Ccl21a,Ccr7
CellChat,ligand_receptor,Ccl21b,Ccr7
CellChat,ligand_receptor,Ccl21d,Ccr7
CellChat,ligand_receptor,Ccl21f,Ccr7
CellChat,ligand_receptor,Ccl21e,Ccr7
CellChat,ligand_receptor,Ccl19,Ackr4
CellChat,ligand_receptor,Ccl21,Ackr4
CellChat,ligand_receptor,Ccl21a,Ackr4
CellChat,ligand_receptor,Ccl21b,Ackr4
CellChat,ligand_receptor,Ccl21d,Ackr4
CellChat,ligand_receptor,Ccl21f,Ackr4
CellChat,ligand_receptor,Ccl21e,Ackr4
CellChat,ligand_receptor,Ccl1,Ccr8
CellChat,ligand_receptor,Ccl25,Ccr9
CellChat,ligand_receptor,Ccl25,Ackr4
CellChat,ligand_receptor,Ccl28,Ccr10
CellChat,ligand_receptor,Ccl27a,Ccr10
CellChat,ligand_receptor,Ccl27b,Ccr10
CellChat,ligand_receptor,Ccl1,Ackr4
CellChat,ligand_receptor,Ccl8,Ackr4
CellChat,ligand_receptor,Ccl1,Ackr1
CellChat,ligand_receptor,Ccl2,Ackr1
CellChat,ligand_receptor,Ccl2,Ackr2
CellChat,ligand_receptor,Ccl3,Ackr2
CellChat,ligand_receptor,Ccl4,Ackr2
CellChat,ligand_receptor,Ccl5,Ackr1
CellChat,ligand_receptor,Ccl5,Ackr2
CellChat,ligand_receptor,Ccl7,Ackr1
CellChat,ligand_receptor,Ccl8,Ackr1
CellChat,ligand_receptor,Ccl11,Ackr1
CellChat,ligand_receptor,Ccl11,Ackr2
CellChat,ligand_receptor,Ccl22,Ackr2
CellChat,ligand_receptor,Ccl24,Ackr2
CellChat,ligand_receptor,Ccl26,Ackr2
CellChat,ligand_receptor,Ccl17,Ackr1
CellChat,ligand_receptor,Ccl17,Ackr2
CellChat,ligand_receptor,Cxcl1,Cxcr1
CellChat,ligand_receptor,Cxcl5,Cxcr1
CellChat,ligand_receptor,Cxcl2,Cxcr1
CellChat,ligand_receptor,Cxcl3,Cxcr1
CellChat,ligand_receptor,Cxcl1,Cxcr2
CellChat,ligand_receptor,Cxcl5,Cxcr2
CellChat,ligand_receptor,Cxcl2,Cxcr2
CellChat,ligand_receptor,Cxcl3,Cxcr2
CellChat,ligand_receptor,Ppbp,Cxcr2
CellChat,ligand_receptor,Pf4,Cxcr3
CellChat,ligand_receptor,Cxcl9,Cxcr3
CellChat,ligand_receptor,Cxcl10,Cxcr3
CellChat,ligand_receptor,Cxcl11,Cxcr3
CellChat,ligand_receptor,Cxcl13,Cxcr3
CellChat,ligand_receptor,Cxcl12,Cxcr4
CellChat,ligand_receptor,Cxcl12,Ackr3
CellChat,ligand_receptor,Cxcl13,Cxcr5
CellChat,ligand_receptor,Cxcl16,Cxcr6
CellChat,ligand_receptor,Cxcl1,Ackr1
CellChat,ligand_receptor,Cxcl2,Ackr1
CellChat,ligand_receptor,Cxcl3,Ackr1
CellChat,ligand_receptor,Cxcl5,Ackr1
CellChat,ligand_receptor,Cxcl9,Ackr1
CellChat,ligand_receptor,Cxcl10,Ackr1
CellChat,ligand_receptor,Cxcl11,Ackr1
CellChat,ligand_receptor,Cxcl11,Ackr3
CellChat,ligand_receptor,Cxcl13,Ackr1
CellChat,ligand_receptor,Mif,Cd74;Cxcr4
CellChat,ligand_receptor,Mif,Cd74;Cd44
CellChat,ligand_receptor,Mif,Cd74;Cxcr2
CellChat,ligand_receptor,Mif,Ackr3
CellChat,ligand_receptor,Cx3cl1,Cx3cr1
CellChat,ligand_receptor,Xcl1,Xcr1
CellChat,ligand_receptor,Il2,Il2ra;Il2rb
CellChat,ligand_receptor,Il2,Il2rb;Il2rg
CellChat,ligand_receptor,Il4,Il4r;Il2rg
CellChat,ligand_receptor,Il7,Il7r;Il2rg
CellChat,ligand_receptor,Il9,Il9r;Il2rg
CellChat,ligand_receptor,Il15,Il15ra;Il2rb
CellChat,ligand_receptor,Il21,Il21r;Il2rg
CellChat,ligand_receptor,Tslp,Il7r;Crlf2
CellChat,ligand_receptor,Il3,Il3ra;Csf2rb
CellChat,ligand_receptor,Il5,Il5ra;Csf2rb
CellChat,ligand_receptor,Csf2,Csf2ra;Csf2rb
CellChat,ligand_receptor,Il4,Il4ra
CellChat,ligand_receptor,Il4,Il4r;Il13ra1
CellChat,ligand_receptor,Il4,Il4r;Il13ra2
CellChat,ligand_receptor,Il13,Il4r;Il13ra1
CellChat,ligand_receptor,Il13,Il4r;Il13ra2
CellChat,ligand_receptor,Il13,Il13ra1
CellChat,ligand_receptor,Il13,Il13ra2
CellChat,ligand_receptor,Il6,Il6r;Il6st
CellChat,ligand_receptor,Il11,Il11r complex 1
CellChat,ligand_receptor,Il11,Il11r complex 2
CellChat,ligand_receptor,Il12ab,Il12rb1;Il12rb2
CellChat,ligand_receptor,Il23 complex,Il23r;Il12rb1
CellChat,ligand_receptor,Il27 complex,Il27ra;Il6st
CellChat,ligand_receptor,Il31,Il31ra;Osmr
CellChat,ligand_receptor,Cntf,Cntfr;Lifr
CellChat,ligand_receptor,Clcf1,Cntfr;Lifr
CellChat,ligand_receptor,Ctf1,Lifr;Il6st
CellChat,ligand_receptor,Lif,Lifr;Il6st
CellChat,ligand_receptor,Osm,Lifr;Il6st
CellChat,ligand_receptor,Osm,Osmr;Il6st
CellChat,ligand_receptor,Il10,Il10ra;Il10rb
CellChat,ligand_receptor,Il19,Il20ra;Il20rb
CellChat,ligand_receptor,Il20,Il20ra;Il20rb
CellChat,ligand_receptor,Il24,Il20ra;Il20rb
CellChat,ligand_receptor,Il20,Il22ra1;Il20rb
CellChat,ligand_receptor,Il24,Il22ra1;Il20rb
CellChat,ligand_receptor,Il22,Il22ra1;Il10rb
CellChat,ligand_receptor,Il1a,Il1r1;Il1rap
CellChat,ligand_receptor,Il1b,Il1r1;Il1rap
CellChat,ligand_receptor,Il36a,Il1rl2;Il1rap
CellChat,ligand_receptor,Il36b,Il1rl2;Il1rap
CellChat,ligand_receptor,Il36g,Il1rl2;Il1rap
CellChat,ligand_receptor,Il1f10,Il1rl2;Il1rap
CellChat,ligand_receptor,Il18,Il18r1;Il18rap
CellChat,ligand_receptor,Il33,Il1rl1;Il1rap
CellChat,ligand_receptor,Il17a,Il17ra;Il17rc
CellChat,ligand_receptor,Il17f,Il17ra;Il17rc
CellChat,ligand_receptor,Il17af,Il17ra;Il17rc
CellChat,ligand_receptor,Il17b,Il17rb
CellChat,ligand_receptor,Il17c,Il17ra;Il17re
CellChat,ligand_receptor,Il25,Il17ra;Il17rb
CellChat,ligand_receptor,Il34,Csf1r
CellChat,ligand_receptor,Csf1,Csf1r
CellChat,ligand_receptor,Il16,Cd4
CellChat,ligand_receptor,Epo,Epor
CellChat,ligand_receptor,Gh,Ghr
CellChat,ligand_receptor,Prl,Prlr
CellChat,ligand_receptor,Thpo,Mpl
CellChat,ligand_receptor,Csf3,Csf3r
CellChat,ligand_receptor,Ifnb1,Ifnar1;Ifnar2
CellChat,ligand_receptor,Ifnk,Ifnar1;Ifnar2
CellChat,ligand_receptor,Ifne,Ifnar1;Ifnar2
CellChat,ligand_receptor,Ifna11,Ifnar1;Ifnar2
CellChat,ligand_receptor,Ifna1,Ifnar1;Ifnar2
CellChat,ligand_receptor,Ifna2,Ifnar1;Ifnar2
CellChat,ligand_receptor,Ifna4,Ifnar1;Ifnar2
CellChat,ligand_receptor,Ifna5,Ifnar1;Ifnar2
CellChat,ligand_receptor,Ifna6,Ifnar1;Ifnar2
CellChat,ligand_receptor,Ifna7,Ifnar1;Ifnar2
CellChat,ligand_receptor,Ifna9,Ifnar1;Ifnar2
CellChat,ligand_receptor,Ifnab,Ifnar1;Ifnar2
CellChat,ligand_receptor,Ifna12,Ifnar1;Ifnar2
CellChat,ligand_receptor,Ifna13,Ifnar1;Ifnar2
CellChat,ligand_receptor,Ifna14,Ifnar1;Ifnar2
CellChat,ligand_receptor,Ifna15,Ifnar1;Ifnar2
CellChat,ligand_receptor,Ifng,Ifngr1;Ifngr2
CellChat,ligand_receptor,Ifnl2,Ifnlr1;Il10rb
CellChat,ligand_receptor,Ifnl3,Ifnlr1;Il10rb
CellChat,ligand_receptor,Tnf,Tnfrsf1a
CellChat,ligand_receptor,Tnf,Tnfrsf1b
CellChat,ligand_receptor,Lta,Tnfrsf1a
CellChat,ligand_receptor,Lta,Tnfrsf1b
CellChat,ligand_receptor,Lta,Tnfrsf14
CellChat,ligand_receptor,Lta1b2,Ltbr
CellChat,ligand_receptor,Tnfsf14,Ltbr
CellChat,ligand_receptor,Tnfsf14,Tnfrsf14
CellChat,ligand_receptor,Fasl,Fas
CellChat,ligand_receptor,Tnfsf15,Tnfrsf25
CellChat,ligand_receptor,Tnfsf10,Tnfrsf10b
CellChat,ligand_receptor,Eda,Edar
CellChat,ligand_receptor,Eda,Eda2r
CellChat,ligand_receptor,Ngf,Ngfr
CellChat,ligand_receptor,Klk1b4,Ngfr
CellChat,ligand_receptor,Tnfsf11,Tnfrsf11a
CellChat,ligand_receptor,Tnfsf11,Tnfrsf11b
CellChat,ligand_receptor,Tnfsf12,Tnfrsf12a
CellChat,ligand_receptor,Cd70,Cd27
CellChat,ligand_receptor,Tnfsf8,Tnfrsf8
CellChat,ligand_receptor,Tnfsf9,Tnfrsf9
CellChat,ligand_receptor,Tnfsf4,Tnfrsf4
CellChat,ligand_receptor,Tnfsf18,Tnfrsf18
CellChat,ligand_receptor,Tnfsf13,Tnfrsf17
CellChat,ligand_receptor,Tnfsf13,Tnfrsf13b
CellChat,ligand_receptor,Tnfsf13b,Tnfrsf17
CellChat,ligand_receptor,Tnfsf13b,Tnfrsf13b
CellChat,ligand_receptor,Tnfsf13b,Tnfrsf13c
CellChat,ligand_receptor,Cd40lg,Itga2b;Itgb3
CellChat,ligand_receptor,Cd40lg,Itga5;Itgb1
CellChat,ligand_receptor,Cd40lg,Itgam;Itgb2
CellChat,ligand_receptor,Spp1,Cd44
CellChat,ligand_receptor,Spp1,Itgav;Itgb3
CellChat,ligand_receptor,Spp1,Itgav;Itgb1
CellChat,ligand_receptor,Spp1,Itgav;Itgb5
CellChat,ligand_receptor,Spp1,Itgav;Itgb6
CellChat,ligand_receptor,Spp1,Itga4;Itgb1
CellChat,ligand_receptor,Spp1,Itga9;Itgb1
CellChat,ligand_receptor,Spp1,Itga8;Itgb1
CellChat,ligand_receptor,Spp1,Itga5;Itgb1
CellChat,ligand_receptor,Adipoq,Adipor1
CellChat,ligand_receptor,Adipoq,Adipor2
CellChat,ligand_receptor,Retn,Tlr4
CellChat,ligand_receptor,Retn,Cap1
CellChat,ligand_receptor,Nampt,Itga5;Itgb1
CellChat,ligand_receptor,Angptl1,Itga1;Itgb1
CellChat,ligand_receptor,Angptl2,Itga5;Itgb1
CellChat,ligand_receptor,Angptl2,Tlr4
CellChat,ligand_receptor,Angptl2,Pirb
CellChat,ligand_receptor,Angptl1,Pirb
CellChat,ligand_receptor,Angptl7,Pirb
CellChat,ligand_receptor,Angptl4,Itga5;Itgb1
CellChat,ligand_receptor,Angptl4,Itgav;Itgb3
CellChat,ligand_receptor,Angptl4,Cdh5
CellChat,ligand_receptor,Angptl4,Cdh11
CellChat,ligand_receptor,Angptl4,Sdc1
CellChat,ligand_receptor,Angptl4,Sdc2
CellChat,ligand_receptor,Angptl4,Sdc3
CellChat,ligand_receptor,Angptl4,Sdc4
CellChat,ligand_receptor,Angptl3,Itgav;Itgb3
CellChat,ligand_receptor,Angpt1,Tek
CellChat,ligand_receptor,Angpt2,Tek
CellChat,ligand_receptor,Angpt2,Itga5;Itgb1
CellChat,ligand_receptor,Mdk,Sdc1
CellChat,ligand_receptor,Mdk,Sdc2
CellChat,ligand_receptor,Mdk,Sdc4
CellChat,ligand_receptor,Mdk,Ptprz1
CellChat,ligand_receptor,Mdk,Itga4;Itgb1
CellChat,ligand_receptor,Mdk,Itga6;Itgb1
CellChat,ligand_receptor,Mdk,Lrp1
CellChat,ligand_receptor,Mdk,Ncl
CellChat,ligand_receptor,Mdk,Alk
CellChat,ligand_receptor,Ptn,Ptprz1
CellChat,ligand_receptor,Ptn,Sdc1
CellChat,ligand_receptor,Ptn,Sdc2
CellChat,ligand_receptor,Ptn,Sdc3
CellChat,ligand_receptor,Ptn,Sdc4
CellChat,ligand_receptor,Ptn,Itgav;Itgb3
CellChat,ligand_receptor,Ptn,Ncl
CellChat,ligand_receptor,Ptn,Alk
CellChat,ligand_receptor,Postn,Itgav;Itgb3
CellChat,ligand_receptor,Postn,Itgav;Itgb5
CellChat,ligand_receptor,Agt,Agtr1a
CellChat,ligand_receptor,Agt,Agtr1b
CellChat,ligand_receptor,Grp,Grpr
CellChat,ligand_receptor,Nmb,Nmbr
CellChat,ligand_receptor,Kng1,Bdkrb1
CellChat,ligand_receptor,Kng1,Bdkrb2
CellChat,ligand_receptor,Kng2,Bdkrb1
CellChat,ligand_receptor,Kng2,Bdkrb2
CellChat,ligand_receptor,C3,C3ar1
CellChat,ligand_receptor,C3,Cr2
CellChat,ligand_receptor,C3,Itgam;Itgb2
CellChat,ligand_receptor,C3,Itgax;Itgb2
CellChat,ligand_receptor,C4a,C3ar1
CellChat,ligand_receptor,C4b,Cr2
CellChat,ligand_receptor,Hc,C5ar1
CellChat,ligand_receptor,Cck,Cckar
CellChat,ligand_receptor,Cck,Cckbr
CellChat,ligand_receptor,Edn1,Ednra
CellChat,ligand_receptor,Edn2,Ednra
CellChat,ligand_receptor,Edn3,Ednra
CellChat,ligand_receptor,Edn1,Ednrb
CellChat,ligand_receptor,Edn2,Ednrb
CellChat,ligand_receptor,Edn3,Ednrb
CellChat,ligand_receptor,Gal,Galr1
CellChat,ligand_receptor,Gal,Galr2
CellChat,ligand_receptor,Gal,Galr3
CellChat,ligand_receptor,Galp,Galr1
CellChat,ligand_receptor,Galp,Galr2
CellChat,ligand_receptor,Ghrl,Ghsr
CellChat,ligand_receptor,Kiss1,Kiss1r
CellChat,ligand_receptor,Pomc,Mc1r
CellChat,ligand_receptor,Pomc,Mc2r
CellChat,ligand_receptor,Pomc,Mc3r
CellChat,ligand_receptor,Pomc,Mc4r
CellChat,ligand_receptor,Pomc,Mc5r
CellChat,ligand_receptor,Nmu,Nmur1
CellChat,ligand_receptor,Nmu,Nmur2
CellChat,ligand_receptor,Nms,Nmur1
CellChat,ligand_receptor,Nms,Nmur2
CellChat,ligand_receptor,Npff,Npffr1
CellChat,ligand_receptor,Npff,Npffr2
CellChat,ligand_receptor,Npy,Npy1r
CellChat,ligand_receptor,Npy,Npy2r
CellChat,ligand_receptor,Npy,Npy4r
CellChat,ligand_receptor,Npy,Npy5r
CellChat,ligand_receptor,Npy,Npy6r
CellChat,ligand_receptor,Npy,Gpr83
CellChat,ligand_receptor,Npy,Pgr15l
CellChat,ligand_receptor,Ppy,Npy1r
CellChat,ligand_receptor,Ppy,Npy2r
CellChat,ligand_receptor,Ppy,Npy4r
CellChat,ligand_receptor,Ppy,Npy5r
CellChat,ligand_receptor,Ppy,Npy6r
CellChat,ligand_receptor,Ppy,Gpr83
CellChat,ligand_receptor,Ppy,Pgr15l
CellChat,ligand_receptor,Pyy,Npy1r
CellChat,ligand_receptor,Pyy,Npy2r
CellChat,ligand_receptor,Pyy,Npy4r
CellChat,ligand_receptor,Pyy,Npy5r
CellChat,ligand_receptor,Pyy,Npy6r
CellChat,ligand_receptor,Pyy,Gpr83
CellChat,ligand_receptor,Pyy,Pgr15l
CellChat,ligand_receptor,Npb,Npbwr1
CellChat,ligand_receptor,Npw,Npbwr1
CellChat,ligand_receptor,Nts,Ntsr1
CellChat,ligand_receptor,Nts,Ntsr2
CellChat,ligand_receptor,Pdyn,Oprd1
CellChat,ligand_receptor,Pdyn,Oprk1
CellChat,ligand_receptor,Pdyn,Oprl1
CellChat,ligand_receptor,Pdyn,Oprm1
CellChat,ligand_receptor,Penk,Oprd1
CellChat,ligand_receptor,Penk,Oprk1
CellChat,ligand_receptor,Penk,Oprl1
CellChat,ligand_receptor,Penk,Oprm1
CellChat,ligand_receptor,Pomc,Oprd1
CellChat,ligand_receptor,Pomc,Oprk1
CellChat,ligand_receptor,Pomc,Oprl1
CellChat,ligand_receptor,Pomc,Oprm1
CellChat,ligand_receptor,Hcrt,Hcrtr1
CellChat,ligand_receptor,Hcrt,Hcrtr2
CellChat,ligand_receptor,Oxt,Oxtr
CellChat,ligand_receptor,Sst,Sstr1
CellChat,ligand_receptor,Sst,Sstr2
CellChat,ligand_receptor,Sst,Sstr3
CellChat,ligand_receptor,Sst,Sstr4
CellChat,ligand_receptor,Sst,Sstr5
CellChat,ligand_receptor,Cort,Sstr1
CellChat,ligand_receptor,Cort,Sstr2
CellChat,ligand_receptor,Cort,Sstr3
CellChat,ligand_receptor,Cort,Sstr4
CellChat,ligand_receptor,Cort,Sstr5
CellChat,ligand_receptor,Tac1,Tacr1
CellChat,ligand_receptor,Tac4,Tacr1
CellChat,ligand_receptor,Tac1,Tacr2
CellChat,ligand_receptor,Tac2,Tacr3
CellChat,ligand_receptor,Uts2,Uts2r
CellChat,ligand_receptor,Avp,Avpr2
CellChat,ligand_receptor,Avp,Avpr1a
CellChat,ligand_receptor,Avp,Avpr1b
CellChat,ligand_receptor,Prlh,Prlhr
CellChat,ligand_receptor,Prss3l,F2r
CellChat,ligand_receptor,Try5,F2r
CellChat,ligand_receptor,Ctsg,F2r
CellChat,ligand_receptor,F2,F2r
CellChat,ligand_receptor,Gzma,F2r
CellChat,ligand_receptor,Prss2,F2r
CellChat,ligand_receptor,Try4,F2r
CellChat,ligand_receptor,Try10,F2r
CellChat,ligand_receptor,Prss3l,F2rl1
CellChat,ligand_receptor,Try5,F2rl1
CellChat,ligand_receptor,Ctsg,F2rl1
CellChat,ligand_receptor,F2,F2rl1
CellChat,ligand_receptor,Gzma,F2rl1
CellChat,ligand_receptor,Prss2,F2rl1
CellChat,ligand_receptor,Try4,F2rl1
CellChat,ligand_receptor,Try10,F2rl1
CellChat,ligand_receptor,Prss3l,F2rl2
CellChat,ligand_receptor,Try5,F2rl2
CellChat,ligand_receptor,Ctsg,F2rl2
CellChat,ligand_receptor,F2,F2rl2
CellChat,ligand_receptor,Gzma,F2rl2
CellChat,ligand_receptor,Prss2,F2rl2
CellChat,ligand_receptor,Try4,F2rl2
CellChat,ligand_receptor,Try10,F2rl2
CellChat,ligand_receptor,Prss3l,F2rl3
CellChat,ligand_receptor,Try5,F2rl3
CellChat,ligand_receptor,Ctsg,F2rl3
CellChat,ligand_receptor,F2,F2rl3
CellChat,ligand_receptor,Gzma,F2rl3
CellChat,ligand_receptor,Plg,F2rl3
CellChat,ligand_receptor,Prss2,F2rl3
CellChat,ligand_receptor,Try4,F2rl3
CellChat,ligand_receptor,Try10,F2rl3
CellChat,ligand_receptor,Prss3l,Pard3
CellChat,ligand_receptor,Try5,Pard3
CellChat,ligand_receptor,Ctsg,Pard3
CellChat,ligand_receptor,F2,Pard3
CellChat,ligand_receptor,Gzma,Pard3
CellChat,ligand_receptor,Plg,Pard3
CellChat,ligand_receptor,Prss2,Pard3
CellChat,ligand_receptor,Try4,Pard3
CellChat,ligand_receptor,Try10,Pard3
CellChat,ligand_receptor,Pmch,Mchr1
CellChat,ligand_receptor,Prok1,Prokr2
CellChat,ligand_receptor,Prok1,Prokr1
CellChat,ligand_receptor,Prok2,Prokr1
CellChat,ligand_receptor,Prok2,Prokr2
CellChat,ligand_receptor,Adcyap1,Adcyap1r1
CellChat,ligand_receptor,Vip,Vipr1
CellChat,ligand_receptor,Vip,Vipr2
CellChat,ligand_receptor,Nppa,Npr1
CellChat,ligand_receptor,Nppb,Npr1
CellChat,ligand_receptor,Nppc,Npr2
CellChat,ligand_receptor,Kitl,Kit
CellChat,ligand_receptor,Gcg,Gipr
CellChat,ligand_receptor,Gip,Gipr
CellChat,ligand_receptor,Fshb,Fshr
CellChat,ligand_receptor,Cga,Fshr
CellChat,ligand_receptor,Lhb,Lhcgr
CellChat,ligand_receptor,Cga,Lhcgr
CellChat,ligand_receptor,Tshb,Tshr
CellChat,ligand_receptor,Cga,Tshr
CellChat,ligand_receptor,Bdnf,Ntrk2
CellChat,ligand_receptor,Ngf,Ntrk1
CellChat,ligand_receptor,Flt3l,Flt3
CellChat,ligand_receptor,Hgf,Met
CellChat,ligand_receptor,Klk1b4,Ntrk1
CellChat,ligand_receptor,Ntf3,Ntrk1
CellChat,ligand_receptor,Ntf3,Ntrk2
CellChat,ligand_receptor,Ntf3,Ntrk3
CellChat,ligand_receptor,Ntf5,Ntrk2
CellChat,ligand_receptor,Sema3a,Nrp1;Plxna1
CellChat,ligand_receptor,Sema3a,Nrp1;Plxna2
CellChat,ligand_receptor,Sema3a,Nrp1;Plxna3
CellChat,ligand_receptor,Sema3a,Nrp1;Plxna4
CellChat,ligand_receptor,Sema3b,Nrp1;Plxna1
CellChat,ligand_receptor,Sema3b,Nrp1;Plxna2
CellChat,ligand_receptor,Sema3b,Nrp1;Plxna3
CellChat,ligand_receptor,Sema3b,Nrp1;Plxna4
CellChat,ligand_receptor,Sema3c,Nrp1;Plxna1
CellChat,ligand_receptor,Sema3c,Nrp1;Plxna2
CellChat,ligand_receptor,Sema3c,Nrp1;Plxna3
CellChat,ligand_receptor,Sema3c,Nrp1;Plxna4
CellChat,ligand_receptor,Sema3d,Nrp1;Plxna1
CellChat,ligand_receptor,Sema3d,Nrp1;Plxna2
CellChat,ligand_receptor,Sema3d,Nrp1;Plxna3
CellChat,ligand_receptor,Sema3d,Nrp1;Plxna4
CellChat,ligand_receptor,Sema3b,Nrp2;Plxna1
CellChat,ligand_receptor,Sema3b,Nrp2;Plxna2
CellChat,ligand_receptor,Sema3b,Nrp2;Plxna3
CellChat,ligand_receptor,Sema3b,Nrp2;Plxna4
CellChat,ligand_receptor,Sema3c,Nrp2;Plxna1
CellChat,ligand_receptor,Sema3c,Nrp2;Plxna2
CellChat,ligand_receptor,Sema3c,Nrp2;Plxna3
CellChat,ligand_receptor,Sema3c,Nrp2;Plxna4
CellChat,ligand_receptor,Sema3d,Nrp2;Plxna1
CellChat,ligand_receptor,Sema3d,Nrp2;Plxna2
CellChat,ligand_receptor,Sema3d,Nrp2;Plxna3
CellChat,ligand_receptor,Sema3d,Nrp2;Plxna4
CellChat,ligand_receptor,Sema3f,Nrp2;Plxna1
CellChat,ligand_receptor,Sema3f,Nrp2;Plxna2
CellChat,ligand_receptor,Sema3f,Nrp2;Plxna3
CellChat,ligand_receptor,Sema3f,Nrp2;Plxna4
CellChat,ligand_receptor,Sema3g,Nrp2;Plxna1
CellChat,ligand_receptor,Sema3g,Nrp2;Plxna2
CellChat,ligand_receptor,Sema3g,Nrp2;Plxna3
CellChat,ligand_receptor,Sema3g,Nrp2;Plxna4
CellChat,ligand_receptor,Sema3c,Nrp1;Nrp2
CellChat,ligand_receptor,Sema3c,Plxnd1
CellChat,ligand_receptor,Sema3e,Plxnd1
CellChat,ligand_receptor,Agt,Mas1
CellChat,ligand_receptor,Anxa1,Fpr2
CellChat,ligand_receptor,Anxa1,Fpr1
CellChat,ligand_receptor,Apela,Aplnr
CellChat,ligand_receptor,Crh,Crhr1
CellChat,ligand_receptor,Crh,Crhr2
CellChat,ligand_receptor,Enho,Gpr19
CellChat,ligand_receptor,Gas6,Axl
CellChat,ligand_receptor,Gas6,Mertk
CellChat,ligand_receptor,Gas6,Tyro3
CellChat,ligand_receptor,Gcg,Gcgr
CellChat,ligand_receptor,Gcg,Glp1r
CellChat,ligand_receptor,Gcg,Glp2r
CellChat,ligand_receptor,Gh,Prlr
CellChat,ligand_receptor,Ghrh,Vipr1
CellChat,ligand_receptor,Ghrh,Vipr2
CellChat,ligand_receptor,Ghrh,Ghsr
CellChat,ligand_receptor,Ghrh,Ghrhr
CellChat,ligand_receptor,Gnrh1,Gnrhr
CellChat,ligand_receptor,Grn,Sort1
CellChat,ligand_receptor,Guca2a,Gucy2c
CellChat,ligand_receptor,Guca2b,Gucy2c
CellChat,ligand_receptor,Insl3,Rxfp2
CellChat,ligand_receptor,Insl3,Rxfp1
CellChat,ligand_receptor,Insl3,Rxfp4
CellChat,ligand_receptor,Insl3,Rxfp3
CellChat,ligand_receptor,Insl5,Rxfp4
CellChat,ligand_receptor,Insl5,Rxfp3
CellChat,ligand_receptor,Insl5,Rxfp2
CellChat,ligand_receptor,Insl5,Rxfp1
CellChat,ligand_receptor,Lep,Lepr
CellChat,ligand_receptor,Lgals9,Ptprc
CellChat,ligand_receptor,Lgals9,Ighm
CellChat,ligand_receptor,Nps,Npsr1
CellChat,ligand_receptor,Npvf,Npffr1
CellChat,ligand_receptor,Npvf,Npffr2
CellChat,ligand_receptor,Ostn,Npr3
CellChat,ligand_receptor,Pmch,Mertk
CellChat,ligand_receptor,Pros1,Axl
CellChat,ligand_receptor,Pros1,Tyro3
CellChat,ligand_receptor,Psap,Gpr37l1
CellChat,ligand_receptor,Psap,Gpr37
CellChat,ligand_receptor,Pth,Pth1r
CellChat,ligand_receptor,Pth,Pth2r
CellChat,ligand_receptor,Pth2,Pth1r
CellChat,ligand_receptor,Pth2,Pth2r
CellChat,ligand_receptor,Pthlh,Pth1r
CellChat,ligand_receptor,Qrfp,Qrfpr
CellChat,ligand_receptor,Rarres2,Cmklr2
CellChat,ligand_receptor,Rarres2,Cmklr1
CellChat,ligand_receptor,Rln1,Rxfp2
CellChat,ligand_receptor,Rln1,Rxfp1
CellChat,ligand_receptor,Rln1,Rxfp3
CellChat,ligand_receptor,Rln1,Rxfp4
CellChat,ligand_receptor,Rln3,Rxfp3
CellChat,ligand_receptor,Rln3,Rxfp1
CellChat,ligand_receptor,Rln3,Rxfp4
CellChat,ligand_receptor,Rln3,Rxfp2
CellChat,ligand_receptor,Saa2,Fpr2
CellChat,ligand_receptor,Scgb3a2,Marco
CellChat,ligand_receptor,Sct,Sctr
CellChat,ligand_receptor,Slurp1,Chrnb1
CellChat,ligand_receptor,Slurp1,Chrnb2
CellChat,ligand_receptor,Slurp1,Chrnb3
CellChat,ligand_receptor,Slurp1,Chrnb4
CellChat,ligand_receptor,Slurp1,Chrna1
CellChat,ligand_receptor,Slurp1,Chrna2
CellChat,ligand_receptor,Slurp1,Chrna3
CellChat,ligand_receptor,Slurp1,Chrna4
CellChat,ligand_receptor,Slurp1,Chrna5
CellChat,ligand_receptor,Slurp1,Chrna6
CellChat,ligand_receptor,Slurp1,Chrna9
CellChat,ligand_receptor,Slurp1,Chrna10
CellChat,ligand_receptor,Slurp1,Chrnd
CellChat,ligand_receptor,Slurp1,Chrne
CellChat,ligand_receptor,Slurp1,Chrng
CellChat,ligand_receptor,Slurp1,Chrna7
CellChat,ligand_receptor,Slurp2,Chrnb1
CellChat,ligand_receptor,Slurp2,Chrnb2
CellChat,ligand_receptor,Slurp2,Chrnb3
CellChat,ligand_receptor,Slurp2,Chrnb4
CellChat,ligand_receptor,Slurp2,Chrna1
CellChat,ligand_receptor,Slurp2,Chrna2
CellChat,ligand_receptor,Slurp2,Chrna3
CellChat,ligand_receptor,Slurp2,Chrna4
CellChat,ligand_receptor,Slurp2,Chrna5
CellChat,ligand_receptor,Slurp2,Chrna6
CellChat,ligand_receptor,Slurp2,Chrna7
CellChat,ligand_receptor,Slurp2,Chrna9
CellChat,ligand_receptor,Slurp2,Chrna10
CellChat,ligand_receptor,Slurp2,Chrnd
CellChat,ligand_receptor,Slurp2,Chrne
CellChat,ligand_receptor,Slurp2,Chrng
CellChat,ligand_receptor,Btla,Tnfrsf14
CellChat,ligand_receptor,Trh,Trhr
CellChat,ligand_receptor,Trh,Trhr2
CellChat,ligand_receptor,Ucn,Crhr1
CellChat,ligand_receptor,Ucn,Crhr2
CellChat,ligand_receptor,Ucn2,Crhr1
CellChat,ligand_receptor,Ucn2,Crhr2
CellChat,ligand_receptor,Ucn3,Crhr1
CellChat,ligand_receptor,Ucn3,Crhr2
CellChat,ligand_receptor,Uts2b,Uts2r
CellChat,ligand_receptor,Uts2b,Sstr5
CellChat,ligand_receptor,Bag6,Ncr3-ps
CellChat,ligand_receptor,Lgals9,Havcr2
CellChat,ligand_receptor,Lgals9,Cd44
CellChat,ligand_receptor,Col1a1,Itga1;Itgb1
CellChat,ligand_receptor,Col1a2,Itga1;Itgb1
CellChat,ligand_receptor,Col2a1,Itga1;Itgb1
CellChat,ligand_receptor,Col4a1,Itga1;Itgb1
CellChat,ligand_receptor,Col4a2,Itga1;Itgb1
CellChat,ligand_receptor,Col4a3,Itga1;Itgb1
CellChat,ligand_receptor,Col4a4,Itga1;Itgb1
CellChat,ligand_receptor,Col4a5,Itga1;Itgb1
CellChat,ligand_receptor,Col4a6,Itga1;Itgb1
CellChat,ligand_receptor,Col6a1,Itga1;Itgb1
CellChat,ligand_receptor,Col6a2,Itga1;Itgb1
CellChat,ligand_receptor,Col6a3,Itga1;Itgb1
CellChat,ligand_receptor,Col6a4,Itga1;Itgb1
CellChat,ligand_receptor,Col6a5,Itga1;Itgb1
CellChat,ligand_receptor,Col6a6,Itga1;Itgb1
CellChat,ligand_receptor,Col9a1,Itga1;Itgb1
CellChat,ligand_receptor,Col9a2,Itga1;Itgb1
CellChat,ligand_receptor,Col9a3,Itga1;Itgb1
CellChat,ligand_receptor,Col1a1,Itga2;Itgb1
CellChat,ligand_receptor,Col1a2,Itga2;Itgb1
CellChat,ligand_receptor,Col2a1,Itga2;Itgb1
CellChat,ligand_receptor,Col4a1,Itga2;Itgb1
CellChat,ligand_receptor,Col4a2,Itga2;Itgb1
CellChat,ligand_receptor,Col4a3,Itga2;Itgb1
CellChat,ligand_receptor,Col4a4,Itga2;Itgb1
CellChat,ligand_receptor,Col4a5,Itga2;Itgb1
CellChat,ligand_receptor,Col4a6,Itga2;Itgb1
CellChat,ligand_receptor,Col6a1,Itga2;Itgb1
CellChat,ligand_receptor,Col6a2,Itga2;Itgb1
CellChat,ligand_receptor,Col6a3,Itga2;Itgb1
CellChat,ligand_receptor,Col6a4,Itga2;Itgb1
CellChat,ligand_receptor,Col6a5,Itga2;Itgb1
CellChat,ligand_receptor,Col6a6,Itga2;Itgb1
CellChat,ligand_receptor,Col9a1,Itga2;Itgb1
CellChat,ligand_receptor,Col9a2,Itga2;Itgb1
CellChat,ligand_receptor,Col9a3,Itga2;Itgb1
CellChat,ligand_receptor,Fn1,Itga3;Itgb1
CellChat,ligand_receptor,Fn1,Itga4;Itgb1
CellChat,ligand_receptor,Fn1,Itga5;Itgb1
CellChat,ligand_receptor,Fn1,Itga8;Itgb1
CellChat,ligand_receptor,Lama1,Itga1;Itgb1
CellChat,ligand_receptor,Lama2,Itga1;Itgb1
CellChat,ligand_receptor,Lama3,Itga1;Itgb1
CellChat,ligand_receptor,Lama4,Itga1;Itgb1
CellChat,ligand_receptor,Lama5,Itga1;Itgb1
CellChat,ligand_receptor,Lamb1,Itga1;Itgb1
CellChat,ligand_receptor,Lamb2,Itga1;Itgb1
CellChat,ligand_receptor,Lamb3,Itga1;Itgb1
CellChat,ligand_receptor,Lamc1,Itga1;Itgb1
CellChat,ligand_receptor,Lamc2,Itga1;Itgb1
CellChat,ligand_receptor,Lamc3,Itga1;Itgb1
CellChat,ligand_receptor,Lama1,Itga2;Itgb1
CellChat,ligand_receptor,Lama2,Itga2;Itgb1
CellChat,ligand_receptor,Lama3,Itga2;Itgb1
CellChat,ligand_receptor,Lama4,Itga2;Itgb1
CellChat,ligand_receptor,Lama5,Itga2;Itgb1
CellChat,ligand_receptor,Lamb1,Itga2;Itgb1
CellChat,ligand_receptor,Lamb2,Itga2;Itgb1
CellChat,ligand_receptor,Lamb3,Itga2;Itgb1
CellChat,ligand_receptor,Lamc1,Itga2;Itgb1
CellChat,ligand_receptor,Lamc2,Itga2;Itgb1
CellChat,ligand_receptor,Lamc3,Itga2;Itgb1
CellChat,ligand_receptor,Chad,Itga2;Itgb1
CellChat,ligand_receptor,Lama1,Itga3;Itgb1
CellChat,ligand_receptor,Lama2,Itga3;Itgb1
CellChat,ligand_receptor,Lama3,Itga3;Itgb1
CellChat,ligand_receptor,Lama4,Itga3;Itgb1
CellChat,ligand_receptor,Lama5,Itga3;Itgb1
CellChat,ligand_receptor,Lamb1,Itga3;Itgb1
CellChat,ligand_receptor,Lamb2,Itga3;Itgb1
CellChat,ligand_receptor,Lamb3,Itga3;Itgb1
CellChat,ligand_receptor,Lamc1,Itga3;Itgb1
CellChat,ligand_receptor,Lamc2,Itga3;Itgb1
CellChat,ligand_receptor,Lamc3,Itga3;Itgb1
CellChat,ligand_receptor,Reln,Itga3;Itgb1
CellChat,ligand_receptor,Thbs1,Itga3;Itgb1
CellChat,ligand_receptor,Thbs2,Itga3;Itgb1
CellChat,ligand_receptor,Thbs3,Itga3;Itgb1
CellChat,ligand_receptor,Thbs4,Itga3;Itgb1
CellChat,ligand_receptor,Comp,Itga3;Itgb1
CellChat,ligand_receptor,Col1a1,Itga3;Itgb1
CellChat,ligand_receptor,Col1a2,Itga3;Itgb1
CellChat,ligand_receptor,Col2a1,Itga3;Itgb1
CellChat,ligand_receptor,Col4a1,Itga3;Itgb1
CellChat,ligand_receptor,Col4a2,Itga3;Itgb1
CellChat,ligand_receptor,Col4a3,Itga3;Itgb1
CellChat,ligand_receptor,Col4a4,Itga3;Itgb1
CellChat,ligand_receptor,Col4a5,Itga3;Itgb1
CellChat,ligand_receptor,Col4a6,Itga3;Itgb1
CellChat,ligand_receptor,Col6a1,Itga3;Itgb1
CellChat,ligand_receptor,Col6a2,Itga3;Itgb1
CellChat,ligand_receptor,Col6a3,Itga3;Itgb1
CellChat,ligand_receptor,Col6a4,Itga3;Itgb1
CellChat,ligand_receptor,Col6a5,Itga3;Itgb1
CellChat,ligand_receptor,Col6a6,Itga3;Itgb1
CellChat,ligand_receptor,Col9a1,Itga3;Itgb1
CellChat,ligand_receptor,Col9a2,Itga3;Itgb1
CellChat,ligand_receptor,Col9a3,Itga3;Itgb1
CellChat,ligand_receptor,Lama1,Itga6;Itgb1
CellChat,ligand_receptor,Lama2,Itga6;Itgb1
CellChat,ligand_receptor,Lama3,Itga6;Itgb1
CellChat,ligand_receptor,Lama4,Itga6;Itgb1
CellChat,ligand_receptor,Lama5,Itga6;Itgb1
CellChat,ligand_receptor,Lamb1,Itga6;Itgb1
CellChat,ligand_receptor,Lamb2,Itga6;Itgb1
CellChat,ligand_receptor,Lamb3,Itga6;Itgb1
CellChat,ligand_receptor,Lamc1,Itga6;Itgb1
CellChat,ligand_receptor,Lamc2,Itga6;Itgb1
CellChat,ligand_receptor,Lamc3,Itga6;Itgb1
CellChat,ligand_receptor,Lama1,Itga7;Itgb1
CellChat,ligand_receptor,Lama2,Itga7;Itgb1
CellChat,ligand_receptor,Lama3,Itga7;Itgb1
CellChat,ligand_receptor,Lama4,Itga7;Itgb1
CellChat,ligand_receptor,Lama5,Itga7;Itgb1
CellChat,ligand_receptor,Lamb1,Itga7;Itgb1
CellChat,ligand_receptor,Lamb2,Itga7;Itgb1
CellChat,ligand_receptor,Lamb3,Itga7;Itgb1
CellChat,ligand_receptor,Lamc1,Itga7;Itgb1
CellChat,ligand_receptor,Lamc2,Itga7;Itgb1
CellChat,ligand_receptor,Lamc3,Itga7;Itgb1
CellChat,ligand_receptor,Vtn,Itga8;Itgb1
CellChat,ligand_receptor,Tnc,Itga8;Itgb1
CellChat,ligand_receptor,Tnr,Itga8;Itgb1
CellChat,ligand_receptor,Tnn,Itga8;Itgb1
CellChat,ligand_receptor,Tnxb,Itga8;Itgb1
CellChat,ligand_receptor,Npnt complex 1,Itga8;Itgb1
CellChat,ligand_receptor,Npnt complex 2,Itga8;Itgb1
CellChat,ligand_receptor,Tnc,Itga9;Itgb1
CellChat,ligand_receptor,Tnr,Itga9;Itgb1
CellChat,ligand_receptor,Tnn,Itga9;Itgb1
CellChat,ligand_receptor,Tnxb,Itga9;Itgb1
CellChat,ligand_receptor,Col1a1,Itga9;Itgb1
CellChat,ligand_receptor,Col1a2,Itga9;Itgb1
CellChat,ligand_receptor,Col2a1,Itga9;Itgb1
CellChat,ligand_receptor,Col4a1,Itga9;Itgb1
CellChat,ligand_receptor,Col4a2,Itga9;Itgb1
CellChat,ligand_receptor,Col4a3,Itga9;Itgb1
CellChat,ligand_receptor,Col4a4,Itga9;Itgb1
CellChat,ligand_receptor,Col4a5,Itga9;Itgb1
CellChat,ligand_receptor,Col4a6,Itga9;Itgb1
CellChat,ligand_receptor,Col6a1,Itga9;Itgb1
CellChat,ligand_receptor,Col6a2,Itga9;Itgb1
CellChat,ligand_receptor,Col6a3,Itga9;Itgb1
CellChat,ligand_receptor,Col6a4,Itga9;Itgb1
CellChat,ligand_receptor,Col6a5,Itga9;Itgb1
CellChat,ligand_receptor,Col6a6,Itga9;Itgb1
CellChat,ligand_receptor,Col9a1,Itga9;Itgb1
CellChat,ligand_receptor,Col9a2,Itga9;Itgb1
CellChat,ligand_receptor,Col9a3,Itga9;Itgb1
CellChat,ligand_receptor,Lama1,Itga9;Itgb1
CellChat,ligand_receptor,Lama2,Itga9;Itgb1
CellChat,ligand_receptor,Lama3,Itga9;Itgb1
CellChat,ligand_receptor,Lama4,Itga9;Itgb1
CellChat,ligand_receptor,Lama5,Itga9;Itgb1
CellChat,ligand_receptor,Lamb1,Itga9;Itgb1
CellChat,ligand_receptor,Lamb2,Itga9;Itgb1
CellChat,ligand_receptor,Lamb3,Itga9;Itgb1
CellChat,ligand_receptor,Lamc1,Itga9;Itgb1
CellChat,ligand_receptor,Lamc2,Itga9;Itgb1
CellChat,ligand_receptor,Lamc3,Itga9;Itgb1
CellChat,ligand_receptor,Col1a1,Itga10;Itgb1
CellChat,ligand_receptor,Col1a2,Itga10;Itgb1
CellChat,ligand_receptor,Col2a1,Itga10;Itgb1
CellChat,ligand_receptor,Col4a1,Itga10;Itgb1
CellChat,ligand_receptor,Col4a2,Itga10;Itgb1
CellChat,ligand_receptor,Col4a3,Itga10;Itgb1
CellChat,ligand_receptor,Col4a4,Itga10;Itgb1
CellChat,ligand_receptor,Col4a5,Itga10;Itgb1
CellChat,ligand_receptor,Col4a6,Itga10;Itgb1
CellChat,ligand_receptor,Col6a1,Itga10;Itgb1
CellChat,ligand_receptor,Col6a2,Itga10;Itgb1
CellChat,ligand_receptor,Col6a3,Itga10;Itgb1
CellChat,ligand_receptor,Col6a4,Itga10;Itgb1
CellChat,ligand_receptor,Col6a5,Itga10;Itgb1
CellChat,ligand_receptor,Col6a6,Itga10;Itgb1
CellChat,ligand_receptor,Col9a1,Itga10;Itgb1
CellChat,ligand_receptor,Col9a2,Itga10;Itgb1
CellChat,ligand_receptor,Col9a3,Itga10;Itgb1
CellChat,ligand_receptor,Col1a1,Itga11;Itgb1
CellChat,ligand_receptor,Col1a2,Itga11;Itgb1
CellChat,ligand_receptor,Col2a1,Itga11;Itgb1
CellChat,ligand_receptor,Col4a1,Itga11;Itgb1
CellChat,ligand_receptor,Col4a2,Itga11;Itgb1
CellChat,ligand_receptor,Col4a3,Itga11;Itgb1
CellChat,ligand_receptor,Col4a4,Itga11;Itgb1
CellChat,ligand_receptor,Col4a5,Itga11;Itgb1
CellChat,ligand_receptor,Col4a6,Itga11;Itgb1
CellChat,ligand_receptor,Col6a1,Itga11;Itgb1
CellChat,ligand_receptor,Col6a2,Itga11;Itgb1
CellChat,ligand_receptor,Col6a3,Itga11;Itgb1
CellChat,ligand_receptor,Col6a4,Itga11;Itgb1
CellChat,ligand_receptor,Col6a5,Itga11;Itgb1
CellChat,ligand_receptor,Col6a6,Itga11;Itgb1
CellChat,ligand_receptor,Col9a1,Itga11;Itgb1
CellChat,ligand_receptor,Col9a2,Itga11;Itgb1
CellChat,ligand_receptor,Col9a3,Itga11;Itgb1
CellChat,ligand_receptor,Fn1,Itgav;Itgb1
CellChat,ligand_receptor,Vtn,Itgav;Itgb1
CellChat,ligand_receptor,Dspp,Itgav;Itgb1
CellChat,ligand_receptor,Fn1,Itga4;Itgb7
CellChat,ligand_receptor,Fn1,Itgav;Itgb3
CellChat,ligand_receptor,Vtn,Itgav;Itgb3
CellChat,ligand_receptor,Vwf,Itgav;Itgb3
CellChat,ligand_receptor,Tnc,Itgav;Itgb3
CellChat,ligand_receptor,Tnr,Itgav;Itgb3
CellChat,ligand_receptor,Tnn,Itgav;Itgb3
CellChat,ligand_receptor,Tnxb,Itgav;Itgb3
CellChat,ligand_receptor,Ibsp,Itgav;Itgb3
CellChat,ligand_receptor,Thbs1,Itgav;Itgb3
CellChat,ligand_receptor,Thbs2,Itgav;Itgb3
CellChat,ligand_receptor,Thbs3,Itgav;Itgb3
CellChat,ligand_receptor,Thbs4,Itgav;Itgb3
CellChat,ligand_receptor,Comp,Itgav;Itgb3
CellChat,ligand_receptor,Dmp1,Itgav;Itgb3
CellChat,ligand_receptor,Fn1,Itga2b;Itgb3
CellChat,ligand_receptor,Vtn,Itga2b;Itgb3
CellChat,ligand_receptor,Vwf,Itga2b;Itgb3
CellChat,ligand_receptor,Tnc,Itga2b;Itgb3
CellChat,ligand_receptor,Tnr,Itga2b;Itgb3
CellChat,ligand_receptor,Tnn,Itga2b;Itgb3
CellChat,ligand_receptor,Tnxb,Itga2b;Itgb3
CellChat,ligand_receptor,Vtn,Itgav;Itgb5
CellChat,ligand_receptor,Ibsp,Itgav;Itgb5
CellChat,ligand_receptor,Tnc,Itgav;Itgb6
CellChat,ligand_receptor,Tnr,Itgav;Itgb6
CellChat,ligand_receptor,Tnn,Itgav;Itgb6
CellChat,ligand_receptor,Tnxb,Itgav;Itgb6
CellChat,ligand_receptor,Fn1,Itgav;Itgb6
CellChat,ligand_receptor,Dspp,Itgav;Itgb6
CellChat,ligand_receptor,Vtn,Itgav;Itgb8
CellChat,ligand_receptor,Fn1,Itgav;Itgb8
CellChat,ligand_receptor,Lama1,Itgav;Itgb8
CellChat,ligand_receptor,Lama2,Itgav;Itgb8
CellChat,ligand_receptor,Lama3,Itgav;Itgb8
CellChat,ligand_receptor,Lama4,Itgav;Itgb8
CellChat,ligand_receptor,Lama5,Itgav;Itgb8
CellChat,ligand_receptor,Lamb1,Itgav;Itgb8
CellChat,ligand_receptor,Lamb2,Itgav;Itgb8
CellChat,ligand_receptor,Lamb3,Itgav;Itgb8
CellChat,ligand_receptor,Lamc1,Itgav;Itgb8
CellChat,ligand_receptor,Lamc2,Itgav;Itgb8
CellChat,ligand_receptor,Lamc3,Itgav;Itgb8
CellChat,ligand_receptor,Col1a1,Itgav;Itgb8
CellChat,ligand_receptor,Col1a2,Itgav;Itgb8
CellChat,ligand_receptor,Col2a1,Itgav;Itgb8
CellChat,ligand_receptor,Col4a1,Itgav;Itgb8
CellChat,ligand_receptor,Col4a2,Itgav;Itgb8
CellChat,ligand_receptor,Col4a3,Itgav;Itgb8
CellChat,ligand_receptor,Col4a4,Itgav;Itgb8
CellChat,ligand_receptor,Col4a5,Itgav;Itgb8
CellChat,ligand_receptor,Col4a6,Itgav;Itgb8
CellChat,ligand_receptor,Col6a1,Itgav;Itgb8
CellChat,ligand_receptor,Col6a2,Itgav;Itgb8
CellChat,ligand_receptor,Col6a3,Itgav;Itgb8
CellChat,ligand_receptor,Col6a4,Itgav;Itgb8
CellChat,ligand_receptor,Col6a5,Itgav;Itgb8
CellChat,ligand_receptor,Col6a6,Itgav;Itgb8
CellChat,ligand_receptor,Col9a1,Itgav;Itgb8
CellChat,ligand_receptor,Col9a2,Itgav;Itgb8
CellChat,ligand_receptor,Col9a3,Itgav;Itgb8
CellChat,ligand_receptor,Lama1,Itga6;Itgb4
CellChat,ligand_receptor,Lama2,Itga6;Itgb4
CellChat,ligand_receptor,Lama3,Itga6;Itgb4
CellChat,ligand_receptor,Lama4,Itga6;Itgb4
CellChat,ligand_receptor,Lama5,Itga6;Itgb4
CellChat,ligand_receptor,Lamb1,Itga6;Itgb4
CellChat,ligand_receptor,Lamb2,Itga6;Itgb4
CellChat,ligand_receptor,Lamb3,Itga6;Itgb4
CellChat,ligand_receptor,Lamc1,Itga6;Itgb4
CellChat,ligand_receptor,Lamc2,Itga6;Itgb4
CellChat,ligand_receptor,Lamc3,Itga6;Itgb4
CellChat,ligand_receptor,Fn1,Cd44
CellChat,ligand_receptor,Col1a1,Cd44
CellChat,ligand_receptor,Col1a2,Cd44
CellChat,ligand_receptor,Col2a1,Cd44
CellChat,ligand_receptor,Col4a1,Cd44
CellChat,ligand_receptor,Col4a2,Cd44
CellChat,ligand_receptor,Col4a3,Cd44
CellChat,ligand_receptor,Col4a4,Cd44
CellChat,ligand_receptor,Col4a5,Cd44
CellChat,ligand_receptor,Col4a6,Cd44
CellChat,ligand_receptor,Col6a1,Cd44
CellChat,ligand_receptor,Col6a2,Cd44
CellChat,ligand_receptor,Col6a3,Cd44
CellChat,ligand_receptor,Col6a4,Cd44
CellChat,ligand_receptor,Col6a5,Cd44
CellChat,ligand_receptor,Col6a6,Cd44
CellChat,ligand_receptor,Col9a1,Cd44
CellChat,ligand_receptor,Col9a2,Cd44
CellChat,ligand_receptor,Col9a3,Cd44
CellChat,ligand_receptor,Lama1,Cd44
CellChat,ligand_receptor,Lama2,Cd44
CellChat,ligand_receptor,Lama3,Cd44
CellChat,ligand_receptor,Lama4,Cd44
CellChat,ligand_receptor,Lama5,Cd44
CellChat,ligand_receptor,Lamb1,Cd44
CellChat,ligand_receptor,Lamb2,Cd44
CellChat,ligand_receptor,Lamb3,Cd44
CellChat,ligand_receptor,Lamc1,Cd44
CellChat,ligand_receptor,Lamc2,Cd44
CellChat,ligand_receptor,Lamc3,Cd44
CellChat,ligand_receptor,Col1a1,Sdc1
CellChat,ligand_receptor,Col1a2,Sdc1
CellChat,ligand_receptor,Col2a1,Sdc1
CellChat,ligand_receptor,Col4a1,Sdc1
CellChat,ligand_receptor,Col4a2,Sdc1
CellChat,ligand_receptor,Col4a3,Sdc1
CellChat,ligand_receptor,Col4a4,Sdc1
CellChat,ligand_receptor,Col4a5,Sdc1
CellChat,ligand_receptor,Col4a6,Sdc1
CellChat,ligand_receptor,Col6a1,Sdc1
CellChat,ligand_receptor,Col6a2,Sdc1
CellChat,ligand_receptor,Col6a3,Sdc1
CellChat,ligand_receptor,Col6a4,Sdc1
CellChat,ligand_receptor,Col6a5,Sdc1
CellChat,ligand_receptor,Col6a6,Sdc1
CellChat,ligand_receptor,Col9a1,Sdc1
CellChat,ligand_receptor,Col9a2,Sdc1
CellChat,ligand_receptor,Col9a3,Sdc1
CellChat,ligand_receptor,Fn1,Sdc1
CellChat,ligand_receptor,Tnc,Sdc1
CellChat,ligand_receptor,Tnr,Sdc1
CellChat,ligand_receptor,Tnn,Sdc1
CellChat,ligand_receptor,Tnxb,Sdc1
CellChat,ligand_receptor,Thbs1,Sdc1
CellChat,ligand_receptor,Thbs2,Sdc1
CellChat,ligand_receptor,Thbs3,Sdc1
CellChat,ligand_receptor,Thbs4,Sdc1
CellChat,ligand_receptor,Comp,Sdc1
CellChat,ligand_receptor,Col1a1,Sdc4
CellChat,ligand_receptor,Col1a2,Sdc4
CellChat,ligand_receptor,Col2a1,Sdc4
CellChat,ligand_receptor,Col4a1,Sdc4
CellChat,ligand_receptor,Col4a2,Sdc4
CellChat,ligand_receptor,Col4a3,Sdc4
CellChat,ligand_receptor,Col4a4,Sdc4
CellChat,ligand_receptor,Col4a5,Sdc4
CellChat,ligand_receptor,Col4a6,Sdc4
CellChat,ligand_receptor,Col6a1,Sdc4
CellChat,ligand_receptor,Col6a2,Sdc4
CellChat,ligand_receptor,Col6a3,Sdc4
CellChat,ligand_receptor,Col6a4,Sdc4
CellChat,ligand_receptor,Col6a5,Sdc4
CellChat,ligand_receptor,Col6a6,Sdc4
CellChat,ligand_receptor,Col9a1,Sdc4
CellChat,ligand_receptor,Col9a2,Sdc4
CellChat,ligand_receptor,Col9a3,Sdc4
CellChat,ligand_receptor,Fn1,Sdc4
CellChat,ligand_receptor,Tnc,Sdc4
CellChat,ligand_receptor,Tnr,Sdc4
CellChat,ligand_receptor,Tnn,Sdc4
CellChat,ligand_receptor,Tnxb,Sdc4
CellChat,ligand_receptor,Thbs1,Sdc4
CellChat,ligand_receptor,Thbs2,Sdc4
CellChat,ligand_receptor,Thbs3,Sdc4
CellChat,ligand_receptor,Thbs4,Sdc4
CellChat,ligand_receptor,Comp,Sdc4
CellChat,ligand_receptor,Lama1,Sv2a
CellChat,ligand_receptor,Lama2,Sv2a
CellChat,ligand_receptor,Lama3,Sv2a
CellChat,ligand_receptor,Lama4,Sv2a
CellChat,ligand_receptor,Lama5,Sv2a
CellChat,ligand_receptor,Lamb1,Sv2a
CellChat,ligand_receptor,Lamb2,Sv2a
CellChat,ligand_receptor,Lamb3,Sv2a
CellChat,ligand_receptor,Lamc1,Sv2a
CellChat,ligand_receptor,Lamc2,Sv2a
CellChat,ligand_receptor,Lamc3,Sv2a
CellChat,ligand_receptor,Lama1,Sv2b
CellChat,ligand_receptor,Lama2,Sv2b
CellChat,ligand_receptor,Lama3,Sv2b
CellChat,ligand_receptor,Lama4,Sv2b
CellChat,ligand_receptor,Lama5,Sv2b
CellChat,ligand_receptor,Lamb1,Sv2b
CellChat,ligand_receptor,Lamb2,Sv2b
CellChat,ligand_receptor,Lamb3,Sv2b
CellChat,ligand_receptor,Lamc1,Sv2b
CellChat,ligand_receptor,Lamc2,Sv2b
CellChat,ligand_receptor,Lamc3,Sv2b
CellChat,ligand_receptor,Lama1,Sv2c
CellChat,ligand_receptor,Lama2,Sv2c
CellChat,ligand_receptor,Lama3,Sv2c
CellChat,ligand_receptor,Lama4,Sv2c
CellChat,ligand_receptor,Lama5,Sv2c
CellChat,ligand_receptor,Lamb1,Sv2c
CellChat,ligand_receptor,Lamb2,Sv2c
CellChat,ligand_receptor,Lamb3,Sv2c
CellChat,ligand_receptor,Lamc1,Sv2c
CellChat,ligand_receptor,Lamc2,Sv2c
CellChat,ligand_receptor,Lamc3,Sv2c
CellChat,ligand_receptor,Thbs1,Cd36
CellChat,ligand_receptor,Thbs2,Cd36
CellChat,ligand_receptor,Thbs3,Cd36
CellChat,ligand_receptor,Thbs4,Cd36
CellChat,ligand_receptor,Comp,Cd36
CellChat,ligand_receptor,Vwf,Gp complex
CellChat,ligand_receptor,Col1a1,Gp6
CellChat,ligand_receptor,Col1a2,Gp6
CellChat,ligand_receptor,Col2a1,Gp6
CellChat,ligand_receptor,Col4a1,Gp6
CellChat,ligand_receptor,Col4a2,Gp6
CellChat,ligand_receptor,Col4a3,Gp6
CellChat,ligand_receptor,Col4a4,Gp6
CellChat,ligand_receptor,Col4a5,Gp6
CellChat,ligand_receptor,Col4a6,Gp6
CellChat,ligand_receptor,Col6a1,Gp6
CellChat,ligand_receptor,Col6a2,Gp6
CellChat,ligand_receptor,Col6a3,Gp6
CellChat,ligand_receptor,Col6a4,Gp6
CellChat,ligand_receptor,Col6a5,Gp6
CellChat,ligand_receptor,Col6a6,Gp6
CellChat,ligand_receptor,Col9a1,Gp6
CellChat,ligand_receptor,Col9a2,Gp6
CellChat,ligand_receptor,Col9a3,Gp6
CellChat,ligand_receptor,Thbs1,Cd47
CellChat,ligand_receptor,Thbs2,Cd47
CellChat,ligand_receptor,Thbs3,Cd47
CellChat,ligand_receptor,Thbs4,Cd47
CellChat,ligand_receptor,Comp,Cd47
CellChat,ligand_receptor,Agrn,Dag1
CellChat,ligand_receptor,Hspg2,Dag1
CellChat,ligand_receptor,Lama1,Dag1
CellChat,ligand_receptor,Lama2,Dag1
CellChat,ligand_receptor,Lama3,Dag1
CellChat,ligand_receptor,Lama4,Dag1
CellChat,ligand_receptor,Lama5,Dag1
CellChat,ligand_receptor,Lamb1,Dag1
CellChat,ligand_receptor,Lamb2,Dag1
CellChat,ligand_receptor,Lamb3,Dag1
CellChat,ligand_receptor,Lamc1,Dag1
CellChat,ligand_receptor,Lamc2,Dag1
CellChat,ligand_receptor,Lamc3,Dag1
CellChat,ligand_receptor,Anxa1,Fpr2;Lxa4
CellChat,ligand_receptor,App,Cd74
CellChat,ligand_receptor,Bst2,Pira2
CellChat,ligand_receptor,Cadm1,Cadm1
CellChat,ligand_receptor,Cadm3,Cadm3
CellChat,ligand_receptor,Cd1d2,Pira2
CellChat,ligand_receptor,Cd200,Cd200r1
CellChat,ligand_receptor,Cd200,Cd200r2
CellChat,ligand_receptor,Cd200,Cd200r3
CellChat,ligand_receptor,Cd200,Cd200r4
CellChat,ligand_receptor,Fcer2a,Itgam;Itgb2
CellChat,ligand_receptor,Fcer2a,Itgax;Itgb2
CellChat,ligand_receptor,Fcer2a,Itgav;Itgb3
CellChat,ligand_receptor,Fcer2a,Cr2
CellChat,ligand_receptor,Cd34,Selp
CellChat,ligand_receptor,Entpd1,Adora1
CellChat,ligand_receptor,Entpd1,Adora2a
CellChat,ligand_receptor,Entpd1,Adora2b
CellChat,ligand_receptor,Entpd1,Tmigd3
CellChat,ligand_receptor,Cd40lg,Cd40
CellChat,ligand_receptor,Ptprc,Cd22
CellChat,ligand_receptor,Ptprc,Mrc1
CellChat,ligand_receptor,Cd46,Jag1
CellChat,ligand_receptor,Cd48,Cd244a
CellChat,ligand_receptor,Cd52,Siglecg
CellChat,ligand_receptor,Cd6,Alcam
CellChat,ligand_receptor,Cd80,Cd274
CellChat,ligand_receptor,Cd80,Cd28
CellChat,ligand_receptor,Cd80,Ctla4
CellChat,ligand_receptor,Cd86,Cd28
CellChat,ligand_receptor,Cd86,Ctla4
CellChat,ligand_receptor,Cd96,Pvr
CellChat,ligand_receptor,Cd99,Pilra
CellChat,ligand_receptor,Cd99,Cd99
CellChat,ligand_receptor,Cdh15,Cdh15
CellChat,ligand_receptor,Cdh4,Cdh4
CellChat,ligand_receptor,Cdh2,Cdh2
CellChat,ligand_receptor,Cdh1,Cdh1
CellChat,ligand_receptor,Cdh1,Itga2;Itgb1
CellChat,ligand_receptor,Cdh1,Itgae;Itgb7
CellChat,ligand_receptor,Cdh1,Klrg1
CellChat,ligand_receptor,Cdh5,Cdh5
CellChat,ligand_receptor,Cd1d1,Ceacam5
CellChat,ligand_receptor,Cd209a,Ceacam1
CellChat,ligand_receptor,Cd8a,Ceacam5
CellChat,ligand_receptor,Ceacam1,Ceacam5
CellChat,ligand_receptor,Sele,Ceacam1
CellChat,ligand_receptor,Cldn11,Cldn11
CellChat,ligand_receptor,Clec2d,Klrb1b
CellChat,ligand_receptor,Clec2g,Klrb1
CellChat,ligand_receptor,Clec2h,Klrb1
CellChat,ligand_receptor,Clec2i,Klrb1
CellChat,ligand_receptor,Clec2f,Klrb1f
CellChat,ligand_receptor,Clec2g,Klrb1f
CellChat,ligand_receptor,Clec2i,Klrb1f
CellChat,ligand_receptor,Nfasc,Cntn1;Cntnap1
CellChat,ligand_receptor,Cntn2,Cntn2;Cntnap2
CellChat,ligand_receptor,Cntn2,L1cam
CellChat,ligand_receptor,Cntn2,Cntn2
CellChat,ligand_receptor,Cntn1,Nrcam
CellChat,ligand_receptor,Cspg4,Itga3;Itgb1
CellChat,ligand_receptor,Dsc1,Dsg1c
CellChat,ligand_receptor,Dsc1,Dsg2
CellChat,ligand_receptor,Dsc2,Dsg1c
CellChat,ligand_receptor,Dsc2,Dsg2
CellChat,ligand_receptor,Dsg1c,Dsc3
CellChat,ligand_receptor,Dsg2,Dsc3
CellChat,ligand_receptor,Epgn,Egfr
CellChat,ligand_receptor,Efna1,Epha1
CellChat,ligand_receptor,Efna1,Epha2
CellChat,ligand_receptor,Efna1,Epha3
CellChat,ligand_receptor,Efna1,Epha4
CellChat,ligand_receptor,Efna1,Epha5
CellChat,ligand_receptor,Efna1,Epha7
CellChat,ligand_receptor,Efna1,Epha8
CellChat,ligand_receptor,Efna2,Epha1
CellChat,ligand_receptor,Efna2,Epha2
CellChat,ligand_receptor,Efna2,Epha3
CellChat,ligand_receptor,Efna2,Epha4
CellChat,ligand_receptor,Efna2,Epha5
CellChat,ligand_receptor,Efna2,Epha7
CellChat,ligand_receptor,Efna2,Epha8
CellChat,ligand_receptor,Efna3,Epha1
CellChat,ligand_receptor,Efna3,Epha2
CellChat,ligand_receptor,Efna3,Epha3
CellChat,ligand_receptor,Efna3,Epha4
CellChat,ligand_receptor,Efna3,Epha5
CellChat,ligand_receptor,Efna3,Epha7
CellChat,ligand_receptor,Efna3,Epha8
CellChat,ligand_receptor,Efna4,Epha1
CellChat,ligand_receptor,Efna4,Epha2
CellChat,ligand_receptor,Efna4,Epha3
CellChat,ligand_receptor,Efna4,Epha4
CellChat,ligand_receptor,Efna4,Epha5
CellChat,ligand_receptor,Efna4,Epha7
CellChat,ligand_receptor,Efna4,Epha8
CellChat,ligand_receptor,Efna5,Epha1
CellChat,ligand_receptor,Efna5,Epha2
CellChat,ligand_receptor,Efna5,Epha3
CellChat,ligand_receptor,Efna5,Epha4
CellChat,ligand_receptor,Efna5,Epha5
CellChat,ligand_receptor,Efna5,Epha7
CellChat,ligand_receptor,Efna5,Epha8
CellChat,ligand_receptor,Efna5,Ephb2
CellChat,ligand_receptor,Efnb1,Epha4
CellChat,ligand_receptor,Efnb1,Ephb1
CellChat,ligand_receptor,Efnb1,Ephb2
CellChat,ligand_receptor,Efnb1,Ephb3
CellChat,ligand_receptor,Efnb1,Ephb4
CellChat,ligand_receptor,Efnb2,Epha4
CellChat,ligand_receptor,Efnb2,Ephb1
CellChat,ligand_receptor,Efnb2,Ephb2
CellChat,ligand_receptor,Efnb2,Ephb3
CellChat,ligand_receptor,Efnb2,Ephb4
CellChat,ligand_receptor,Efnb3,Epha4
CellChat,ligand_receptor,Efnb3,Ephb1
CellChat,ligand_receptor,Efnb3,Ephb2
CellChat,ligand_receptor,Efnb3,Ephb3
CellChat,ligand_receptor,Efnb3,Ephb4
CellChat,ligand_receptor,Efnb3,Ephb6
CellChat,ligand_receptor,Esam,Esam
CellChat,ligand_receptor,Gp1ba,Itgam;Itgb2
CellChat,ligand_receptor,Icam1,Itgax;Itgb2
CellChat,ligand_receptor,Icam1,Itgal;Itgb2
CellChat,ligand_receptor,Icam2,Itgal;Itgb2
CellChat,ligand_receptor,Icam1,Itgam;Itgb2
CellChat,ligand_receptor,Icam2,Itgam;Itgb2
CellChat,ligand_receptor,Icam1,Itgal;Itgb2l
CellChat,ligand_receptor,Icam2,Itgal;Itgb2l
CellChat,ligand_receptor,Icam1,Itgam;Itgb2l
CellChat,ligand_receptor,Icam2,Itgam;Itgb2l
CellChat,ligand_receptor,Icam1,Itgal
CellChat,ligand_receptor,Icam1,Spn
CellChat,ligand_receptor,Icam5,Cd209a
CellChat,ligand_receptor,Icam5,Cd209f
CellChat,ligand_receptor,Icosl,Icos
CellChat,ligand_receptor,Icosl,Cd28
CellChat,ligand_receptor,Icosl,Ctla4
CellChat,ligand_receptor,Jam2,Itga3;Itgb1
CellChat,ligand_receptor,Jam2,Itgav;Itgb1
CellChat,ligand_receptor,Jam3,Itgam;Itgb2
CellChat,ligand_receptor,F11r,Itgal;Itgb2
CellChat,ligand_receptor,Jam3,Itgam;Itgb2l
CellChat,ligand_receptor,Jam2,Jam3
CellChat,ligand_receptor,F11r,F11r
CellChat,ligand_receptor,Jam2,F11r
CellChat,ligand_receptor,Jam2,Jam2
CellChat,ligand_receptor,Jam3,F11r
CellChat,ligand_receptor,Jam3,Jam3
CellChat,ligand_receptor,L1cam,Itgav;Itgb3
CellChat,ligand_receptor,L1cam,Itga4;Itgb7
CellChat,ligand_receptor,L1cam,L1cam
CellChat,ligand_receptor,Lair1,Pira2
CellChat,ligand_receptor,Lck,Cd8 receptor
CellChat,ligand_receptor,Madcam1,Itga4;Itgb7
CellChat,ligand_receptor,Mag,Mag
CellChat,ligand_receptor,H2-t23,Klrd1;Klrc1
CellChat,ligand_receptor,H2-t23,Klrd1;Klrc2
CellChat,ligand_receptor,H2-m2,Cd8a
CellChat,ligand_receptor,H2-m3,Cd8a
CellChat,ligand_receptor,H2-m9,Cd8a
CellChat,ligand_receptor,H2-q1,Cd8a
CellChat,ligand_receptor,H2-q10,Cd8a
CellChat,ligand_receptor,H2-q2,Cd8a
CellChat,ligand_receptor,H2-q7,Cd8a
CellChat,ligand_receptor,H2-q8,Cd8a
CellChat,ligand_receptor,H2-t22,Cd8a
CellChat,ligand_receptor,H2-t23,Cd8a
CellChat,ligand_receptor,H2-t24,Cd8a
CellChat,ligand_receptor,H2-t3,Cd8a
CellChat,ligand_receptor,H2-t9,Cd8a
CellChat,ligand_receptor,H2-m10.4,Cd8a
CellChat,ligand_receptor,H2-m11,Cd8a
CellChat,ligand_receptor,H2-m1,Cd8a
CellChat,ligand_receptor,H2-m10.5,Cd8a
CellChat,ligand_receptor,H2-m10.2,Cd8a
CellChat,ligand_receptor,H2-m10.6,Cd8a
CellChat,ligand_receptor,H2-t10,Cd8a
CellChat,ligand_receptor,H2-q6,Cd8a
CellChat,ligand_receptor,H2-m10.3,Cd8a
CellChat,ligand_receptor,H2-bl,Cd8a
CellChat,ligand_receptor,H2-d1,Cd8a
CellChat,ligand_receptor,H2-k1,Cd8a
CellChat,ligand_receptor,H2-m10.1,Cd8a
CellChat,ligand_receptor,H2-t18,Cd8a
CellChat,ligand_receptor,H2-q9,Cd8a
CellChat,ligand_receptor,H2-t26,Cd8a
CellChat,ligand_receptor,H2-l,Cd8a
CellChat,ligand_receptor,Gm10499,Cd8a
CellChat,ligand_receptor,H2-q4,Cd8a
CellChat,ligand_receptor,H2-t-ps,Cd8a
CellChat,ligand_receptor,H2-t27,Cd8a
CellChat,ligand_receptor,H2-m5,Cd8a
CellChat,ligand_receptor,H2-t25,Cd8a
CellChat,ligand_receptor,H2-m2,Cd8b1
CellChat,ligand_receptor,H2-m3,Cd8b1
CellChat,ligand_receptor,H2-m9,Cd8b1
CellChat,ligand_receptor,H2-q1,Cd8b1
CellChat,ligand_receptor,H2-q10,Cd8b1
CellChat,ligand_receptor,H2-q2,Cd8b1
CellChat,ligand_receptor,H2-q7,Cd8b1
CellChat,ligand_receptor,H2-q8,Cd8b1
CellChat,ligand_receptor,H2-t22,Cd8b1
CellChat,ligand_receptor,H2-t23,Cd8b1
CellChat,ligand_receptor,H2-t24,Cd8b1
CellChat,ligand_receptor,H2-t3,Cd8b1
CellChat,ligand_receptor,H2-t9,Cd8b1
CellChat,ligand_receptor,H2-m10.4,Cd8b1
CellChat,ligand_receptor,H2-m11,Cd8b1
CellChat,ligand_receptor,H2-m1,Cd8b1
CellChat,ligand_receptor,H2-m10.5,Cd8b1
CellChat,ligand_receptor,H2-m10.2,Cd8b1
CellChat,ligand_receptor,H2-m10.6,Cd8b1
CellChat,ligand_receptor,H2-t10,Cd8b1
CellChat,ligand_receptor,H2-q6,Cd8b1
CellChat,ligand_receptor,H2-m10.3,Cd8b1
CellChat,ligand_receptor,H2-bl,Cd8b1
CellChat,ligand_receptor,H2-d1,Cd8b1
CellChat,ligand_receptor,H2-k1,Cd8b1
CellChat,ligand_receptor,H2-m10.1,Cd8b1
CellChat,ligand_receptor,H2-t18,Cd8b1
CellChat,ligand_receptor,H2-q9,Cd8b1
CellChat,ligand_receptor,H2-t26,Cd8b1
CellChat,ligand_receptor,H2-l,Cd8b1
CellChat,ligand_receptor,Gm10499,Cd8b1
CellChat,ligand_receptor,H2-q4,Cd8b1
CellChat,ligand_receptor,H2-t-ps,Cd8b1
CellChat,ligand_receptor,H2-t27,Cd8b1
CellChat,ligand_receptor,H2-m5,Cd8b1
CellChat,ligand_receptor,H2-t25,Cd8b1
CellChat,ligand_receptor,H2-d1,Kir3dl1
CellChat,ligand_receptor,H2-k1,Kir3dl1
CellChat,ligand_receptor,H2-q1,Kir3dl1
CellChat,ligand_receptor,H2-q10,Kir3dl1
CellChat,ligand_receptor,H2-q2,Kir3dl1
CellChat,ligand_receptor,H2-q4,Kir3dl1
CellChat,ligand_receptor,H2-q6,Kir3dl1
CellChat,ligand_receptor,H2-q7,Kir3dl1
CellChat,ligand_receptor,H2-d,Klra
CellChat,ligand_receptor,H2-k1,Klra
CellChat,ligand_receptor,Ulbp1,Klrk1
CellChat,ligand_receptor,Raet1a,Klrk1
CellChat,ligand_receptor,H60a,Klrk1
CellChat,ligand_receptor,H2-ea,Cd4
CellChat,ligand_receptor,H2-aa,Cd4
CellChat,ligand_receptor,H2-ab1,Cd4
CellChat,ligand_receptor,H2-eb1,Cd4
CellChat,ligand_receptor,H2-dma,Cd4
CellChat,ligand_receptor,H2-dmb1,Cd4
CellChat,ligand_receptor,H2-dmb2,Cd4
CellChat,ligand_receptor,H2-oa,Cd4
CellChat,ligand_receptor,H2-ob,Cd4
CellChat,ligand_receptor,Mpz,Mpzl1
CellChat,ligand_receptor,Mpz,Mpz
CellChat,ligand_receptor,Mpzl1,Mpzl1
CellChat,ligand_receptor,Ncam1,Fgfr1
CellChat,ligand_receptor,Ncam1,Ncam1
CellChat,ligand_receptor,Ncam1,Ncam2
CellChat,ligand_receptor,Ncam1,L1cam
CellChat,ligand_receptor,Ncam2,L1cam
CellChat,ligand_receptor,Nectin1,Cadm3
CellChat,ligand_receptor,Nectin1,Cd96
CellChat,ligand_receptor,Nectin1,Nectin4
CellChat,ligand_receptor,Nectin3,Nectin2
CellChat,ligand_receptor,Nectin3,Pvr
CellChat,ligand_receptor,Nectin3,Tigit
CellChat,ligand_receptor,Nectin2,Cd226
CellChat,ligand_receptor,Nectin2,Tigit
CellChat,ligand_receptor,Nectin1,Nectin3
CellChat,ligand_receptor,Negr1,Negr1
CellChat,ligand_receptor,Lrrc4c,Ntng1
CellChat,ligand_receptor,Lrrc4,Ntng2
CellChat,ligand_receptor,Lrrc4b,Ptprf
CellChat,ligand_receptor,Ulbp1,Klrk1;Hcst
CellChat,ligand_receptor,Dlk1,Notch1
CellChat,ligand_receptor,Dlk1,Notch2
CellChat,ligand_receptor,Dlk1,Notch3
CellChat,ligand_receptor,Dlk1,Notch4
CellChat,ligand_receptor,Dll1,Notch1
CellChat,ligand_receptor,Dll1,Notch3
CellChat,ligand_receptor,Dll1,Notch4
CellChat,ligand_receptor,Dll3,Notch1
CellChat,ligand_receptor,Dll3,Notch2
CellChat,ligand_receptor,Dll3,Notch3
CellChat,ligand_receptor,Dll3,Notch4
CellChat,ligand_receptor,Dll4,Notch1
CellChat,ligand_receptor,Dll4,Notch2
CellChat,ligand_receptor,Dll4,Notch3
CellChat,ligand_receptor,Dll4,Notch4
CellChat,ligand_receptor,Jag1,Notch1
CellChat,ligand_receptor,Jag1,Notch2
CellChat,ligand_receptor,Jag1,Notch3
CellChat,ligand_receptor,Jag1,Notch4
CellChat,ligand_receptor,Jag2,Notch1
CellChat,ligand_receptor,Jag2,Notch2
CellChat,ligand_receptor,Jag2,Notch3
CellChat,ligand_receptor,Jag2,Notch4
CellChat,ligand_receptor,Dll1,Notch2
CellChat,ligand_receptor,Nrxn1,Nlgn1
CellChat,ligand_receptor,Nrxn1,Nlgn2
CellChat,ligand_receptor,Nrxn1,Nlgn3
CellChat,ligand_receptor,Nrxn2,Nlgn1
CellChat,ligand_receptor,Nrxn2,Nlgn2
CellChat,ligand_receptor,Nrxn2,Nlgn3
CellChat,ligand_receptor,Nrxn3,Nlgn1
CellChat,ligand_receptor,Nrxn3,Nlgn2
CellChat,ligand_receptor,Nrxn3,Nlgn3
CellChat,ligand_receptor,Ocln,Ocln
CellChat,ligand_receptor,Cd274,Pdcd1
CellChat,ligand_receptor,Pdcd1lg2,Pdcd1
CellChat,ligand_receptor,Pecam1,Pecam1
CellChat,ligand_receptor,Ptprm,Ptprm
CellChat,ligand_receptor,Pvr,Cd226
CellChat,ligand_receptor,Pvr,Tigit
CellChat,ligand_receptor,Sele,Cd44
CellChat,ligand_receptor,Sele,Glg1
CellChat,ligand_receptor,Sell,Cd34
CellChat,ligand_receptor,Sell,Podxl
CellChat,ligand_receptor,Sell,Glycam1
CellChat,ligand_receptor,Sell,Madcam1
CellChat,ligand_receptor,Selplg,Sele
CellChat,ligand_receptor,Selplg,Sell
CellChat,ligand_receptor,Selplg,Selp
CellChat,ligand_receptor,Sema4a,Nrp1;Plxna1
CellChat,ligand_receptor,Sema4a,Nrp1;Plxna2
CellChat,ligand_receptor,Sema4a,Nrp1;Plxna3
CellChat,ligand_receptor,Sema4a,Nrp1;Plxna4
CellChat,ligand_receptor,Sema4a,Plxnb1
CellChat,ligand_receptor,Sema4a,Plxnb2
CellChat,ligand_receptor,Sema4a,Plxnb3
CellChat,ligand_receptor,Sema4d,Plxnb1
CellChat,ligand_receptor,Sema4d,Plxnb2
CellChat,ligand_receptor,Sema4d,Plxnb3
CellChat,ligand_receptor,Sema4c,Plxnb2
CellChat,ligand_receptor,Sema4g,Plxnb2
CellChat,ligand_receptor,Sema4a,Timd2
CellChat,ligand_receptor,Sema4d,Cd72
CellChat,ligand_receptor,Sema5a,Plxna1
CellChat,ligand_receptor,Sema5b,Plxna1
CellChat,ligand_receptor,Sema5a,Plxna3
CellChat,ligand_receptor,Sema5b,Plxna3
CellChat,ligand_receptor,Sema5a,Plxnb3
CellChat,ligand_receptor,Sema6d,Plxna1;Kdr
CellChat,ligand_receptor,Sema6d,Plxna1;Trem2
CellChat,ligand_receptor,Sema6d,Plxna1
CellChat,ligand_receptor,Sema6a,Plxna2
CellChat,ligand_receptor,Sema6b,Plxna2
CellChat,ligand_receptor,Sema6a,Plxna4
CellChat,ligand_receptor,Sema6b,Plxna4
CellChat,ligand_receptor,Sema7a,Itgb1;Itga1
CellChat,ligand_receptor,Sema7a,Plxnc1
CellChat,ligand_receptor,Siglec1,Spn
CellChat,ligand_receptor,Thy1,Itgam;Itgb2
CellChat,ligand_receptor,Thy1,Itgax;Itgb2
CellChat,ligand_receptor,Thy1,Itgav;Itgb3
CellChat,ligand_receptor,Itga4;Itgb1,Vcam1
CellChat,ligand_receptor,Itga9;Itgb1,Vcam1
CellChat,ligand_receptor,Itga4;Itgb7,Vcam1
CellChat,ligand_receptor,Vsir,Igsf11
CellChat,ligand_receptor,Cdh3,Cdh3
CellChat,ligand_receptor,Cdh12,Itga1;Itgb1
CellChat,ligand_receptor,Dsc1,Dsg3
CellChat,ligand_receptor,Dsc1,Dsg4
CellChat,ligand_receptor,Dsc2,Dsg3
CellChat,ligand_receptor,Dsc2,Dsg4
CellChat,ligand_receptor,Dsc3,Dsg3
CellChat,ligand_receptor,Dsc3,Dsg4
CellChat,ligand_receptor,Gja5,Gja5
CellChat,ligand_receptor,Gja1,Gja5
CellChat,ligand_receptor,Gja6,Gja5
CellChat,ligand_receptor,Gjc1,Gja5
CellChat,ligand_receptor,Gja3,Gja5
CellChat,ligand_receptor,Gja1,Gja1
CellChat,ligand_receptor,Gja1,Gja6
CellChat,ligand_receptor,Gja6,Gja6
CellChat,ligand_receptor,Gjc1,Gja1
CellChat,ligand_receptor,Gjc1,Gja6
CellChat,ligand_receptor,Gja3,Gja1
CellChat,ligand_receptor,Gja3,Gja6
CellChat,ligand_receptor,Gjc1,Gjc1
CellChat,ligand_receptor,Gja3,Gjc1
CellChat,ligand_receptor,Gja3,Gja3
CellChat,ligand_receptor,Cldn1,Cldn1
CellChat,ligand_receptor,Cldn2,Cldn2
CellChat,ligand_receptor,Cldn3,Cldn3
CellChat,ligand_receptor,Pcdha9,Pcdha9
CellChat,ligand_receptor,Pcdha11,Pcdha11
CellChat,ligand_receptor,Pcdha10,Pcdha10
CellChat,ligand_receptor,Pcdha12,Pcdha12
CellChat,ligand_receptor,Pcdha1,Pcdha1
CellChat,ligand_receptor,Pcdha2,Pcdha2
CellChat,ligand_receptor,Pcdha3,Pcdha3
CellChat,ligand_receptor,Pcdha4b,Pcdha4b
CellChat,ligand_receptor,Pcdha4b,Pcdha4
CellChat,ligand_receptor,Pcdha4,Pcdha4
CellChat,ligand_receptor,Pcdha5,Pcdha5
CellChat,ligand_receptor,Pcdha6,Pcdha6
CellChat,ligand_receptor,Pcdha7,Pcdha7
CellChat,ligand_receptor,Pcdha8,Pcdha8
CellChat,ligand_receptor,Pcdhac1,Pcdhac1
CellChat,ligand_receptor,Pcdhac2,Pcdhac2
CellChat,ligand_receptor,Pcdhb1,Pcdhb1
CellChat,ligand_receptor,Pcdhb18,Pcdhb18
CellChat,ligand_receptor,Pcdhb19,Pcdhb19
CellChat,ligand_receptor,Pcdhb19,Pcdhb21
CellChat,ligand_receptor,Pcdhb21,Pcdhb21
CellChat,ligand_receptor,Pcdhb16,Pcdhb16
CellChat,ligand_receptor,Pcdhb20,Pcdhb20
CellChat,ligand_receptor,Pcdhb22,Pcdhb22
CellChat,ligand_receptor,Pcdhb17,Pcdhb17
CellChat,ligand_receptor,Pcdhb2,Pcdhb2
CellChat,ligand_receptor,Pcdhb3,Pcdhb3
CellChat,ligand_receptor,Pcdhb7,Pcdhb7
CellChat,ligand_receptor,Pcdhb7,Pcdhb5
CellChat,ligand_receptor,Pcdhb7,Pcdhb9
CellChat,ligand_receptor,Pcdhb5,Pcdhb5
CellChat,ligand_receptor,Pcdhb5,Pcdhb9
CellChat,ligand_receptor,Pcdhb9,Pcdhb9
CellChat,ligand_receptor,Pcdhb4,Pcdhb4
CellChat,ligand_receptor,Pcdhb4,Pcdhb12
CellChat,ligand_receptor,Pcdhb4,Pcdhb10
CellChat,ligand_receptor,Pcdhb4,Pcdhb11
CellChat,ligand_receptor,Pcdhb4,Pcdhb8
CellChat,ligand_receptor,Pcdhb4,Pcdhb6
CellChat,ligand_receptor,Pcdhb12,Pcdhb12
CellChat,ligand_receptor,Pcdhb12,Pcdhb10
CellChat,ligand_receptor,Pcdhb12,Pcdhb11
CellChat,ligand_receptor,Pcdhb12,Pcdhb8
CellChat,ligand_receptor,Pcdhb12,Pcdhb6
CellChat,ligand_receptor,Pcdhb10,Pcdhb10
CellChat,ligand_receptor,Pcdhb10,Pcdhb11
CellChat,ligand_receptor,Pcdhb10,Pcdhb8
CellChat,ligand_receptor,Pcdhb10,Pcdhb6
CellChat,ligand_receptor,Pcdhb11,Pcdhb11
CellChat,ligand_receptor,Pcdhb11,Pcdhb8
CellChat,ligand_receptor,Pcdhb11,Pcdhb6
CellChat,ligand_receptor,Pcdhb8,Pcdhb8
CellChat,ligand_receptor,Pcdhb8,Pcdhb6
CellChat,ligand_receptor,Pcdhb6,Pcdhb6
CellChat,ligand_receptor,Pcdhb13,Pcdhb13
CellChat,ligand_receptor,Pcdhb15,Pcdhb15
CellChat,ligand_receptor,Pcdhga1,Pcdhga1
CellChat,ligand_receptor,Pcdhga10,Pcdhga10
CellChat,ligand_receptor,Pcdhga11,Pcdhga11
CellChat,ligand_receptor,Pcdhga12,Pcdhga12
CellChat,ligand_receptor,Pcdhga2,Pcdhga2
CellChat,ligand_receptor,Pcdhga3,Pcdhga3
CellChat,ligand_receptor,Pcdhga4,Pcdhga4
CellChat,ligand_receptor,Pcdhga5,Pcdhga5
CellChat,ligand_receptor,Pcdhga6,Pcdhga6
CellChat,ligand_receptor,Pcdhga7,Pcdhga7
CellChat,ligand_receptor,Pcdhga8,Pcdhga8
CellChat,ligand_receptor,Pcdhga9,Pcdhga9
CellChat,ligand_receptor,Pcdhgb1,Pcdhgb1
CellChat,ligand_receptor,Pcdhgb2,Pcdhgb2
CellChat,ligand_receptor,Pcdhgb8,Pcdhgb8
CellChat,ligand_receptor,Pcdhgb4,Pcdhgb4
CellChat,ligand_receptor,Pcdhgb5,Pcdhgb5
CellChat,ligand_receptor,Pcdhgb6,Pcdhgb6
CellChat,ligand_receptor,Pcdhgb7,Pcdhgb7
CellChat,ligand_receptor,Pcdhgc3,Pcdhgc3
CellChat,ligand_receptor,Pcdhgc4,Pcdhgc4
CellChat,ligand_receptor,Pcdhgc5,Pcdhgc5
CellChat,ligand_receptor,Klk6,F2r
CellChat,ligand_receptor,Klk6,F2rl1
CellChat,ligand_receptor,Klk5,F2rl1
CellChat,ligand_receptor,Klk4,F2r
CellChat,ligand_receptor,Klk1,F2r
CellChat,ligand_receptor,Klk14,F2r
CellChat,ligand_receptor,Klk4,F2rl1
CellChat,ligand_receptor,Klk14,F2rl1
CellChat,ligand_receptor,Klk7,F2rl1
CellChat,ligand_receptor,Klk8,F2r
CellChat,ligand_receptor,Adm,Calcr;Ramp1
CellChat,ligand_receptor,Adm,Calcr;Ramp2
CellChat,ligand_receptor,Adm,Calcr;Ramp3
CellChat,ligand_receptor,Adm,Calcrl;Ramp1
CellChat,ligand_receptor,Adm,Calcrl;Ramp2
CellChat,ligand_receptor,Adm,Calcrl;Ramp3
CellChat,ligand_receptor,Calca,Calcr;Ramp1
CellChat,ligand_receptor,Calca,Calcr;Ramp2
CellChat,ligand_receptor,Calca,Calcr;Ramp3
CellChat,ligand_receptor,Calca,Calcrl;Ramp1
CellChat,ligand_receptor,Calca,Calcrl;Ramp2
CellChat,ligand_receptor,Calca,Calcrl;Ramp3
CellChat,ligand_receptor,Calcb,Calcr;Ramp1
CellChat,ligand_receptor,Calcb,Calcr;Ramp2
CellChat,ligand_receptor,Calcb,Calcr;Ramp3
CellChat,ligand_receptor,Calcb,Calcrl;Ramp1
CellChat,ligand_receptor,Calcb,Calcrl;Ramp2
CellChat,ligand_receptor,Calcb,Calcrl;Ramp3
CellChat,ligand_receptor,Iapp,Calcr;Ramp1
CellChat,ligand_receptor,Iapp,Calcr;Ramp2
CellChat,ligand_receptor,Iapp,Calcr;Ramp3
CellChat,ligand_receptor,Iapp,Calcrl;Ramp1
CellChat,ligand_receptor,Iapp,Calcrl;Ramp2
CellChat,ligand_receptor,Iapp,Calcrl;Ramp3
CellChat,ligand_receptor,Proc,Procr;Hsp90aa1
CellChat,ligand_receptor,Proc,Procr;F2r
CellChat,ligand_receptor,Vtn,Plaur
CellChat,ligand_receptor,5-ht-tph1;Slc18a1,Htr3;Complex
CellChat,ligand_receptor,5-ht-tph1;Slc18a2,Htr3;Complex
CellChat,ligand_receptor,5-ht-tph1;Slc6a4,Htr3;Complex
CellChat,ligand_receptor,5-ht-tph2;Slc18a1,Htr3;Complex
CellChat,ligand_receptor,5-ht-tph2;Slc18a2,Htr3;Complex
CellChat,ligand_receptor,5-ht-tph2;Slc6a4,Htr3;Complex
CellChat,ligand_receptor,Ach-chat;Slc10a4,Chrn;A1;2b1de
CellChat,ligand_receptor,Ach-chat;Slc10a4,Chrn;A1;2b1dg
CellChat,ligand_receptor,Ach-chat;Slc10a4,Chrn;A3b4
CellChat,ligand_receptor,Ach-chat;Slc10a4,Chrn;A4b2
CellChat,ligand_receptor,Ach-chat;Slc10a4,Chrna7
CellChat,ligand_receptor,Ach-chat;Slc18a3,Chrn;A1;2b1de
CellChat,ligand_receptor,Ach-chat;Slc18a3,Chrn;A1;2b1dg
CellChat,ligand_receptor,Ach-chat;Slc18a3,Chrn;A3b4
CellChat,ligand_receptor,Ach-chat;Slc18a3,Chrn;A4b2
CellChat,ligand_receptor,Ach-chat;Slc18a3,Chrna7
CellChat,ligand_receptor,Ach-chat;Slc5a7,Chrn;A1;2b1de
CellChat,ligand_receptor,Ach-chat;Slc5a7,Chrn;A1;2b1dg
CellChat,ligand_receptor,Ach-chat;Slc5a7,Chrn;A3b4
CellChat,ligand_receptor,Ach-chat;Slc5a7,Chrn;A4b2
CellChat,ligand_receptor,Ach-chat;Slc5a7,Chrna7
CellChat,ligand_receptor,Gaba-gad1;Slc32a1,Gabr;A1b3g2
CellChat,ligand_receptor,Gaba-gad1;Slc32a1,Gabr;A1b2g2
CellChat,ligand_receptor,Gaba-gad1;Slc32a1,Gabr;A1b2
CellChat,ligand_receptor,Gaba-gad1;Slc32a1,Gabr;A1b3
CellChat,ligand_receptor,Gaba-gad1;Slc32a1,Gabr;A1b2d
CellChat,ligand_receptor,Gaba-gad1;Slc32a1,Gabr;A2b3g2
CellChat,ligand_receptor,Gaba-gad1;Slc32a1,Gabr;A3b3g2
CellChat,ligand_receptor,Gaba-gad1;Slc32a1,Gabr;A3b3q
CellChat,ligand_receptor,Gaba-gad1;Slc32a1,Gabr;A3b3e
CellChat,ligand_receptor,Gaba-gad1;Slc32a1,Gabr;A4b3g2
CellChat,ligand_receptor,Gaba-gad1;Slc32a1,Gabr;A4b3d
CellChat,ligand_receptor,Gaba-gad1;Slc32a1,Gabr;A4b2d
CellChat,ligand_receptor,Gaba-gad1;Slc32a1,Gabr;A5b3g2
CellChat,ligand_receptor,Gaba-gad1;Slc32a1,Gabr;A6b3g2
CellChat,ligand_receptor,Gaba-gad1;Slc32a1,Gabr;A6b3d
CellChat,ligand_receptor,Gaba-gad1;Slc6a1,Gabr;A1b3g2
CellChat,ligand_receptor,Gaba-gad1;Slc6a1,Gabr;A1b2g2
CellChat,ligand_receptor,Gaba-gad1;Slc6a1,Gabr;A1b2
CellChat,ligand_receptor,Gaba-gad1;Slc6a1,Gabr;A1b3
CellChat,ligand_receptor,Gaba-gad1;Slc6a1,Gabr;A1b2d
CellChat,ligand_receptor,Gaba-gad1;Slc6a1,Gabr;A2b3g2
CellChat,ligand_receptor,Gaba-gad1;Slc6a1,Gabr;A3b3g2
CellChat,ligand_receptor,Gaba-gad1;Slc6a1,Gabr;A3b3q
CellChat,ligand_receptor,Gaba-gad1;Slc6a1,Gabr;A3b3e
CellChat,ligand_receptor,Gaba-gad1;Slc6a1,Gabr;A4b3g2
CellChat,ligand_receptor,Gaba-gad1;Slc6a1,Gabr;A4b3d
CellChat,ligand_receptor,Gaba-gad1;Slc6a1,Gabr;A4b2d
CellChat,ligand_receptor,Gaba-gad1;Slc6a1,Gabr;A5b3g2
CellChat,ligand_receptor,Gaba-gad1;Slc6a1,Gabr;A6b3g2
CellChat,ligand_receptor,Gaba-gad1;Slc6a1,Gabr;A6b3d
CellChat,ligand_receptor,Gaba-gad1;Slc6a11,Gabr;A1b3g2
CellChat,ligand_receptor,Gaba-gad1;Slc6a11,Gabr;A1b2g2
CellChat,ligand_receptor,Gaba-gad1;Slc6a11,Gabr;A1b2
CellChat,ligand_receptor,Gaba-gad1;Slc6a11,Gabr;A1b3
CellChat,ligand_receptor,Gaba-gad1;Slc6a11,Gabr;A1b2d
CellChat,ligand_receptor,Gaba-gad1;Slc6a11,Gabr;A2b3g2
CellChat,ligand_receptor,Gaba-gad1;Slc6a11,Gabr;A3b3g2
CellChat,ligand_receptor,Gaba-gad1;Slc6a11,Gabr;A3b3q
CellChat,ligand_receptor,Gaba-gad1;Slc6a11,Gabr;A3b3e
CellChat,ligand_receptor,Gaba-gad1;Slc6a11,Gabr;A4b3g2
CellChat,ligand_receptor,Gaba-gad1;Slc6a11,Gabr;A4b3d
CellChat,ligand_receptor,Gaba-gad1;Slc6a11,Gabr;A4b2d
CellChat,ligand_receptor,Gaba-gad1;Slc6a11,Gabr;A5b3g2
CellChat,ligand_receptor,Gaba-gad1;Slc6a11,Gabr;A6b3g2
CellChat,ligand_receptor,Gaba-gad1;Slc6a11,Gabr;A6b3d
CellChat,ligand_receptor,Gaba-gad1;Slc6a12,Gabr;A1b3g2
CellChat,ligand_receptor,Gaba-gad1;Slc6a12,Gabr;A1b2g2
CellChat,ligand_receptor,Gaba-gad1;Slc6a12,Gabr;A1b2
CellChat,ligand_receptor,Gaba-gad1;Slc6a12,Gabr;A1b3
CellChat,ligand_receptor,Gaba-gad1;Slc6a12,Gabr;A1b2d
CellChat,ligand_receptor,Gaba-gad1;Slc6a12,Gabr;A2b3g2
CellChat,ligand_receptor,Gaba-gad1;Slc6a12,Gabr;A3b3g2
CellChat,ligand_receptor,Gaba-gad1;Slc6a12,Gabr;A3b3q
CellChat,ligand_receptor,Gaba-gad1;Slc6a12,Gabr;A3b3e
CellChat,ligand_receptor,Gaba-gad1;Slc6a12,Gabr;A4b3g2
CellChat,ligand_receptor,Gaba-gad1;Slc6a12,Gabr;A4b3d
CellChat,ligand_receptor,Gaba-gad1;Slc6a12,Gabr;A4b2d
CellChat,ligand_receptor,Gaba-gad1;Slc6a12,Gabr;A5b3g2
CellChat,ligand_receptor,Gaba-gad1;Slc6a12,Gabr;A6b3g2
CellChat,ligand_receptor,Gaba-gad1;Slc6a12,Gabr;A6b3d
CellChat,ligand_receptor,Gaba-gad1;Slc6a13,Gabr;A1b3g2
CellChat,ligand_receptor,Gaba-gad1;Slc6a13,Gabr;A1b2g2
CellChat,ligand_receptor,Gaba-gad1;Slc6a13,Gabr;A1b2
CellChat,ligand_receptor,Gaba-gad1;Slc6a13,Gabr;A1b3
CellChat,ligand_receptor,Gaba-gad1;Slc6a13,Gabr;A1b2d
CellChat,ligand_receptor,Gaba-gad1;Slc6a13,Gabr;A2b3g2
CellChat,ligand_receptor,Gaba-gad1;Slc6a13,Gabr;A3b3g2
CellChat,ligand_receptor,Gaba-gad1;Slc6a13,Gabr;A3b3q
CellChat,ligand_receptor,Gaba-gad1;Slc6a13,Gabr;A3b3e
CellChat,ligand_receptor,Gaba-gad1;Slc6a13,Gabr;A4b3g2
CellChat,ligand_receptor,Gaba-gad1;Slc6a13,Gabr;A4b3d
CellChat,ligand_receptor,Gaba-gad1;Slc6a13,Gabr;A4b2d
CellChat,ligand_receptor,Gaba-gad1;Slc6a13,Gabr;A5b3g2
CellChat,ligand_receptor,Gaba-gad1;Slc6a13,Gabr;A6b3g2
CellChat,ligand_receptor,Gaba-gad1;Slc6a13,Gabr;A6b3d
CellChat,ligand_receptor,Gaba-gad1;Slc6a6,Gabr;A1b3g2
CellChat,ligand_receptor,Gaba-gad1;Slc6a6,Gabr;A1b2g2
CellChat,ligand_receptor,Gaba-gad1;Slc6a6,Gabr;A1b2
CellChat,ligand_receptor,Gaba-gad1;Slc6a6,Gabr;A1b3
CellChat,ligand_receptor,Gaba-gad1;Slc6a6,Gabr;A1b2d
CellChat,ligand_receptor,Gaba-gad1;Slc6a6,Gabr;A2b3g2
CellChat,ligand_receptor,Gaba-gad1;Slc6a6,Gabr;A3b3g2
CellChat,ligand_receptor,Gaba-gad1;Slc6a6,Gabr;A3b3q
CellChat,ligand_receptor,Gaba-gad1;Slc6a6,Gabr;A3b3e
CellChat,ligand_receptor,Gaba-gad1;Slc6a6,Gabr;A4b3g2
CellChat,ligand_receptor,Gaba-gad1;Slc6a6,Gabr;A4b3d
CellChat,ligand_receptor,Gaba-gad1;Slc6a6,Gabr;A4b2d
CellChat,ligand_receptor,Gaba-gad1;Slc6a6,Gabr;A5b3g2
CellChat,ligand_receptor,Gaba-gad1;Slc6a6,Gabr;A6b3g2
CellChat,ligand_receptor,Gaba-gad1;Slc6a6,Gabr;A6b3d
CellChat,ligand_receptor,Gaba-gad1;Slc6a8,Gabr;A1b3g2
CellChat,ligand_receptor,Gaba-gad1;Slc6a8,Gabr;A1b2g2
CellChat,ligand_receptor,Gaba-gad1;Slc6a8,Gabr;A1b2
CellChat,ligand_receptor,Gaba-gad1;Slc6a8,Gabr;A1b3
CellChat,ligand_receptor,Gaba-gad1;Slc6a8,Gabr;A1b2d
CellChat,ligand_receptor,Gaba-gad1;Slc6a8,Gabr;A2b3g2
CellChat,ligand_receptor,Gaba-gad1;Slc6a8,Gabr;A3b3g2
CellChat,ligand_receptor,Gaba-gad1;Slc6a8,Gabr;A3b3q
CellChat,ligand_receptor,Gaba-gad1;Slc6a8,Gabr;A3b3e
CellChat,ligand_receptor,Gaba-gad1;Slc6a8,Gabr;A4b3g2
CellChat,ligand_receptor,Gaba-gad1;Slc6a8,Gabr;A4b3d
CellChat,ligand_receptor,Gaba-gad1;Slc6a8,Gabr;A4b2d
CellChat,ligand_receptor,Gaba-gad1;Slc6a8,Gabr;A5b3g2
CellChat,ligand_receptor,Gaba-gad1;Slc6a8,Gabr;A6b3g2
CellChat,ligand_receptor,Gaba-gad1;Slc6a8,Gabr;A6b3d
CellChat,ligand_receptor,Gaba-gad2;Slc32a1,Gabr;A1b3g2
CellChat,ligand_receptor,Gaba-gad2;Slc32a1,Gabr;A1b2g2
CellChat,ligand_receptor,Gaba-gad2;Slc32a1,Gabr;A1b2
CellChat,ligand_receptor,Gaba-gad2;Slc32a1,Gabr;A1b3
CellChat,ligand_receptor,Gaba-gad2;Slc32a1,Gabr;A1b2d
CellChat,ligand_receptor,Gaba-gad2;Slc32a1,Gabr;A2b3g2
CellChat,ligand_receptor,Gaba-gad2;Slc32a1,Gabr;A3b3g2
CellChat,ligand_receptor,Gaba-gad2;Slc32a1,Gabr;A3b3q
CellChat,ligand_receptor,Gaba-gad2;Slc32a1,Gabr;A3b3e
CellChat,ligand_receptor,Gaba-gad2;Slc32a1,Gabr;A4b3g2
CellChat,ligand_receptor,Gaba-gad2;Slc32a1,Gabr;A4b3d
CellChat,ligand_receptor,Gaba-gad2;Slc32a1,Gabr;A4b2d
CellChat,ligand_receptor,Gaba-gad2;Slc32a1,Gabr;A5b3g2
CellChat,ligand_receptor,Gaba-gad2;Slc32a1,Gabr;A6b3g2
CellChat,ligand_receptor,Gaba-gad2;Slc32a1,Gabr;A6b3d
CellChat,ligand_receptor,Gaba-gad2;Slc6a1,Gabr;A1b3g2
CellChat,ligand_receptor,Gaba-gad2;Slc6a1,Gabr;A1b2g2
CellChat,ligand_receptor,Gaba-gad2;Slc6a1,Gabr;A1b2
CellChat,ligand_receptor,Gaba-gad2;Slc6a1,Gabr;A1b3
CellChat,ligand_receptor,Gaba-gad2;Slc6a1,Gabr;A1b2d
CellChat,ligand_receptor,Gaba-gad2;Slc6a1,Gabr;A2b3g2
CellChat,ligand_receptor,Gaba-gad2;Slc6a1,Gabr;A3b3g2
CellChat,ligand_receptor,Gaba-gad2;Slc6a1,Gabr;A3b3q
CellChat,ligand_receptor,Gaba-gad2;Slc6a1,Gabr;A3b3e
CellChat,ligand_receptor,Gaba-gad2;Slc6a1,Gabr;A4b3g2
CellChat,ligand_receptor,Gaba-gad2;Slc6a1,Gabr;A4b3d
CellChat,ligand_receptor,Gaba-gad2;Slc6a1,Gabr;A4b2d
CellChat,ligand_receptor,Gaba-gad2;Slc6a1,Gabr;A5b3g2
CellChat,ligand_receptor,Gaba-gad2;Slc6a1,Gabr;A6b3g2
CellChat,ligand_receptor,Gaba-gad2;Slc6a1,Gabr;A6b3d
CellChat,ligand_receptor,Gaba-gad2;Slc6a11,Gabr;A1b3g2
CellChat,ligand_receptor,Gaba-gad2;Slc6a11,Gabr;A1b2g2
CellChat,ligand_receptor,Gaba-gad2;Slc6a11,Gabr;A1b2
CellChat,ligand_receptor,Gaba-gad2;Slc6a11,Gabr;A1b3
CellChat,ligand_receptor,Gaba-gad2;Slc6a11,Gabr;A1b2d
CellChat,ligand_receptor,Gaba-gad2;Slc6a11,Gabr;A2b3g2
CellChat,ligand_receptor,Gaba-gad2;Slc6a11,Gabr;A3b3g2
CellChat,ligand_receptor,Gaba-gad2;Slc6a11,Gabr;A3b3q
CellChat,ligand_receptor,Gaba-gad2;Slc6a11,Gabr;A3b3e
CellChat,ligand_receptor,Gaba-gad2;Slc6a11,Gabr;A4b3g2
CellChat,ligand_receptor,Gaba-gad2;Slc6a11,Gabr;A4b3d
CellChat,ligand_receptor,Gaba-gad2;Slc6a11,Gabr;A4b2d
CellChat,ligand_receptor,Gaba-gad2;Slc6a11,Gabr;A5b3g2
CellChat,ligand_receptor,Gaba-gad2;Slc6a11,Gabr;A6b3g2
CellChat,ligand_receptor,Gaba-gad2;Slc6a11,Gabr;A6b3d
CellChat,ligand_receptor,Gaba-gad2;Slc6a12,Gabr;A1b3g2
CellChat,ligand_receptor,Gaba-gad2;Slc6a12,Gabr;A1b2g2
CellChat,ligand_receptor,Gaba-gad2;Slc6a12,Gabr;A1b2
CellChat,ligand_receptor,Gaba-gad2;Slc6a12,Gabr;A1b3
CellChat,ligand_receptor,Gaba-gad2;Slc6a12,Gabr;A1b2d
CellChat,ligand_receptor,Gaba-gad2;Slc6a12,Gabr;A2b3g2
CellChat,ligand_receptor,Gaba-gad2;Slc6a12,Gabr;A3b3g2
CellChat,ligand_receptor,Gaba-gad2;Slc6a12,Gabr;A3b3q
CellChat,ligand_receptor,Gaba-gad2;Slc6a12,Gabr;A3b3e
CellChat,ligand_receptor,Gaba-gad2;Slc6a12,Gabr;A4b3g2
CellChat,ligand_receptor,Gaba-gad2;Slc6a12,Gabr;A4b3d
CellChat,ligand_receptor,Gaba-gad2;Slc6a12,Gabr;A4b2d
CellChat,ligand_receptor,Gaba-gad2;Slc6a12,Gabr;A5b3g2
CellChat,ligand_receptor,Gaba-gad2;Slc6a12,Gabr;A6b3g2
CellChat,ligand_receptor,Gaba-gad2;Slc6a12,Gabr;A6b3d
CellChat,ligand_receptor,Gaba-gad2;Slc6a13,Gabr;A1b3g2
CellChat,ligand_receptor,Gaba-gad2;Slc6a13,Gabr;A1b2g2
CellChat,ligand_receptor,Gaba-gad2;Slc6a13,Gabr;A1b2
CellChat,ligand_receptor,Gaba-gad2;Slc6a13,Gabr;A1b3
CellChat,ligand_receptor,Gaba-gad2;Slc6a13,Gabr;A1b2d
CellChat,ligand_receptor,Gaba-gad2;Slc6a13,Gabr;A2b3g2
CellChat,ligand_receptor,Gaba-gad2;Slc6a13,Gabr;A3b3g2
CellChat,ligand_receptor,Gaba-gad2;Slc6a13,Gabr;A3b3q
CellChat,ligand_receptor,Gaba-gad2;Slc6a13,Gabr;A3b3e
CellChat,ligand_receptor,Gaba-gad2;Slc6a13,Gabr;A4b3g2
CellChat,ligand_receptor,Gaba-gad2;Slc6a13,Gabr;A4b3d
CellChat,ligand_receptor,Gaba-gad2;Slc6a13,Gabr;A4b2d
CellChat,ligand_receptor,Gaba-gad2;Slc6a13,Gabr;A5b3g2
CellChat,ligand_receptor,Gaba-gad2;Slc6a13,Gabr;A6b3g2
CellChat,ligand_receptor,Gaba-gad2;Slc6a13,Gabr;A6b3d
CellChat,ligand_receptor,Gaba-gad2;Slc6a6,Gabr;A1b3g2
CellChat,ligand_receptor,Gaba-gad2;Slc6a6,Gabr;A1b2g2
CellChat,ligand_receptor,Gaba-gad2;Slc6a6,Gabr;A1b2
CellChat,ligand_receptor,Gaba-gad2;Slc6a6,Gabr;A1b3
CellChat,ligand_receptor,Gaba-gad2;Slc6a6,Gabr;A1b2d
CellChat,ligand_receptor,Gaba-gad2;Slc6a6,Gabr;A2b3g2
CellChat,ligand_receptor,Gaba-gad2;Slc6a6,Gabr;A3b3g2
CellChat,ligand_receptor,Gaba-gad2;Slc6a6,Gabr;A3b3q
CellChat,ligand_receptor,Gaba-gad2;Slc6a6,Gabr;A3b3e
CellChat,ligand_receptor,Gaba-gad2;Slc6a6,Gabr;A4b3g2
CellChat,ligand_receptor,Gaba-gad2;Slc6a6,Gabr;A4b3d
CellChat,ligand_receptor,Gaba-gad2;Slc6a6,Gabr;A4b2d
CellChat,ligand_receptor,Gaba-gad2;Slc6a6,Gabr;A5b3g2
CellChat,ligand_receptor,Gaba-gad2;Slc6a6,Gabr;A6b3g2
CellChat,ligand_receptor,Gaba-gad2;Slc6a6,Gabr;A6b3d
CellChat,ligand_receptor,Gaba-gad2;Slc6a8,Gabr;A1b3g2
CellChat,ligand_receptor,Gaba-gad2;Slc6a8,Gabr;A1b2g2
CellChat,ligand_receptor,Gaba-gad2;Slc6a8,Gabr;A1b2
CellChat,ligand_receptor,Gaba-gad2;Slc6a8,Gabr;A1b3
CellChat,ligand_receptor,Gaba-gad2;Slc6a8,Gabr;A1b2d
CellChat,ligand_receptor,Gaba-gad2;Slc6a8,Gabr;A2b3g2
CellChat,ligand_receptor,Gaba-gad2;Slc6a8,Gabr;A3b3g2
CellChat,ligand_receptor,Gaba-gad2;Slc6a8,Gabr;A3b3q
CellChat,ligand_receptor,Gaba-gad2;Slc6a8,Gabr;A3b3e
CellChat,ligand_receptor,Gaba-gad2;Slc6a8,Gabr;A4b3g2
CellChat,ligand_receptor,Gaba-gad2;Slc6a8,Gabr;A4b3d
CellChat,ligand_receptor,Gaba-gad2;Slc6a8,Gabr;A4b2d
CellChat,ligand_receptor,Gaba-gad2;Slc6a8,Gabr;A5b3g2
CellChat,ligand_receptor,Gaba-gad2;Slc6a8,Gabr;A6b3g2
CellChat,ligand_receptor,Gaba-gad2;Slc6a8,Gabr;A6b3d
CellChat,ligand_receptor,Gly-shmt1;Slc6a5,Glra1;Glrb
CellChat,ligand_receptor,Gly-shmt1;Slc6a5,Glra2
CellChat,ligand_receptor,Gly-shmt1;Slc6a9,Glra1;Glrb
CellChat,ligand_receptor,Gly-shmt1;Slc6a9,Glra2
CellChat,ligand_receptor,Gly-shmt2;Slc6a5,Glra1;Glrb
CellChat,ligand_receptor,Gly-shmt2;Slc6a5,Glra2
CellChat,ligand_receptor,Gly-shmt2;Slc6a9,Glra1;Glrb
CellChat,ligand_receptor,Gly-shmt2;Slc6a9,Glra2
CellChat,ligand_receptor,Sdc1,Adgra2
CellChat,ligand_receptor,Sdc2,Adgra2
CellChat,ligand_receptor,Itgav;Itgb3,Adgra2
CellChat,ligand_receptor,Tax1bp3,Adgrb1
CellChat,ligand_receptor,Rtn4r,Adgrb1
CellChat,ligand_receptor,Itgav;Itgb5,Adgrb1
CellChat,ligand_receptor,Tax1bp3,Adgrb2
CellChat,ligand_receptor,C1ql1,Adgrb3
CellChat,ligand_receptor,C1ql2,Adgrb3
CellChat,ligand_receptor,C1ql3,Adgrb3
CellChat,ligand_receptor,C1ql4,Adgrb3
CellChat,ligand_receptor,Thy1,Adgre5
CellChat,ligand_receptor,Itgav;Itgb1,Adgre5
CellChat,ligand_receptor,Itgav;Itgb3,Adgre5
CellChat,ligand_receptor,Cd55,Adgre5
CellChat,ligand_receptor,Cd55b,Adgre5
CellChat,ligand_receptor,Lpar1,Adgre5
CellChat,ligand_receptor,Lpar2,Adgre5
CellChat,ligand_receptor,Lpar3,Adgre5
CellChat,ligand_receptor,Sftpd,Adgre5
CellChat,ligand_receptor,Col3a1,Adgrg1
CellChat,ligand_receptor,Gast,Adgrg1
CellChat,ligand_receptor,Tgm2,Adgrg1
CellChat,ligand_receptor,Col4a1,Adgrg6
CellChat,ligand_receptor,Col4a2,Adgrg6
CellChat,ligand_receptor,Col4a3,Adgrg6
CellChat,ligand_receptor,Col4a4,Adgrg6
CellChat,ligand_receptor,Col4a5,Adgrg6
CellChat,ligand_receptor,Col4a6,Adgrg6
CellChat,ligand_receptor,Lama2,Adgrg6
CellChat,ligand_receptor,Prnp,Adgrg6
CellChat,ligand_receptor,Flrt1,Adgrl1
CellChat,ligand_receptor,Flrt2,Adgrl1
CellChat,ligand_receptor,Flrt3,Adgrl1
CellChat,ligand_receptor,Nrxn1,Adgrl1
CellChat,ligand_receptor,Nrxn2,Adgrl1
CellChat,ligand_receptor,Nrxn3,Adgrl1
CellChat,ligand_receptor,Tenm1,Adgrl1
CellChat,ligand_receptor,Tenm2,Adgrl1
CellChat,ligand_receptor,Tenm3,Adgrl1
CellChat,ligand_receptor,Tenm4,Adgrl1
CellChat,ligand_receptor,Tenm2;Flrt1,Adgrl1
CellChat,ligand_receptor,Tenm2;Flrt3,Adgrl1
CellChat,ligand_receptor,Tenm4;Flrt1,Adgrl1
CellChat,ligand_receptor,Tenm4;Flrt3,Adgrl1
CellChat,ligand_receptor,Flrt1,Adgrl2
CellChat,ligand_receptor,Flrt2,Adgrl2
CellChat,ligand_receptor,Flrt3,Adgrl2
CellChat,ligand_receptor,Tenm1,Adgrl2
CellChat,ligand_receptor,Tenm2,Adgrl2
CellChat,ligand_receptor,Tenm3,Adgrl2
CellChat,ligand_receptor,Tenm4,Adgrl2
CellChat,ligand_receptor,Tenm2;Flrt3,Adgrl2
CellChat,ligand_receptor,Flrt1,Adgrl3
CellChat,ligand_receptor,Flrt2,Adgrl3
CellChat,ligand_receptor,Flrt3,Adgrl3
CellChat,ligand_receptor,Tenm1,Adgrl3
CellChat,ligand_receptor,Tenm2,Adgrl3
CellChat,ligand_receptor,Tenm3,Adgrl3
CellChat,ligand_receptor,Tenm4,Adgrl3
CellChat,ligand_receptor,Unc5a,Adgrl3
CellChat,ligand_receptor,Tenm3;Flrt1,Adgrl3
CellChat,ligand_receptor,Tenm3;Flrt3,Adgrl3
CellChat,ligand_receptor,Flrt1,Flrt1
CellChat,ligand_receptor,Flrt2,Flrt2
CellChat,ligand_receptor,Flrt3,Flrt3
CellChat,ligand_receptor,Flrt1,Unc5a
CellChat,ligand_receptor,Flrt2,Unc5a
CellChat,ligand_receptor,Flrt3,Unc5a
CellChat,ligand_receptor,Flrt1,Unc5b
CellChat,ligand_receptor,Flrt2,Unc5b
CellChat,ligand_receptor,Flrt3,Unc5b
CellChat,ligand_receptor,Flrt1,Unc5c
CellChat,ligand_receptor,Flrt2,Unc5c
CellChat,ligand_receptor,Flrt3,Unc5c
CellChat,ligand_receptor,Flrt1,Unc5d
CellChat,ligand_receptor,Flrt2,Unc5d
CellChat,ligand_receptor,Flrt3,Unc5d
CellChat,ligand_receptor,Ado-nt5e;Slc29a1,Adora1
CellChat,ligand_receptor,Ado-nt5e;Slc29a2,Adora1
CellChat,ligand_receptor,Ado-nt5e;Slc29a3,Adora1
CellChat,ligand_receptor,Ado-nt5e;Slc29a4,Adora1
CellChat,ligand_receptor,Ado-nt5e;Slc29a1,Adora2a
CellChat,ligand_receptor,Ado-nt5e;Slc29a2,Adora2a
CellChat,ligand_receptor,Ado-nt5e;Slc29a3,Adora2a
CellChat,ligand_receptor,Ado-nt5e;Slc29a4,Adora2a
CellChat,ligand_receptor,Ado-nt5e;Slc29a1,Adora2b
CellChat,ligand_receptor,Ado-nt5e;Slc29a2,Adora2b
CellChat,ligand_receptor,Ado-nt5e;Slc29a3,Adora2b
CellChat,ligand_receptor,Ado-nt5e;Slc29a4,Adora2b
CellChat,ligand_receptor,Ado-nt5e;Slc29a1,Adora3
CellChat,ligand_receptor,Ado-nt5e;Slc29a2,Adora3
CellChat,ligand_receptor,Ado-nt5e;Slc29a3,Adora3
CellChat,ligand_receptor,Ado-nt5e;Slc29a4,Adora3
CellChat,ligand_receptor,Adr-pnmt;Slc18a1,Adra1a
CellChat,ligand_receptor,Adr-pnmt;Slc18a2,Adra1a
CellChat,ligand_receptor,Ne-dbh;Slc18a1,Adra1a
CellChat,ligand_receptor,Ne-dbh;Slc18a2,Adra1a
CellChat,ligand_receptor,Ne-dbh;Slc6a2,Adra1a
CellChat,ligand_receptor,Adr-pnmt;Slc18a1,Adra1b
CellChat,ligand_receptor,Adr-pnmt;Slc18a2,Adra1b
CellChat,ligand_receptor,Ne-dbh;Slc18a1,Adra1b
CellChat,ligand_receptor,Ne-dbh;Slc18a2,Adra1b
CellChat,ligand_receptor,Ne-dbh;Slc6a2,Adra1b
CellChat,ligand_receptor,Adr-pnmt;Slc18a1,Adra1d
CellChat,ligand_receptor,Adr-pnmt;Slc18a2,Adra1d
CellChat,ligand_receptor,Ne-dbh;Slc18a1,Adra1d
CellChat,ligand_receptor,Ne-dbh;Slc18a2,Adra1d
CellChat,ligand_receptor,Ne-dbh;Slc6a2,Adra1d
CellChat,ligand_receptor,Adr-pnmt;Slc18a1,Adra2a
CellChat,ligand_receptor,Adr-pnmt;Slc18a2,Adra2a
CellChat,ligand_receptor,Ne-dbh;Slc18a1,Adra2a
CellChat,ligand_receptor,Ne-dbh;Slc18a2,Adra2a
CellChat,ligand_receptor,Ne-dbh;Slc6a2,Adra2a
CellChat,ligand_receptor,Adr-pnmt;Slc18a1,Adra2b
CellChat,ligand_receptor,Adr-pnmt;Slc18a2,Adra2b
CellChat,ligand_receptor,Ne-dbh;Slc18a1,Adra2b
CellChat,ligand_receptor,Ne-dbh;Slc18a2,Adra2b
CellChat,ligand_receptor,Ne-dbh;Slc6a2,Adra2b
CellChat,ligand_receptor,Adr-pnmt;Slc18a1,Adra2c
CellChat,ligand_receptor,Adr-pnmt;Slc18a2,Adra2c
CellChat,ligand_receptor,Ne-dbh;Slc18a1,Adra2c
CellChat,ligand_receptor,Ne-dbh;Slc18a2,Adra2c
CellChat,ligand_receptor,Ne-dbh;Slc6a2,Adra2c
CellChat,ligand_receptor,Adr-pnmt;Slc18a1,Adrb1
CellChat,ligand_receptor,Adr-pnmt;Slc18a2,Adrb1
CellChat,ligand_receptor,Ne-dbh;Slc18a1,Adrb1
CellChat,ligand_receptor,Ne-dbh;Slc18a2,Adrb1
CellChat,ligand_receptor,Ne-dbh;Slc6a2,Adrb1
CellChat,ligand_receptor,Adr-pnmt;Slc18a1,Adrb2
CellChat,ligand_receptor,Adr-pnmt;Slc18a2,Adrb2
CellChat,ligand_receptor,Ne-dbh;Slc18a1,Adrb2
CellChat,ligand_receptor,Ne-dbh;Slc18a2,Adrb2
CellChat,ligand_receptor,Ne-dbh;Slc6a2,Adrb2
CellChat,ligand_receptor,Adr-pnmt;Slc18a1,Adrb3
CellChat,ligand_receptor,Adr-pnmt;Slc18a2,Adrb3
CellChat,ligand_receptor,Ne-dbh;Slc18a1,Adrb3
CellChat,ligand_receptor,Ne-dbh;Slc18a2,Adrb3
CellChat,ligand_receptor,Ne-dbh;Slc6a2,Adrb3
CellChat,ligand_receptor,Agt,Agtr2
CellChat,ligand_receptor,Ach-chat;Slc10a4,Chrm1
CellChat,ligand_receptor,Ach-chat;Slc18a3,Chrm1
CellChat,ligand_receptor,Ach-chat;Slc5a7,Chrm1
CellChat,ligand_receptor,Ach-chat;Slc10a4,Chrm2
CellChat,ligand_receptor,Ach-chat;Slc18a3,Chrm2
CellChat,ligand_receptor,Ach-chat;Slc5a7,Chrm2
CellChat,ligand_receptor,Ach-chat;Slc10a4,Chrm3
CellChat,ligand_receptor,Ach-chat;Slc18a3,Chrm3
CellChat,ligand_receptor,Ach-chat;Slc5a7,Chrm3
CellChat,ligand_receptor,Ach-chat;Slc10a4,Chrm4
CellChat,ligand_receptor,Ach-chat;Slc18a3,Chrm4
CellChat,ligand_receptor,Ach-chat;Slc5a7,Chrm4
CellChat,ligand_receptor,Ach-chat;Slc10a4,Chrm5
CellChat,ligand_receptor,Ach-chat;Slc18a3,Chrm5
CellChat,ligand_receptor,Ach-chat;Slc5a7,Chrm5
CellChat,ligand_receptor,Nrxn1,Clstn1
CellChat,ligand_receptor,Nrxn2,Clstn1
CellChat,ligand_receptor,Nrxn1,Clstn2
CellChat,ligand_receptor,Nrxn2,Clstn2
CellChat,ligand_receptor,Nrxn1,Clstn3
CellChat,ligand_receptor,Nrxn2,Clstn3
CellChat,ligand_receptor,Ltc4-ltc4s,Cysltr1
CellChat,ligand_receptor,Ltd4-ggt1,Cysltr1
CellChat,ligand_receptor,Lte4-dpep1,Cysltr1
CellChat,ligand_receptor,Lte4-dpep2,Cysltr1
CellChat,ligand_receptor,Lte4-dpep3,Cysltr1
CellChat,ligand_receptor,Ltc4-ltc4s,Cysltr2
CellChat,ligand_receptor,Ltd4-ggt1,Cysltr2
CellChat,ligand_receptor,Lte4-dpep1,Cysltr2
CellChat,ligand_receptor,Lte4-dpep2,Cysltr2
CellChat,ligand_receptor,Lte4-dpep3,Cysltr2
CellChat,ligand_receptor,Nrxn1,Dag1
CellChat,ligand_receptor,Nrxn2,Dag1
CellChat,ligand_receptor,Dopa-ddc;Slc18a1,Drd1
CellChat,ligand_receptor,Dopa-ddc;Slc18a2,Drd1
CellChat,ligand_receptor,Dopa-ddc;Slc6a3,Drd1
CellChat,ligand_receptor,Dopa-ddc;Slc18a1,Drd2
CellChat,ligand_receptor,Dopa-ddc;Slc18a2,Drd2
CellChat,ligand_receptor,Dopa-ddc;Slc6a3,Drd2
CellChat,ligand_receptor,Dopa-ddc;Slc18a1,Drd3
CellChat,ligand_receptor,Dopa-ddc;Slc18a2,Drd3
CellChat,ligand_receptor,Dopa-ddc;Slc6a3,Drd3
CellChat,ligand_receptor,Dopa-ddc;Slc18a1,Drd4
CellChat,ligand_receptor,Dopa-ddc;Slc18a2,Drd4
CellChat,ligand_receptor,Dopa-ddc;Slc6a3,Drd4
CellChat,ligand_receptor,Dopa-ddc;Slc18a1,Drd5
CellChat,ligand_receptor,Dopa-ddc;Slc18a2,Drd5
CellChat,ligand_receptor,Dopa-ddc;Slc6a3,Drd5
CellChat,ligand_receptor,Tafa4,Fpr1
CellChat,ligand_receptor,Ctsg,Fpr1
CellChat,ligand_receptor,Lxa4-alox12,Fpr-rs7
CellChat,ligand_receptor,Lxa4-alox12,Fpr-rs6
CellChat,ligand_receptor,Lxa4-alox12,Fpr3
CellChat,ligand_receptor,Lxa4-alox12,Fpr-rs4
CellChat,ligand_receptor,Lxa4-alox12,Fpr-rs3
CellChat,ligand_receptor,Lxa4-alox12,Fpr2
CellChat,ligand_receptor,Lxa4-alox5,Fpr-rs7
CellChat,ligand_receptor,Lxa4-alox5,Fpr-rs6
CellChat,ligand_receptor,Lxa4-alox5,Fpr3
CellChat,ligand_receptor,Lxa4-alox5,Fpr-rs4
CellChat,ligand_receptor,Lxa4-alox5,Fpr-rs3
CellChat,ligand_receptor,Lxa4-alox5,Fpr2
CellChat,ligand_receptor,Anxa1,Fpr-rs7
CellChat,ligand_receptor,Anxa1,Fpr-rs6
CellChat,ligand_receptor,Anxa1,Fpr3
CellChat,ligand_receptor,Anxa1,Fpr-rs4
CellChat,ligand_receptor,Anxa1,Fpr-rs3
CellChat,ligand_receptor,Gaba-gad1;Slc32a1,Gabbr1
CellChat,ligand_receptor,Gaba-gad1;Slc6a1,Gabbr1
CellChat,ligand_receptor,Gaba-gad1;Slc6a11,Gabbr1
CellChat,ligand_receptor,Gaba-gad1;Slc6a12,Gabbr1
CellChat,ligand_receptor,Gaba-gad1;Slc6a13,Gabbr1
CellChat,ligand_receptor,Gaba-gad1;Slc6a6,Gabbr1
CellChat,ligand_receptor,Gaba-gad1;Slc6a8,Gabbr1
CellChat,ligand_receptor,Gaba-gad2;Slc32a1,Gabbr1
CellChat,ligand_receptor,Gaba-gad2;Slc6a1,Gabbr1
CellChat,ligand_receptor,Gaba-gad2;Slc6a11,Gabbr1
CellChat,ligand_receptor,Gaba-gad2;Slc6a12,Gabbr1
CellChat,ligand_receptor,Gaba-gad2;Slc6a13,Gabbr1
CellChat,ligand_receptor,Gaba-gad2;Slc6a6,Gabbr1
CellChat,ligand_receptor,Gaba-gad2;Slc6a8,Gabbr1
CellChat,ligand_receptor,Gaba-gad1;Slc32a1,Gabbr2
CellChat,ligand_receptor,Gaba-gad1;Slc6a1,Gabbr2
CellChat,ligand_receptor,Gaba-gad1;Slc6a11,Gabbr2
CellChat,ligand_receptor,Gaba-gad1;Slc6a12,Gabbr2
CellChat,ligand_receptor,Gaba-gad1;Slc6a13,Gabbr2
CellChat,ligand_receptor,Gaba-gad1;Slc6a6,Gabbr2
CellChat,ligand_receptor,Gaba-gad1;Slc6a8,Gabbr2
CellChat,ligand_receptor,Gaba-gad2;Slc32a1,Gabbr2
CellChat,ligand_receptor,Gaba-gad2;Slc6a1,Gabbr2
CellChat,ligand_receptor,Gaba-gad2;Slc6a11,Gabbr2
CellChat,ligand_receptor,Gaba-gad2;Slc6a12,Gabbr2
CellChat,ligand_receptor,Gaba-gad2;Slc6a13,Gabbr2
CellChat,ligand_receptor,Gaba-gad2;Slc6a6,Gabbr2
CellChat,ligand_receptor,Gaba-gad2;Slc6a8,Gabbr2
CellChat,ligand_receptor,Galp,Galr3
CellChat,ligand_receptor,Glu-slc17a6;Gls,Gria1
CellChat,ligand_receptor,Glu-slc17a7;Gls,Gria1
CellChat,ligand_receptor,Glu-slc17a8;Gls,Gria1
CellChat,ligand_receptor,Glu-slc1a1;Gls,Gria1
CellChat,ligand_receptor,Glu-slc1a2;Gls,Gria1
CellChat,ligand_receptor,Glu-slc1a3;Gls,Gria1
CellChat,ligand_receptor,Glu-slc1a6;Gls,Gria1
CellChat,ligand_receptor,Glu-slc1a7;Gls,Gria1
CellChat,ligand_receptor,Glu-slc17a6;Gls2,Gria1
CellChat,ligand_receptor,Glu-slc17a7;Gls2,Gria1
CellChat,ligand_receptor,Glu-slc17a8;Gls2,Gria1
CellChat,ligand_receptor,Glu-slc1a1;Gls2,Gria1
CellChat,ligand_receptor,Glu-slc1a2;Gls2,Gria1
CellChat,ligand_receptor,Glu-slc1a3;Gls2,Gria1
CellChat,ligand_receptor,Glu-slc1a6;Gls2,Gria1
CellChat,ligand_receptor,Glu-slc1a7;Gls2,Gria1
CellChat,ligand_receptor,Glu-slc17a6;Gls,Gria2
CellChat,ligand_receptor,Glu-slc17a7;Gls,Gria2
CellChat,ligand_receptor,Glu-slc17a8;Gls,Gria2
CellChat,ligand_receptor,Glu-slc1a1;Gls,Gria2
CellChat,ligand_receptor,Glu-slc1a2;Gls,Gria2
CellChat,ligand_receptor,Glu-slc1a3;Gls,Gria2
CellChat,ligand_receptor,Glu-slc1a6;Gls,Gria2
CellChat,ligand_receptor,Glu-slc1a7;Gls,Gria2
CellChat,ligand_receptor,Glu-slc17a6;Gls2,Gria2
CellChat,ligand_receptor,Glu-slc17a7;Gls2,Gria2
CellChat,ligand_receptor,Glu-slc17a8;Gls2,Gria2
CellChat,ligand_receptor,Glu-slc1a1;Gls2,Gria2
CellChat,ligand_receptor,Glu-slc1a2;Gls2,Gria2
CellChat,ligand_receptor,Glu-slc1a3;Gls2,Gria2
CellChat,ligand_receptor,Glu-slc1a6;Gls2,Gria2
CellChat,ligand_receptor,Glu-slc1a7;Gls2,Gria2
CellChat,ligand_receptor,Glu-slc17a6;Gls,Gria3
CellChat,ligand_receptor,Glu-slc17a7;Gls,Gria3
CellChat,ligand_receptor,Glu-slc17a8;Gls,Gria3
CellChat,ligand_receptor,Glu-slc1a1;Gls,Gria3
CellChat,ligand_receptor,Glu-slc1a2;Gls,Gria3
CellChat,ligand_receptor,Glu-slc1a3;Gls,Gria3
CellChat,ligand_receptor,Glu-slc1a6;Gls,Gria3
CellChat,ligand_receptor,Glu-slc1a7;Gls,Gria3
CellChat,ligand_receptor,Glu-slc17a6;Gls2,Gria3
CellChat,ligand_receptor,Glu-slc17a7;Gls2,Gria3
CellChat,ligand_receptor,Glu-slc17a8;Gls2,Gria3
CellChat,ligand_receptor,Glu-slc1a1;Gls2,Gria3
CellChat,ligand_receptor,Glu-slc1a2;Gls2,Gria3
CellChat,ligand_receptor,Glu-slc1a3;Gls2,Gria3
CellChat,ligand_receptor,Glu-slc1a6;Gls2,Gria3
CellChat,ligand_receptor,Glu-slc1a7;Gls2,Gria3
CellChat,ligand_receptor,Glu-slc17a6;Gls,Gria4
CellChat,ligand_receptor,Glu-slc17a7;Gls,Gria4
CellChat,ligand_receptor,Glu-slc17a8;Gls,Gria4
CellChat,ligand_receptor,Glu-slc1a1;Gls,Gria4
CellChat,ligand_receptor,Glu-slc1a2;Gls,Gria4
CellChat,ligand_receptor,Glu-slc1a3;Gls,Gria4
CellChat,ligand_receptor,Glu-slc1a6;Gls,Gria4
CellChat,ligand_receptor,Glu-slc1a7;Gls,Gria4
CellChat,ligand_receptor,Glu-slc17a6;Gls2,Gria4
CellChat,ligand_receptor,Glu-slc17a7;Gls2,Gria4
CellChat,ligand_receptor,Glu-slc17a8;Gls2,Gria4
CellChat,ligand_receptor,Glu-slc1a1;Gls2,Gria4
CellChat,ligand_receptor,Glu-slc1a2;Gls2,Gria4
CellChat,ligand_receptor,Glu-slc1a3;Gls2,Gria4
CellChat,ligand_receptor,Glu-slc1a6;Gls2,Gria4
CellChat,ligand_receptor,Glu-slc1a7;Gls2,Gria4
CellChat,ligand_receptor,Glu-nrxn1;Cbln1,Grid2
CellChat,ligand_receptor,Glu-slc17a6;Gls,Grik1
CellChat,ligand_receptor,Glu-slc17a7;Gls,Grik1
CellChat,ligand_receptor,Glu-slc17a8;Gls,Grik1
CellChat,ligand_receptor,Glu-slc1a1;Gls,Grik1
CellChat,ligand_receptor,Glu-slc1a2;Gls,Grik1
CellChat,ligand_receptor,Glu-slc1a3;Gls,Grik1
CellChat,ligand_receptor,Glu-slc1a6;Gls,Grik1
CellChat,ligand_receptor,Glu-slc1a7;Gls,Grik1
CellChat,ligand_receptor,Glu-slc17a6;Gls2,Grik1
CellChat,ligand_receptor,Glu-slc17a7;Gls2,Grik1
CellChat,ligand_receptor,Glu-slc17a8;Gls2,Grik1
CellChat,ligand_receptor,Glu-slc1a1;Gls2,Grik1
CellChat,ligand_receptor,Glu-slc1a2;Gls2,Grik1
CellChat,ligand_receptor,Glu-slc1a3;Gls2,Grik1
CellChat,ligand_receptor,Glu-slc1a6;Gls2,Grik1
CellChat,ligand_receptor,Glu-slc1a7;Gls2,Grik1
CellChat,ligand_receptor,Glu-slc17a6;Gls,Grik2
CellChat,ligand_receptor,Glu-slc17a7;Gls,Grik2
CellChat,ligand_receptor,Glu-slc17a8;Gls,Grik2
CellChat,ligand_receptor,Glu-slc1a1;Gls,Grik2
CellChat,ligand_receptor,Glu-slc1a2;Gls,Grik2
CellChat,ligand_receptor,Glu-slc1a3;Gls,Grik2
CellChat,ligand_receptor,Glu-slc1a6;Gls,Grik2
CellChat,ligand_receptor,Glu-slc1a7;Gls,Grik2
CellChat,ligand_receptor,Glu-slc17a6;Gls2,Grik2
CellChat,ligand_receptor,Glu-slc17a7;Gls2,Grik2
CellChat,ligand_receptor,Glu-slc17a8;Gls2,Grik2
CellChat,ligand_receptor,Glu-slc1a1;Gls2,Grik2
CellChat,ligand_receptor,Glu-slc1a2;Gls2,Grik2
CellChat,ligand_receptor,Glu-slc1a3;Gls2,Grik2
CellChat,ligand_receptor,Glu-slc1a6;Gls2,Grik2
CellChat,ligand_receptor,Glu-slc1a7;Gls2,Grik2
CellChat,ligand_receptor,Glu-slc17a6;Gls,Grik3
CellChat,ligand_receptor,Glu-slc17a7;Gls,Grik3
CellChat,ligand_receptor,Glu-slc17a8;Gls,Grik3
CellChat,ligand_receptor,Glu-slc1a1;Gls,Grik3
CellChat,ligand_receptor,Glu-slc1a2;Gls,Grik3
CellChat,ligand_receptor,Glu-slc1a3;Gls,Grik3
CellChat,ligand_receptor,Glu-slc1a6;Gls,Grik3
CellChat,ligand_receptor,Glu-slc1a7;Gls,Grik3
CellChat,ligand_receptor,Glu-slc17a6;Gls2,Grik3
CellChat,ligand_receptor,Glu-slc17a7;Gls2,Grik3
CellChat,ligand_receptor,Glu-slc17a8;Gls2,Grik3
CellChat,ligand_receptor,Glu-slc1a1;Gls2,Grik3
CellChat,ligand_receptor,Glu-slc1a2;Gls2,Grik3
CellChat,ligand_receptor,Glu-slc1a3;Gls2,Grik3
CellChat,ligand_receptor,Glu-slc1a6;Gls2,Grik3
CellChat,ligand_receptor,Glu-slc1a7;Gls2,Grik3
CellChat,ligand_receptor,Glu-slc17a6;Gls,Grm1
CellChat,ligand_receptor,Glu-slc17a7;Gls,Grm1
CellChat,ligand_receptor,Glu-slc17a8;Gls,Grm1
CellChat,ligand_receptor,Glu-slc1a1;Gls,Grm1
CellChat,ligand_receptor,Glu-slc1a2;Gls,Grm1
CellChat,ligand_receptor,Glu-slc1a3;Gls,Grm1
CellChat,ligand_receptor,Glu-slc1a6;Gls,Grm1
CellChat,ligand_receptor,Glu-slc1a7;Gls,Grm1
CellChat,ligand_receptor,Glu-slc17a6;Gls2,Grm1
CellChat,ligand_receptor,Glu-slc17a7;Gls2,Grm1
CellChat,ligand_receptor,Glu-slc17a8;Gls2,Grm1
CellChat,ligand_receptor,Glu-slc1a1;Gls2,Grm1
CellChat,ligand_receptor,Glu-slc1a2;Gls2,Grm1
CellChat,ligand_receptor,Glu-slc1a3;Gls2,Grm1
CellChat,ligand_receptor,Glu-slc1a6;Gls2,Grm1
CellChat,ligand_receptor,Glu-slc1a7;Gls2,Grm1
CellChat,ligand_receptor,Glu-slc17a6;Gls,Grm2
CellChat,ligand_receptor,Glu-slc17a7;Gls,Grm2
CellChat,ligand_receptor,Glu-slc17a8;Gls,Grm2
CellChat,ligand_receptor,Glu-slc1a1;Gls,Grm2
CellChat,ligand_receptor,Glu-slc1a2;Gls,Grm2
CellChat,ligand_receptor,Glu-slc1a3;Gls,Grm2
CellChat,ligand_receptor,Glu-slc1a6;Gls,Grm2
CellChat,ligand_receptor,Glu-slc1a7;Gls,Grm2
CellChat,ligand_receptor,Glu-slc17a6;Gls2,Grm2
CellChat,ligand_receptor,Glu-slc17a7;Gls2,Grm2
CellChat,ligand_receptor,Glu-slc17a8;Gls2,Grm2
CellChat,ligand_receptor,Glu-slc1a1;Gls2,Grm2
CellChat,ligand_receptor,Glu-slc1a2;Gls2,Grm2
CellChat,ligand_receptor,Glu-slc1a3;Gls2,Grm2
CellChat,ligand_receptor,Glu-slc1a6;Gls2,Grm2
CellChat,ligand_receptor,Glu-slc1a7;Gls2,Grm2
CellChat,ligand_receptor,Glu-slc17a6;Gls,Grm3
CellChat,ligand_receptor,Glu-slc17a7;Gls,Grm3
CellChat,ligand_receptor,Glu-slc17a8;Gls,Grm3
CellChat,ligand_receptor,Glu-slc1a1;Gls,Grm3
CellChat,ligand_receptor,Glu-slc1a2;Gls,Grm3
CellChat,ligand_receptor,Glu-slc1a3;Gls,Grm3
CellChat,ligand_receptor,Glu-slc1a6;Gls,Grm3
CellChat,ligand_receptor,Glu-slc1a7;Gls,Grm3
CellChat,ligand_receptor,Glu-slc17a6;Gls2,Grm3
CellChat,ligand_receptor,Glu-slc17a7;Gls2,Grm3
CellChat,ligand_receptor,Glu-slc17a8;Gls2,Grm3
CellChat,ligand_receptor,Glu-slc1a1;Gls2,Grm3
CellChat,ligand_receptor,Glu-slc1a2;Gls2,Grm3
CellChat,ligand_receptor,Glu-slc1a3;Gls2,Grm3
CellChat,ligand_receptor,Glu-slc1a6;Gls2,Grm3
CellChat,ligand_receptor,Glu-slc1a7;Gls2,Grm3
CellChat,ligand_receptor,Glu-slc17a6;Gls,Grm4
CellChat,ligand_receptor,Glu-slc17a7;Gls,Grm4
CellChat,ligand_receptor,Glu-slc17a8;Gls,Grm4
CellChat,ligand_receptor,Glu-slc1a1;Gls,Grm4
CellChat,ligand_receptor,Glu-slc1a2;Gls,Grm4
CellChat,ligand_receptor,Glu-slc1a3;Gls,Grm4
CellChat,ligand_receptor,Glu-slc1a6;Gls,Grm4
CellChat,ligand_receptor,Glu-slc1a7;Gls,Grm4
CellChat,ligand_receptor,Glu-slc17a6;Gls2,Grm4
CellChat,ligand_receptor,Glu-slc17a7;Gls2,Grm4
CellChat,ligand_receptor,Glu-slc17a8;Gls2,Grm4
CellChat,ligand_receptor,Glu-slc1a1;Gls2,Grm4
CellChat,ligand_receptor,Glu-slc1a2;Gls2,Grm4
CellChat,ligand_receptor,Glu-slc1a3;Gls2,Grm4
CellChat,ligand_receptor,Glu-slc1a6;Gls2,Grm4
CellChat,ligand_receptor,Glu-slc1a7;Gls2,Grm4
CellChat,ligand_receptor,Glu-slc17a6;Gls,Grm5
CellChat,ligand_receptor,Glu-slc17a7;Gls,Grm5
CellChat,ligand_receptor,Glu-slc17a8;Gls,Grm5
CellChat,ligand_receptor,Glu-slc1a1;Gls,Grm5
CellChat,ligand_receptor,Glu-slc1a2;Gls,Grm5
CellChat,ligand_receptor,Glu-slc1a3;Gls,Grm5
CellChat,ligand_receptor,Glu-slc1a6;Gls,Grm5
CellChat,ligand_receptor,Glu-slc1a7;Gls,Grm5
CellChat,ligand_receptor,Glu-slc17a6;Gls2,Grm5
CellChat,ligand_receptor,Glu-slc17a7;Gls2,Grm5
CellChat,ligand_receptor,Glu-slc17a8;Gls2,Grm5
CellChat,ligand_receptor,Glu-slc1a1;Gls2,Grm5
CellChat,ligand_receptor,Glu-slc1a2;Gls2,Grm5
CellChat,ligand_receptor,Glu-slc1a3;Gls2,Grm5
CellChat,ligand_receptor,Glu-slc1a6;Gls2,Grm5
CellChat,ligand_receptor,Glu-slc1a7;Gls2,Grm5
CellChat,ligand_receptor,Glu-slc17a6;Gls,Grm6
CellChat,ligand_receptor,Glu-slc17a7;Gls,Grm6
CellChat,ligand_receptor,Glu-slc17a8;Gls,Grm6
CellChat,ligand_receptor,Glu-slc1a1;Gls,Grm6
CellChat,ligand_receptor,Glu-slc1a2;Gls,Grm6
CellChat,ligand_receptor,Glu-slc1a3;Gls,Grm6
CellChat,ligand_receptor,Glu-slc1a6;Gls,Grm6
CellChat,ligand_receptor,Glu-slc1a7;Gls,Grm6
CellChat,ligand_receptor,Glu-slc17a6;Gls2,Grm6
CellChat,ligand_receptor,Glu-slc17a7;Gls2,Grm6
CellChat,ligand_receptor,Glu-slc17a8;Gls2,Grm6
CellChat,ligand_receptor,Glu-slc1a1;Gls2,Grm6
CellChat,ligand_receptor,Glu-slc1a2;Gls2,Grm6
CellChat,ligand_receptor,Glu-slc1a3;Gls2,Grm6
CellChat,ligand_receptor,Glu-slc1a6;Gls2,Grm6
CellChat,ligand_receptor,Glu-slc1a7;Gls2,Grm6
CellChat,ligand_receptor,Glu-slc17a6;Gls,Grm7
CellChat,ligand_receptor,Glu-slc17a7;Gls,Grm7
CellChat,ligand_receptor,Glu-slc17a8;Gls,Grm7
CellChat,ligand_receptor,Glu-slc1a1;Gls,Grm7
CellChat,ligand_receptor,Glu-slc1a2;Gls,Grm7
CellChat,ligand_receptor,Glu-slc1a3;Gls,Grm7
CellChat,ligand_receptor,Glu-slc1a6;Gls,Grm7
CellChat,ligand_receptor,Glu-slc1a7;Gls,Grm7
CellChat,ligand_receptor,Glu-slc17a6;Gls2,Grm7
CellChat,ligand_receptor,Glu-slc17a7;Gls2,Grm7
CellChat,ligand_receptor,Glu-slc17a8;Gls2,Grm7
CellChat,ligand_receptor,Glu-slc1a1;Gls2,Grm7
CellChat,ligand_receptor,Glu-slc1a2;Gls2,Grm7
CellChat,ligand_receptor,Glu-slc1a3;Gls2,Grm7
CellChat,ligand_receptor,Glu-slc1a6;Gls2,Grm7
CellChat,ligand_receptor,Glu-slc1a7;Gls2,Grm7
CellChat,ligand_receptor,Glu-slc17a6;Gls,Grm8
CellChat,ligand_receptor,Glu-slc17a7;Gls,Grm8
CellChat,ligand_receptor,Glu-slc17a8;Gls,Grm8
CellChat,ligand_receptor,Glu-slc1a1;Gls,Grm8
CellChat,ligand_receptor,Glu-slc1a2;Gls,Grm8
CellChat,ligand_receptor,Glu-slc1a3;Gls,Grm8
CellChat,ligand_receptor,Glu-slc1a6;Gls,Grm8
CellChat,ligand_receptor,Glu-slc1a7;Gls,Grm8
CellChat,ligand_receptor,Glu-slc17a6;Gls2,Grm8
CellChat,ligand_receptor,Glu-slc17a7;Gls2,Grm8
CellChat,ligand_receptor,Glu-slc17a8;Gls2,Grm8
CellChat,ligand_receptor,Glu-slc1a1;Gls2,Grm8
CellChat,ligand_receptor,Glu-slc1a2;Gls2,Grm8
CellChat,ligand_receptor,Glu-slc1a3;Gls2,Grm8
CellChat,ligand_receptor,Glu-slc1a6;Gls2,Grm8
CellChat,ligand_receptor,Glu-slc1a7;Gls2,Grm8
CellChat,ligand_receptor,Hist-hdc,Hrh1
CellChat,ligand_receptor,Hist-hdc,Hrh2
CellChat,ligand_receptor,Hist-hdc,Hrh3
CellChat,ligand_receptor,Hist-hdc,Hrh4
CellChat,ligand_receptor,5-ht-tph1;Slc18a1,Htr1a
CellChat,ligand_receptor,5-ht-tph1;Slc18a2,Htr1a
CellChat,ligand_receptor,5-ht-tph1;Slc6a4,Htr1a
CellChat,ligand_receptor,5-ht-tph2;Slc18a1,Htr1a
CellChat,ligand_receptor,5-ht-tph2;Slc18a2,Htr1a
CellChat,ligand_receptor,5-ht-tph2;Slc6a4,Htr1a
CellChat,ligand_receptor,5-ht-tph1;Slc18a1,Htr1b
CellChat,ligand_receptor,5-ht-tph1;Slc18a2,Htr1b
CellChat,ligand_receptor,5-ht-tph1;Slc6a4,Htr1b
CellChat,ligand_receptor,5-ht-tph2;Slc18a1,Htr1b
CellChat,ligand_receptor,5-ht-tph2;Slc18a2,Htr1b
CellChat,ligand_receptor,5-ht-tph2;Slc6a4,Htr1b
CellChat,ligand_receptor,5-ht-tph1;Slc18a1,Htr1d
CellChat,ligand_receptor,5-ht-tph1;Slc18a2,Htr1d
CellChat,ligand_receptor,5-ht-tph1;Slc6a4,Htr1d
CellChat,ligand_receptor,5-ht-tph2;Slc18a1,Htr1d
CellChat,ligand_receptor,5-ht-tph2;Slc18a2,Htr1d
CellChat,ligand_receptor,5-ht-tph2;Slc6a4,Htr1d
CellChat,ligand_receptor,5-ht-tph1;Slc18a1,Htr1e
CellChat,ligand_receptor,5-ht-tph1;Slc18a2,Htr1e
CellChat,ligand_receptor,5-ht-tph1;Slc6a4,Htr1e
CellChat,ligand_receptor,5-ht-tph2;Slc18a1,Htr1e
CellChat,ligand_receptor,5-ht-tph2;Slc18a2,Htr1e
CellChat,ligand_receptor,5-ht-tph2;Slc6a4,Htr1e
CellChat,ligand_receptor,5-ht-tph1;Slc18a1,Htr1f
CellChat,ligand_receptor,5-ht-tph1;Slc18a2,Htr1f
CellChat,ligand_receptor,5-ht-tph1;Slc6a4,Htr1f
CellChat,ligand_receptor,5-ht-tph2;Slc18a1,Htr1f
CellChat,ligand_receptor,5-ht-tph2;Slc18a2,Htr1f
CellChat,ligand_receptor,5-ht-tph2;Slc6a4,Htr1f
CellChat,ligand_receptor,5-ht-tph1;Slc18a1,Htr2a
CellChat,ligand_receptor,5-ht-tph1;Slc18a2,Htr2a
CellChat,ligand_receptor,5-ht-tph1;Slc6a4,Htr2a
CellChat,ligand_receptor,5-ht-tph2;Slc18a1,Htr2a
CellChat,ligand_receptor,5-ht-tph2;Slc18a2,Htr2a
CellChat,ligand_receptor,5-ht-tph2;Slc6a4,Htr2a
CellChat,ligand_receptor,5-ht-tph1;Slc18a1,Htr2b
CellChat,ligand_receptor,5-ht-tph1;Slc18a2,Htr2b
CellChat,ligand_receptor,5-ht-tph1;Slc6a4,Htr2b
CellChat,ligand_receptor,5-ht-tph2;Slc18a1,Htr2b
CellChat,ligand_receptor,5-ht-tph2;Slc18a2,Htr2b
CellChat,ligand_receptor,5-ht-tph2;Slc6a4,Htr2b
CellChat,ligand_receptor,5-ht-tph1;Slc18a1,Htr2c
CellChat,ligand_receptor,5-ht-tph1;Slc18a2,Htr2c
CellChat,ligand_receptor,5-ht-tph1;Slc6a4,Htr2c
CellChat,ligand_receptor,5-ht-tph2;Slc18a1,Htr2c
CellChat,ligand_receptor,5-ht-tph2;Slc18a2,Htr2c
CellChat,ligand_receptor,5-ht-tph2;Slc6a4,Htr2c
CellChat,ligand_receptor,5-ht-tph1;Slc18a1,Htr4
CellChat,ligand_receptor,5-ht-tph1;Slc18a2,Htr4
CellChat,ligand_receptor,5-ht-tph1;Slc6a4,Htr4
CellChat,ligand_receptor,5-ht-tph2;Slc18a1,Htr4
CellChat,ligand_receptor,5-ht-tph2;Slc18a2,Htr4
CellChat,ligand_receptor,5-ht-tph2;Slc6a4,Htr4
CellChat,ligand_receptor,5-ht-tph1;Slc18a1,Htr5a
CellChat,ligand_receptor,5-ht-tph1;Slc18a2,Htr5a
CellChat,ligand_receptor,5-ht-tph1;Slc6a4,Htr5a
CellChat,ligand_receptor,5-ht-tph2;Slc18a1,Htr5a
CellChat,ligand_receptor,5-ht-tph2;Slc18a2,Htr5a
CellChat,ligand_receptor,5-ht-tph2;Slc6a4,Htr5a
CellChat,ligand_receptor,5-ht-tph1;Slc18a1,Htr6
CellChat,ligand_receptor,5-ht-tph1;Slc18a2,Htr6
CellChat,ligand_receptor,5-ht-tph1;Slc6a4,Htr6
CellChat,ligand_receptor,5-ht-tph2;Slc18a1,Htr6
CellChat,ligand_receptor,5-ht-tph2;Slc18a2,Htr6
CellChat,ligand_receptor,5-ht-tph2;Slc6a4,Htr6
CellChat,ligand_receptor,5-ht-tph1;Slc18a1,Htr7
CellChat,ligand_receptor,5-ht-tph1;Slc18a2,Htr7
CellChat,ligand_receptor,5-ht-tph1;Slc6a4,Htr7
CellChat,ligand_receptor,5-ht-tph2;Slc18a1,Htr7
CellChat,ligand_receptor,5-ht-tph2;Slc18a2,Htr7
CellChat,ligand_receptor,5-ht-tph2;Slc6a4,Htr7
CellChat,ligand_receptor,Lrfn4,Ptprd
CellChat,ligand_receptor,Lrfn4,Ptprf
CellChat,ligand_receptor,Lrfn4,Ptprs
CellChat,ligand_receptor,Lrfn5,Ptprd
CellChat,ligand_receptor,Lrfn5,Ptprf
CellChat,ligand_receptor,Lrfn5,Ptprs
CellChat,ligand_receptor,Lrrc4b,Ptprd
CellChat,ligand_receptor,Lrrc4b,Ptprs
CellChat,ligand_receptor,Lrrc4c,Ptprf
CellChat,ligand_receptor,Nrxn1,Lrrtm1
CellChat,ligand_receptor,Nrxn2,Lrrtm1
CellChat,ligand_receptor,Nrxn3,Lrrtm1
CellChat,ligand_receptor,Nrxn1,Lrrtm2
CellChat,ligand_receptor,Nrxn2,Lrrtm2
CellChat,ligand_receptor,Nrxn3,Lrrtm2
CellChat,ligand_receptor,Nrxn1,Lrrtm3
CellChat,ligand_receptor,Nrxn2,Lrrtm3
CellChat,ligand_receptor,Nrxn3,Lrrtm3
CellChat,ligand_receptor,Nrxn1,Lrrtm4
CellChat,ligand_receptor,Nrxn2,Lrrtm4
CellChat,ligand_receptor,Nrxn3,Lrrtm4
CellChat,ligand_receptor,Lrrtm4,Ptprs
CellChat,ligand_receptor,Ltb4-lta4h,Ltb4r1
CellChat,ligand_receptor,Ltb4-lta4h,Ltb4r2
CellChat,ligand_receptor,Grp,Nmbr
CellChat,ligand_receptor,Ptprs,Ntrk3
CellChat,ligand_receptor,B-endorphin-pomc,Oprd1
CellChat,ligand_receptor,B-endorphin-pomc,Oprm1
CellChat,ligand_receptor,B-endorphin-pomc,Oprk1
CellChat,ligand_receptor,Pnoc,Oprl1
CellChat,ligand_receptor,Pgd2-ptgds,Ptgdr
CellChat,ligand_receptor,Pgd2-ptgds,Ptgdr2
CellChat,ligand_receptor,Pge2-ptges,Ptger1
CellChat,ligand_receptor,Pge2-ptges2,Ptger1
CellChat,ligand_receptor,Pge2-ptges3,Ptger1
CellChat,ligand_receptor,Pge2-ptges,Ptger2
CellChat,ligand_receptor,Pge2-ptges2,Ptger2
CellChat,ligand_receptor,Pge2-ptges3,Ptger2
CellChat,ligand_receptor,Pge2-ptges,Ptger3
CellChat,ligand_receptor,Pge2-ptges2,Ptger3
CellChat,ligand_receptor,Pge2-ptges3,Ptger3
CellChat,ligand_receptor,Pge2-ptges,Ptger4
CellChat,ligand_receptor,Pge2-ptges2,Ptger4
CellChat,ligand_receptor,Pge2-ptges3,Ptger4
CellChat,ligand_receptor,Pgd2-akr1c3,Ptgfr
CellChat,ligand_receptor,Pgf2a-cbr1,Ptgfr
CellChat,ligand_receptor,Pgf2a-prxl2b,Ptgfr
CellChat,ligand_receptor,Pgi2-ptgis,Ptgir
CellChat,ligand_receptor,Vip,Sctr
CellChat,ligand_receptor,Slitrk1,Ptprd
CellChat,ligand_receptor,Slitrk1,Ptprs
CellChat,ligand_receptor,Slitrk2,Ptprd
CellChat,ligand_receptor,Slitrk2,Ptprs
CellChat,ligand_receptor,Slitrk3,Ptprd
CellChat,ligand_receptor,Slitrk4,Ptprs
CellChat,ligand_receptor,Slitrk5,Ptprs
CellChat,ligand_receptor,Slitrk6,Ptprs
CellChat,ligand_receptor,Txa2-tbxas1,Tbxa2r
CellChat,ligand_receptor,Glu-slc17a6;Gls,Grik1;Grik4
CellChat,ligand_receptor,Glu-slc17a6;Gls,Grik2;Grik4
CellChat,ligand_receptor,Glu-slc17a6;Gls,Grik3;Grik4
CellChat,ligand_receptor,Glu-slc17a6;Gls,Grik1;Grik5
CellChat,ligand_receptor,Glu-slc17a6;Gls,Grik2;Grik5
CellChat,ligand_receptor,Glu-slc17a6;Gls,Grik3;Grik5
CellChat,ligand_receptor,Glu-slc17a6;Gls,Grin1;Grin2a
CellChat,ligand_receptor,Glu-slc17a6;Gls,Grin1;Grin2b
CellChat,ligand_receptor,Glu-slc17a6;Gls,Grin1;Grin2c
CellChat,ligand_receptor,Glu-slc17a6;Gls,Grin1;Grin2d
CellChat,ligand_receptor,Glu-slc17a7;Gls,Grik1;Grik4
CellChat,ligand_receptor,Glu-slc17a7;Gls,Grik2;Grik4
CellChat,ligand_receptor,Glu-slc17a7;Gls,Grik3;Grik4
CellChat,ligand_receptor,Glu-slc17a7;Gls,Grik1;Grik5
CellChat,ligand_receptor,Glu-slc17a7;Gls,Grik2;Grik5
CellChat,ligand_receptor,Glu-slc17a7;Gls,Grik3;Grik5
CellChat,ligand_receptor,Glu-slc17a7;Gls,Grin1;Grin2a
CellChat,ligand_receptor,Glu-slc17a7;Gls,Grin1;Grin2b
CellChat,ligand_receptor,Glu-slc17a7;Gls,Grin1;Grin2c
CellChat,ligand_receptor,Glu-slc17a7;Gls,Grin1;Grin2d
CellChat,ligand_receptor,Glu-slc17a8;Gls,Grik1;Grik4
CellChat,ligand_receptor,Glu-slc17a8;Gls,Grik2;Grik4
CellChat,ligand_receptor,Glu-slc17a8;Gls,Grik3;Grik4
CellChat,ligand_receptor,Glu-slc17a8;Gls,Grik1;Grik5
CellChat,ligand_receptor,Glu-slc17a8;Gls,Grik2;Grik5
CellChat,ligand_receptor,Glu-slc17a8;Gls,Grik3;Grik5
CellChat,ligand_receptor,Glu-slc17a8;Gls,Grin1;Grin2a
CellChat,ligand_receptor,Glu-slc17a8;Gls,Grin1;Grin2b
CellChat,ligand_receptor,Glu-slc17a8;Gls,Grin1;Grin2c
CellChat,ligand_receptor,Glu-slc17a8;Gls,Grin1;Grin2d
CellChat,ligand_receptor,Glu-slc1a1;Gls,Grik1;Grik4
CellChat,ligand_receptor,Glu-slc1a1;Gls,Grik2;Grik4
CellChat,ligand_receptor,Glu-slc1a1;Gls,Grik3;Grik4
CellChat,ligand_receptor,Glu-slc1a1;Gls,Grik1;Grik5
CellChat,ligand_receptor,Glu-slc1a1;Gls,Grik2;Grik5
CellChat,ligand_receptor,Glu-slc1a1;Gls,Grik3;Grik5
CellChat,ligand_receptor,Glu-slc1a1;Gls,Grin1;Grin2a
CellChat,ligand_receptor,Glu-slc1a1;Gls,Grin1;Grin2b
CellChat,ligand_receptor,Glu-slc1a1;Gls,Grin1;Grin2c
CellChat,ligand_receptor,Glu-slc1a1;Gls,Grin1;Grin2d
CellChat,ligand_receptor,Glu-slc1a2;Gls,Grik1;Grik4
CellChat,ligand_receptor,Glu-slc1a2;Gls,Grik2;Grik4
CellChat,ligand_receptor,Glu-slc1a2;Gls,Grik3;Grik4
CellChat,ligand_receptor,Glu-slc1a2;Gls,Grik1;Grik5
CellChat,ligand_receptor,Glu-slc1a2;Gls,Grik2;Grik5
CellChat,ligand_receptor,Glu-slc1a2;Gls,Grik3;Grik5
CellChat,ligand_receptor,Glu-slc1a2;Gls,Grin1;Grin2a
CellChat,ligand_receptor,Glu-slc1a2;Gls,Grin1;Grin2b
CellChat,ligand_receptor,Glu-slc1a2;Gls,Grin1;Grin2c
CellChat,ligand_receptor,Glu-slc1a2;Gls,Grin1;Grin2d
CellChat,ligand_receptor,Glu-slc1a3;Gls,Grik1;Grik4
CellChat,ligand_receptor,Glu-slc1a3;Gls,Grik2;Grik4
CellChat,ligand_receptor,Glu-slc1a3;Gls,Grik3;Grik4
CellChat,ligand_receptor,Glu-slc1a3;Gls,Grik1;Grik5
CellChat,ligand_receptor,Glu-slc1a3;Gls,Grik2;Grik5
CellChat,ligand_receptor,Glu-slc1a3;Gls,Grik3;Grik5
CellChat,ligand_receptor,Glu-slc1a3;Gls,Grin1;Grin2a
CellChat,ligand_receptor,Glu-slc1a3;Gls,Grin1;Grin2b
CellChat,ligand_receptor,Glu-slc1a3;Gls,Grin1;Grin2c
CellChat,ligand_receptor,Glu-slc1a3;Gls,Grin1;Grin2d
CellChat,ligand_receptor,Glu-slc1a6;Gls,Grik1;Grik4
CellChat,ligand_receptor,Glu-slc1a6;Gls,Grik2;Grik4
CellChat,ligand_receptor,Glu-slc1a6;Gls,Grik3;Grik4
CellChat,ligand_receptor,Glu-slc1a6;Gls,Grik1;Grik5
CellChat,ligand_receptor,Glu-slc1a6;Gls,Grik2;Grik5
CellChat,ligand_receptor,Glu-slc1a6;Gls,Grik3;Grik5
CellChat,ligand_receptor,Glu-slc1a6;Gls,Grin1;Grin2a
CellChat,ligand_receptor,Glu-slc1a6;Gls,Grin1;Grin2b
CellChat,ligand_receptor,Glu-slc1a6;Gls,Grin1;Grin2c
CellChat,ligand_receptor,Glu-slc1a6;Gls,Grin1;Grin2d
CellChat,ligand_receptor,Glu-slc1a7;Gls,Grik1;Grik4
CellChat,ligand_receptor,Glu-slc1a7;Gls,Grik2;Grik4
CellChat,ligand_receptor,Glu-slc1a7;Gls,Grik3;Grik4
CellChat,ligand_receptor,Glu-slc1a7;Gls,Grik1;Grik5
CellChat,ligand_receptor,Glu-slc1a7;Gls,Grik2;Grik5
CellChat,ligand_receptor,Glu-slc1a7;Gls,Grik3;Grik5
CellChat,ligand_receptor,Glu-slc1a7;Gls,Grin1;Grin2a
CellChat,ligand_receptor,Glu-slc1a7;Gls,Grin1;Grin2b
CellChat,ligand_receptor,Glu-slc1a7;Gls,Grin1;Grin2c
CellChat,ligand_receptor,Glu-slc1a7;Gls,Grin1;Grin2d
CellChat,ligand_receptor,Glu-slc17a6;Gls2,Grik1;Grik4
CellChat,ligand_receptor,Glu-slc17a6;Gls2,Grik2;Grik4
CellChat,ligand_receptor,Glu-slc17a6;Gls2,Grik3;Grik4
CellChat,ligand_receptor,Glu-slc17a6;Gls2,Grik1;Grik5
CellChat,ligand_receptor,Glu-slc17a6;Gls2,Grik2;Grik5
CellChat,ligand_receptor,Glu-slc17a6;Gls2,Grik3;Grik5
CellChat,ligand_receptor,Glu-slc17a6;Gls2,Grin1;Grin2a
CellChat,ligand_receptor,Glu-slc17a6;Gls2,Grin1;Grin2b
CellChat,ligand_receptor,Glu-slc17a6;Gls2,Grin1;Grin2c
CellChat,ligand_receptor,Glu-slc17a6;Gls2,Grin1;Grin2d
CellChat,ligand_receptor,Glu-slc17a7;Gls2,Grik1;Grik4
CellChat,ligand_receptor,Glu-slc17a7;Gls2,Grik2;Grik4
CellChat,ligand_receptor,Glu-slc17a7;Gls2,Grik3;Grik4
CellChat,ligand_receptor,Glu-slc17a7;Gls2,Grik1;Grik5
CellChat,ligand_receptor,Glu-slc17a7;Gls2,Grik2;Grik5
CellChat,ligand_receptor,Glu-slc17a7;Gls2,Grik3;Grik5
CellChat,ligand_receptor,Glu-slc17a7;Gls2,Grin1;Grin2a
CellChat,ligand_receptor,Glu-slc17a7;Gls2,Grin1;Grin2b
CellChat,ligand_receptor,Glu-slc17a7;Gls2,Grin1;Grin2c
CellChat,ligand_receptor,Glu-slc17a7;Gls2,Grin1;Grin2d
CellChat,ligand_receptor,Glu-slc17a8;Gls2,Grik1;Grik4
CellChat,ligand_receptor,Glu-slc17a8;Gls2,Grik2;Grik4
CellChat,ligand_receptor,Glu-slc17a8;Gls2,Grik3;Grik4
CellChat,ligand_receptor,Glu-slc17a8;Gls2,Grik1;Grik5
CellChat,ligand_receptor,Glu-slc17a8;Gls2,Grik2;Grik5
CellChat,ligand_receptor,Glu-slc17a8;Gls2,Grik3;Grik5
CellChat,ligand_receptor,Glu-slc17a8;Gls2,Grin1;Grin2a
CellChat,ligand_receptor,Glu-slc17a8;Gls2,Grin1;Grin2b
CellChat,ligand_receptor,Glu-slc17a8;Gls2,Grin1;Grin2c
CellChat,ligand_receptor,Glu-slc17a8;Gls2,Grin1;Grin2d
CellChat,ligand_receptor,Glu-slc1a1;Gls2,Grik1;Grik4
CellChat,ligand_receptor,Glu-slc1a1;Gls2,Grik2;Grik4
CellChat,ligand_receptor,Glu-slc1a1;Gls2,Grik3;Grik4
CellChat,ligand_receptor,Glu-slc1a1;Gls2,Grik1;Grik5
CellChat,ligand_receptor,Glu-slc1a1;Gls2,Grik2;Grik5
CellChat,ligand_receptor,Glu-slc1a1;Gls2,Grik3;Grik5
CellChat,ligand_receptor,Glu-slc1a1;Gls2,Grin1;Grin2a
CellChat,ligand_receptor,Glu-slc1a1;Gls2,Grin1;Grin2b
CellChat,ligand_receptor,Glu-slc1a1;Gls2,Grin1;Grin2c
CellChat,ligand_receptor,Glu-slc1a1;Gls2,Grin1;Grin2d
CellChat,ligand_receptor,Glu-slc1a2;Gls2,Grik1;Grik4
CellChat,ligand_receptor,Glu-slc1a2;Gls2,Grik2;Grik4
CellChat,ligand_receptor,Glu-slc1a2;Gls2,Grik3;Grik4
CellChat,ligand_receptor,Glu-slc1a2;Gls2,Grik1;Grik5
CellChat,ligand_receptor,Glu-slc1a2;Gls2,Grik2;Grik5
CellChat,ligand_receptor,Glu-slc1a2;Gls2,Grik3;Grik5
CellChat,ligand_receptor,Glu-slc1a2;Gls2,Grin1;Grin2a
CellChat,ligand_receptor,Glu-slc1a2;Gls2,Grin1;Grin2b
CellChat,ligand_receptor,Glu-slc1a2;Gls2,Grin1;Grin2c
CellChat,ligand_receptor,Glu-slc1a2;Gls2,Grin1;Grin2d
CellChat,ligand_receptor,Glu-slc1a3;Gls2,Grik1;Grik4
CellChat,ligand_receptor,Glu-slc1a3;Gls2,Grik2;Grik4
CellChat,ligand_receptor,Glu-slc1a3;Gls2,Grik3;Grik4
CellChat,ligand_receptor,Glu-slc1a3;Gls2,Grik1;Grik5
CellChat,ligand_receptor,Glu-slc1a3;Gls2,Grik2;Grik5
CellChat,ligand_receptor,Glu-slc1a3;Gls2,Grik3;Grik5
CellChat,ligand_receptor,Glu-slc1a3;Gls2,Grin1;Grin2a
CellChat,ligand_receptor,Glu-slc1a3;Gls2,Grin1;Grin2b
CellChat,ligand_receptor,Glu-slc1a3;Gls2,Grin1;Grin2c
CellChat,ligand_receptor,Glu-slc1a3;Gls2,Grin1;Grin2d
CellChat,ligand_receptor,Glu-slc1a6;Gls2,Grik1;Grik4
CellChat,ligand_receptor,Glu-slc1a6;Gls2,Grik2;Grik4
CellChat,ligand_receptor,Glu-slc1a6;Gls2,Grik3;Grik4
CellChat,ligand_receptor,Glu-slc1a6;Gls2,Grik1;Grik5
CellChat,ligand_receptor,Glu-slc1a6;Gls2,Grik2;Grik5
CellChat,ligand_receptor,Glu-slc1a6;Gls2,Grik3;Grik5
CellChat,ligand_receptor,Glu-slc1a6;Gls2,Grin1;Grin2a
CellChat,ligand_receptor,Glu-slc1a6;Gls2,Grin1;Grin2b
CellChat,ligand_receptor,Glu-slc1a6;Gls2,Grin1;Grin2c
CellChat,ligand_receptor,Glu-slc1a6;Gls2,Grin1;Grin2d
CellChat,ligand_receptor,Glu-slc1a7;Gls2,Grik1;Grik4
CellChat,ligand_receptor,Glu-slc1a7;Gls2,Grik2;Grik4
CellChat,ligand_receptor,Glu-slc1a7;Gls2,Grik3;Grik4
CellChat,ligand_receptor,Glu-slc1a7;Gls2,Grik1;Grik5
CellChat,ligand_receptor,Glu-slc1a7;Gls2,Grik2;Grik5
CellChat,ligand_receptor,Glu-slc1a7;Gls2,Grik3;Grik5
CellChat,ligand_receptor,Glu-slc1a7;Gls2,Grin1;Grin2a
CellChat,ligand_receptor,Glu-slc1a7;Gls2,Grin1;Grin2b
CellChat,ligand_receptor,Glu-slc1a7;Gls2,Grin1;Grin2c
CellChat,ligand_receptor,Glu-slc1a7;Gls2,Grin1;Grin2d
CellChat,ligand_receptor,12oxoltb4-ptgr1,Ltb4r1
CellChat,ligand_receptor,12oxoltb4-ptgr1,Ltb4r2
CellChat,ligand_receptor,22hc-cyp11a1,Nr1h4
CellChat,ligand_receptor,22hc-cyp3a4,Nr1h4
CellChat,ligand_receptor,2ag-dagla,Cnr1
CellChat,ligand_receptor,2ag-dagla,Cnr2
CellChat,ligand_receptor,2ag-dagla,Gpr55
CellChat,ligand_receptor,2ag-daglb,Cnr1
CellChat,ligand_receptor,2ag-daglb,Cnr2
CellChat,ligand_receptor,2ag-daglb,Gpr55
CellChat,ligand_receptor,5alphap-dhrs9,Pgr
CellChat,ligand_receptor,App,Sorl1
CellChat,ligand_receptor,App,Tnfrsf21
CellChat,ligand_receptor,App,Trem2;Tyrobp
CellChat,ligand_receptor,Entpd1,Adora3
CellChat,ligand_receptor,Aldo-cyp11b2,Nr3c1
CellChat,ligand_receptor,Aldo-cyp11b2,Nr3c2
CellChat,ligand_receptor,Androstenedione-cyp17a1,Ar
CellChat,ligand_receptor,Androsterone-hsd17b6,Nr1h4
CellChat,ligand_receptor,Apoa1,Abca1
CellChat,ligand_receptor,Apoa1,Cubn;Amn
CellChat,ligand_receptor,Apoa1,Trem2;Tyrobp
CellChat,ligand_receptor,Apoa2,Trem2;Tyrobp
CellChat,ligand_receptor,Apob,Apobr
CellChat,ligand_receptor,Apob,Trem2;Tyrobp
CellChat,ligand_receptor,Apoe,Trem2;Tyrobp
CellChat,ligand_receptor,Ra-aldh1a1,Rara;Crabp2
CellChat,ligand_receptor,Ra-aldh1a1,Rara;Rxra;Crabp2
CellChat,ligand_receptor,Ra-aldh1a1,Rarb;Crabp2
CellChat,ligand_receptor,Ra-aldh1a1,Rarb;Rxrb;Crabp2
CellChat,ligand_receptor,Ra-aldh1a1,Rarg;Crabp2
CellChat,ligand_receptor,Ra-aldh1a1,Rarg;Rxrg;Crabp2
CellChat,ligand_receptor,Ra-aldh1a1,Rxra;Crabp2
CellChat,ligand_receptor,Ra-aldh1a1,Rxrb;Crabp2
CellChat,ligand_receptor,Ra-aldh1a1,Rxrg;Crabp2
CellChat,ligand_receptor,Ra-aldh1a1,Rorb
CellChat,ligand_receptor,Ra-aldh1a2,Rara;Crabp2
CellChat,ligand_receptor,Ra-aldh1a2,Rara;Rxra;Crabp2
CellChat,ligand_receptor,Ra-aldh1a2,Rarb;Crabp2
CellChat,ligand_receptor,Ra-aldh1a2,Rarb;Rxrb;Crabp2
CellChat,ligand_receptor,Ra-aldh1a2,Rarg;Crabp2
CellChat,ligand_receptor,Ra-aldh1a2,Rarg;Rxrg;Crabp2
CellChat,ligand_receptor,Ra-aldh1a2,Rxra;Crabp2
CellChat,ligand_receptor,Ra-aldh1a2,Rxrb;Crabp2
CellChat,ligand_receptor,Ra-aldh1a2,Rxrg;Crabp2
CellChat,ligand_receptor,Ra-aldh1a2,Rorb
CellChat,ligand_receptor,Ra-aldh1a3,Rara;Crabp2
CellChat,ligand_receptor,Ra-aldh1a3,Rara;Rxra;Crabp2
CellChat,ligand_receptor,Ra-aldh1a3,Rarb;Crabp2
CellChat,ligand_receptor,Ra-aldh1a3,Rarb;Rxrb;Crabp2
CellChat,ligand_receptor,Ra-aldh1a3,Rarg;Crabp2
CellChat,ligand_receptor,Ra-aldh1a3,Rarg;Rxrg;Crabp2
CellChat,ligand_receptor,Ra-aldh1a3,Rxra;Crabp2
CellChat,ligand_receptor,Ra-aldh1a3,Rxrb;Crabp2
CellChat,ligand_receptor,Ra-aldh1a3,Rxrg;Crabp2
CellChat,ligand_receptor,Ra-aldh1a3,Rorb
CellChat,ligand_receptor,Bdnf,Sort1
CellChat,ligand_receptor,Bdnf,Ngfr
CellChat,ligand_receptor,Cd160,Tnfrsf14
CellChat,ligand_receptor,Cadm1,Nectin3
CellChat,ligand_receptor,Cadm3,Cadm1
CellChat,ligand_receptor,Cadm3,Cadm4
CellChat,ligand_receptor,Cadm3,Epb41l1
CellChat,ligand_receptor,Cadm3,Nectin3
CellChat,ligand_receptor,Calcitriol-cyp27b1,Vdr
CellChat,ligand_receptor,Cd276,Treml2
CellChat,ligand_receptor,Cd99,Pilrb1
CellChat,ligand_receptor,Cd99,Pilrb2
CellChat,ligand_receptor,Ceacam2,Cd209c
CellChat,ligand_receptor,Ceacam2,Cd209a
CellChat,ligand_receptor,Ceacam2,Cd209d
CellChat,ligand_receptor,Ceacam2,Cd209b
CellChat,ligand_receptor,Ceacam2,Cd209e
CellChat,ligand_receptor,Ceacam1,Cd209c
CellChat,ligand_receptor,Ceacam1,Cd209d
CellChat,ligand_receptor,Ceacam1,Cd209b
CellChat,ligand_receptor,Ceacam1,Cd209e
CellChat,ligand_receptor,Ceacam2,Ceacam2
CellChat,ligand_receptor,Ceacam1,Ceacam2
CellChat,ligand_receptor,Ceacam1,Ceacam1
CellChat,ligand_receptor,Ceacam2,Psg20
CellChat,ligand_receptor,Ceacam1,Psg20
CellChat,ligand_receptor,Ceacam2,Sele
CellChat,ligand_receptor,Ceacam2,Cd8a
CellChat,ligand_receptor,Ceacam1,Cd8a
CellChat,ligand_receptor,Ceacam2,Cd1d2
CellChat,ligand_receptor,Ceacam2,Cd1d1
CellChat,ligand_receptor,Ceacam1,Cd1d2
CellChat,ligand_receptor,Ceacam1,Cd1d1
CellChat,ligand_receptor,Cholesterol-cel,Rora
CellChat,ligand_receptor,Cholesterol-cel,Rorc
CellChat,ligand_receptor,Cholesterol-dhcr24,Rora
CellChat,ligand_receptor,Cholesterol-dhcr24,Rorc
CellChat,ligand_receptor,Cholesterol-dhcr7,Rora
CellChat,ligand_receptor,Cholesterol-dhcr7,Rorc
CellChat,ligand_receptor,Cholesterol-lipa,Rora
CellChat,ligand_receptor,Cholesterol-lipa,Rorc
CellChat,ligand_receptor,Cntn1,Notch1
CellChat,ligand_receptor,Cntn1,Notch2
CellChat,ligand_receptor,Cort-cyp11b1,Nr3c1
CellChat,ligand_receptor,Cort-cyp11b1,Nr3c2
CellChat,ligand_receptor,Crtam,Cadm1
CellChat,ligand_receptor,Dhea-sts,Esr1
CellChat,ligand_receptor,Dhea-sts,Nr1i2
CellChat,ligand_receptor,Dhea-sts,Ppara
CellChat,ligand_receptor,Desmosterol-dhcr7,Nr1h2
CellChat,ligand_receptor,Desmosterol-dhcr7,Nr1h3
CellChat,ligand_receptor,Doc-cyp21a2,Nr3c2
CellChat,ligand_receptor,Dheas-sult1e1,Ppara
CellChat,ligand_receptor,Dheas-sult1e1,Ppard
CellChat,ligand_receptor,Dheas-sult1e1,Pparg
CellChat,ligand_receptor,Dheas-sult2a1,Ppara
CellChat,ligand_receptor,Dheas-sult2a1,Ppard
CellChat,ligand_receptor,Dheas-sult2a1,Pparg
CellChat,ligand_receptor,Dheas-sult2b,Ppara
CellChat,ligand_receptor,Dheas-sult2b,Ppard
CellChat,ligand_receptor,Dheas-sult2b,Pparg
CellChat,ligand_receptor,Dht-srd5a1,Ar
CellChat,ligand_receptor,Dht-srd5a2,Ar
CellChat,ligand_receptor,Dht-srd5a3,Ar
CellChat,ligand_receptor,E2-cyp19a1,Esr1
CellChat,ligand_receptor,E2-cyp19a1,Esr2
CellChat,ligand_receptor,E2-cyp19a1,Gper1
CellChat,ligand_receptor,E2-cyp19a1,Nr1i2
CellChat,ligand_receptor,E2-hsd17b1,Esr1
CellChat,ligand_receptor,E2-hsd17b1,Esr2
CellChat,ligand_receptor,E2-hsd17b1,Gper1
CellChat,ligand_receptor,E2-hsd17b1,Nr1i2
CellChat,ligand_receptor,Igfbp3,Tmem219
CellChat,ligand_receptor,Clec2f,Klrb1b
CellChat,ligand_receptor,Clec2g,Klrb1b
CellChat,ligand_receptor,Clec2h,Klrb1b
CellChat,ligand_receptor,Clec2i,Klrb1b
CellChat,ligand_receptor,Clec2e,Klrb1b
CellChat,ligand_receptor,Clec2f,Klrb1
CellChat,ligand_receptor,Clec2d,Klrb1
CellChat,ligand_receptor,Clec2e,Klrb1
CellChat,ligand_receptor,Clec2h,Klrb1f
CellChat,ligand_receptor,Clec2d,Klrb1f
CellChat,ligand_receptor,Clec2e,Klrb1f
CellChat,ligand_receptor,Clec2f,Klrb1a
CellChat,ligand_receptor,Clec2g,Klrb1a
CellChat,ligand_receptor,Clec2h,Klrb1a
CellChat,ligand_receptor,Clec2d,Klrb1a
CellChat,ligand_receptor,Clec2i,Klrb1a
CellChat,ligand_receptor,Clec2e,Klrb1a
CellChat,ligand_receptor,Clec2f,Klrb1c
CellChat,ligand_receptor,Clec2g,Klrb1c
CellChat,ligand_receptor,Clec2h,Klrb1c
CellChat,ligand_receptor,Clec2d,Klrb1c
CellChat,ligand_receptor,Clec2i,Klrb1c
CellChat,ligand_receptor,Clec2e,Klrb1c
CellChat,ligand_receptor,Lair1,Lilrb4a
CellChat,ligand_receptor,Lgals9,Bcr;Cd45;Cd22
CellChat,ligand_receptor,Lgals9,P4hb
CellChat,ligand_receptor,Melatonin-asmt,Mtnr1a
CellChat,ligand_receptor,Melatonin-asmt,Mtnr1b
CellChat,ligand_receptor,Amh,Amhr2;Bmpr1b
CellChat,ligand_receptor,Mmp2,Mmp14;Itgav;Itgb3
CellChat,ligand_receptor,Ntn1,Dcc
CellChat,ligand_receptor,Ntn1,Dscam
CellChat,ligand_receptor,Ntn1,Unc5a
CellChat,ligand_receptor,Ntn1,Unc5b
CellChat,ligand_receptor,Ntn1,Unc5c
CellChat,ligand_receptor,Ntn4,Ntrk2
CellChat,ligand_receptor,Ntn4,Unc5b
CellChat,ligand_receptor,Ntn4,Unc5d
CellChat,ligand_receptor,Nts,Sort1
CellChat,ligand_receptor,Nrg1,Itga6;Itgb4
CellChat,ligand_receptor,Ntf3,Ngfr
CellChat,ligand_receptor,Ntf5,Ngfr
CellChat,ligand_receptor,Cd200,Cd200r1l
CellChat,ligand_receptor,Pecam1,Cd177
CellChat,ligand_receptor,Pecam1,Cd38
CellChat,ligand_receptor,Ppia,Bsg
CellChat,ligand_receptor,Pregnenolone-cyp11a1,Nr1i2
CellChat,ligand_receptor,Progesterone-hsd3b1,Catsper1;Catsperb
CellChat,ligand_receptor,Progesterone-hsd3b1,Catsper1;Catsperd
CellChat,ligand_receptor,Progesterone-hsd3b1,Catsper2;Catsperb
CellChat,ligand_receptor,Progesterone-hsd3b1,Catsper2;Catsperd
CellChat,ligand_receptor,Progesterone-hsd3b1,Catsper3;Catsperb
CellChat,ligand_receptor,Progesterone-hsd3b1,Catsper3;Catsperd
CellChat,ligand_receptor,Progesterone-hsd3b1,Catsper4;Catsperb
CellChat,ligand_receptor,Progesterone-hsd3b1,Catsper4;Catsperd
CellChat,ligand_receptor,Pgd2-akr1c3,Ptgdr2
CellChat,ligand_receptor,Reln,Lrp8
CellChat,ligand_receptor,Reln,Vldlr
CellChat,ligand_receptor,Raet1e,Nkg2d;Hcst
CellChat,ligand_receptor,Raet1c,Nkg2d;Hcst
CellChat,ligand_receptor,Raet1b,Nkg2d;Hcst
CellChat,ligand_receptor,Raet1a,Nkg2d;Hcst
CellChat,ligand_receptor,Raet1d,Nkg2d;Hcst
CellChat,ligand_receptor,H60a,Nkg2d;Hcst
CellChat,ligand_receptor,H60b,Nkg2d;Hcst
CellChat,ligand_receptor,H60c,Nkg2d;Hcst
CellChat,ligand_receptor,Rbp4,Stra6
CellChat,ligand_receptor,5-ht-dopa-ddc,Htr1a
CellChat,ligand_receptor,5-ht-dopa-ddc,Htr1b
CellChat,ligand_receptor,5-ht-dopa-ddc,Htr1d
CellChat,ligand_receptor,5-ht-dopa-ddc,Htr1f
CellChat,ligand_receptor,5-ht-dopa-ddc,Htr2a
CellChat,ligand_receptor,5-ht-dopa-ddc,Htr2b
CellChat,ligand_receptor,5-ht-dopa-ddc,Htr2c
CellChat,ligand_receptor,5-ht-dopa-ddc,Htr3a
CellChat,ligand_receptor,5-ht-dopa-ddc,Htr3b
CellChat,ligand_receptor,5-ht-dopa-ddc,Htr4
CellChat,ligand_receptor,5-ht-dopa-ddc,Htr5a
CellChat,ligand_receptor,5-ht-dopa-ddc,Htr6
CellChat,ligand_receptor,5-ht-dopa-ddc,Htr7
CellChat,ligand_receptor,5-ht-dopa-ddc,Drd1
CellChat,ligand_receptor,5-ht-dopa-ddc,Drd2
CellChat,ligand_receptor,5-ht-dopa-ddc,Drd3
CellChat,ligand_receptor,5-ht-dopa-ddc,Drd4
CellChat,ligand_receptor,5-ht-dopa-ddc,Drd5
CellChat,ligand_receptor,Sirpb1a,Cd47
CellChat,ligand_receptor,Sirpb1b,Cd47
CellChat,ligand_receptor,Sirpb1c,Cd47
CellChat,ligand_receptor,Slit1,Robo1
CellChat,ligand_receptor,Slit2,Robo1
CellChat,ligand_receptor,Slit2,Robo2
CellChat,ligand_receptor,Testosterone-akr1d1,Ar
CellChat,ligand_receptor,Testosterone-hsd17b12,Ar
CellChat,ligand_receptor,Testosterone-hsd17b3,Ar
CellChat,ligand_receptor,Gphb5;Gpha2,Tshr
CellChat,ligand_receptor,Cga;Tshb,Tshr
CellChat,ligand_receptor,T3-dio3,Thra
CellChat,ligand_receptor,T3-dio3,Thrb
CellChat,ligand_receptor,Tulp1,Tyro3
CellChat,ligand_receptor,Tulp2,Tyro3
CellChat,ligand_receptor,Tulp1,Axl
CellChat,ligand_receptor,Tulp1,Mertk
CellChat,ligand_receptor,Tub,Mertk
CellChat,ligand_receptor,Pros1,Mertk
CellChat,ligand_receptor,Plau,Plaur
CellChat,ligand_receptor,Vcam1,Itgad;Itgb2
