database,interaction_type,ligand_components,receptor_components
MetaChat,transporter,Nan,Abca1
MetaChat,transporter,Nan,Abca13
MetaChat,transporter,Nan,Abcb4
MetaChat,transporter,Urod,Abcb6
MetaChat,transporter,Esd,Abcb6
MetaChat,transporter,Gsr,Abcb6
MetaChat,transporter,Gss,Abcb6
MetaChat,transporter,Hagh,Abcb6
MetaChat,transporter,Haghl,Abcb6
MetaChat,transporter,Nan,Abcc1
MetaChat,transporter,Esd,Abcc1
MetaChat,transporter,Gsr,Abcc1
MetaChat,transporter,Gss,Abcc1
MetaChat,transporter,Hagh,Abcc1
MetaChat,transporter,Haghl,Abcc1
MetaChat,transporter,Nan,Abcc10
MetaChat,transporter,Nan,Abcc2
MetaChat,transporter,Olah,Abcc2
MetaChat,transporter,Sult1e1,Abcc3
MetaChat,transporter,Sult2a6,Abcc3
MetaChat,transporter,Sult5a1,Abcc3
MetaChat,transporter,Nan,Abcc3
MetaChat,transporter,Nan,Abcc4
MetaChat,transporter,Xdh,Abcc4
MetaChat,transporter,Adcy1,Abcc4
MetaChat,transporter,Adcy10,Abcc4
MetaChat,transporter,Adcy2,Abcc4
MetaChat,transporter,Adcy3,Abcc4
MetaChat,transporter,Adcy4,Abcc4
MetaChat,transporter,Adcy5,Abcc4
MetaChat,transporter,Adcy6,Abcc4
MetaChat,transporter,Adcy7,Abcc4
MetaChat,transporter,Adcy8,Abcc4
MetaChat,transporter,Adcy9,Abcc4
MetaChat,transporter,Gucy1a2,Abcc4
MetaChat,transporter,Gucy2c,Abcc4
MetaChat,transporter,Gucy2f,Abcc4
MetaChat,transporter,Npr1,Abcc4
MetaChat,transporter,Npr2,Abcc4
MetaChat,transporter,Cbr1,Abcc4
MetaChat,transporter,Adcy1,Abcc5
MetaChat,transporter,Adcy10,Abcc5
MetaChat,transporter,Adcy2,Abcc5
MetaChat,transporter,Adcy3,Abcc5
MetaChat,transporter,Adcy4,Abcc5
MetaChat,transporter,Adcy5,Abcc5
MetaChat,transporter,Adcy6,Abcc5
MetaChat,transporter,Adcy7,Abcc5
MetaChat,transporter,Adcy8,Abcc5
MetaChat,transporter,Adcy9,Abcc5
MetaChat,transporter,Nan,Abcc6
MetaChat,"receptor,transporter",Adcy1,Abcc8
MetaChat,"receptor,transporter",Adcy10,Abcc8
MetaChat,"receptor,transporter",Adcy2,Abcc8
MetaChat,"receptor,transporter",Adcy3,Abcc8
MetaChat,"receptor,transporter",Adcy4,Abcc8
MetaChat,"receptor,transporter",Adcy5,Abcc8
MetaChat,"receptor,transporter",Adcy6,Abcc8
MetaChat,"receptor,transporter",Adcy7,Abcc8
MetaChat,"receptor,transporter",Adcy8,Abcc8
MetaChat,"receptor,transporter",Adcy9,Abcc8
MetaChat,"receptor,transporter",Nudt2,Abcc8
MetaChat,"receptor,transporter",Pklr,Abcc8
MetaChat,"receptor,transporter",Pkm,Abcc8
MetaChat,"receptor,transporter",Rrm1,Abcc8
MetaChat,"receptor,transporter",Rrm2,Abcc8
MetaChat,"receptor,transporter",Rrm2b,Abcc8
MetaChat,transporter,Acsbg1,Abcd1
MetaChat,transporter,Acsbg2,Abcd1
MetaChat,transporter,Nan,Abcg1
MetaChat,transporter,Hsd3b9,Abcg3
MetaChat,transporter,Hsd17b1,Abcg3
MetaChat,transporter,Nan,Abcg3
MetaChat,receptor,Nan,Adgrf1
MetaChat,receptor,Nan,Adgrg3
MetaChat,receptor,Agl,Adgrl1
MetaChat,receptor,Gaa,Adgrl1
MetaChat,receptor,Ganc,Adgrl1
MetaChat,receptor,Mgam,Adgrl1
MetaChat,receptor,Pgghg,Adgrl1
MetaChat,receptor,Pygb,Adgrl1
MetaChat,receptor,Pygl,Adgrl1
MetaChat,receptor,Pygm,Adgrl1
MetaChat,receptor,Treh,Adgrl1
MetaChat,receptor,Nan,Adipor2
MetaChat,receptor,Gda,Adora1
MetaChat,receptor,Xdh,Adora1
MetaChat,receptor,Ahcyl1,Adora1
MetaChat,receptor,Ahcyl2,Adora1
MetaChat,receptor,Nt5c,Adora1
MetaChat,receptor,Nt5c1a,Adora1
MetaChat,receptor,Nt5c1b,Adora1
MetaChat,receptor,Nt5c2,Adora1
MetaChat,receptor,Aacs,Adora1
MetaChat,receptor,Acsbg1,Adora1
MetaChat,receptor,Acsbg2,Adora1
MetaChat,receptor,Acsl1,Adora1
MetaChat,receptor,Acsl3,Adora1
MetaChat,receptor,Acsl4,Adora1
MetaChat,receptor,Acsl5,Adora1
MetaChat,receptor,Acsl6,Adora1
MetaChat,receptor,Acss1,Adora1
MetaChat,receptor,Acss2,Adora1
MetaChat,receptor,Acss3,Adora1
MetaChat,receptor,Adk,Adora1
MetaChat,receptor,Adsl,Adora1
MetaChat,receptor,Alb,Adora1
MetaChat,receptor,Apoa1,Adora1
MetaChat,receptor,Apob,Adora1
MetaChat,receptor,Apoc1,Adora1
MetaChat,receptor,Apoc2,Adora1
MetaChat,receptor,Apoc3,Adora1
MetaChat,receptor,Apoe,Adora1
MetaChat,receptor,Aprt,Adora1
MetaChat,receptor,Asns,Adora1
MetaChat,receptor,Ass1,Adora1
MetaChat,receptor,Baat,Adora1
MetaChat,receptor,Bpnt1,Adora1
MetaChat,receptor,Carns1,Adora1
MetaChat,receptor,Enpp1,Adora1
MetaChat,receptor,Enpp3,Adora1
MetaChat,receptor,Entpd1,Adora1
MetaChat,receptor,Entpd3,Adora1
MetaChat,receptor,Entpd8,Adora1
MetaChat,receptor,F2,Adora1
MetaChat,receptor,Gmps,Adora1
MetaChat,receptor,Hlcs,Adora1
MetaChat,receptor,Nadsyn1,Adora1
MetaChat,receptor,Ndufab1,Adora1
MetaChat,receptor,Nudt12,Adora1
MetaChat,receptor,Nudt2,Adora1
MetaChat,receptor,Nudt5,Adora1
MetaChat,receptor,Pde10a,Adora1
MetaChat,receptor,Pde11a,Adora1
MetaChat,receptor,Pde1a,Adora1
MetaChat,receptor,Pde1b,Adora1
MetaChat,receptor,Pde1c,Adora1
MetaChat,receptor,Pde2a,Adora1
MetaChat,receptor,Pde3a,Adora1
MetaChat,receptor,Pde3b,Adora1
MetaChat,receptor,Pde4a,Adora1
MetaChat,receptor,Pde4b,Adora1
MetaChat,receptor,Pde4c,Adora1
MetaChat,receptor,Pde4d,Adora1
MetaChat,receptor,Pde7a,Adora1
MetaChat,receptor,Pde7b,Adora1
MetaChat,receptor,Pde8a,Adora1
MetaChat,receptor,Pde8b,Adora1
MetaChat,receptor,Plg,Adora1
MetaChat,receptor,Ppcs,Adora1
MetaChat,receptor,Prps1l1,Adora1
MetaChat,receptor,Prps1l3,Adora1
MetaChat,receptor,Prps2,Adora1
MetaChat,receptor,Sephs1,Adora1
MetaChat,receptor,Sephs2,Adora1
MetaChat,receptor,Slc27a2,Adora1
MetaChat,receptor,Slc27a5,Adora1
MetaChat,receptor,Tfrc,Adora1
MetaChat,receptor,Tpk1,Adora1
MetaChat,receptor,Txn2,Adora1
MetaChat,receptor,Aacs,Adora2a
MetaChat,receptor,Acsbg1,Adora2a
MetaChat,receptor,Acsbg2,Adora2a
MetaChat,receptor,Acsl1,Adora2a
MetaChat,receptor,Acsl3,Adora2a
MetaChat,receptor,Acsl4,Adora2a
MetaChat,receptor,Acsl5,Adora2a
MetaChat,receptor,Acsl6,Adora2a
MetaChat,receptor,Acss1,Adora2a
MetaChat,receptor,Acss2,Adora2a
MetaChat,receptor,Acss3,Adora2a
MetaChat,receptor,Adk,Adora2a
MetaChat,receptor,Adsl,Adora2a
MetaChat,receptor,Alb,Adora2a
MetaChat,receptor,Apoa1,Adora2a
MetaChat,receptor,Apob,Adora2a
MetaChat,receptor,Apoc1,Adora2a
MetaChat,receptor,Apoc2,Adora2a
MetaChat,receptor,Apoc3,Adora2a
MetaChat,receptor,Apoe,Adora2a
MetaChat,receptor,Aprt,Adora2a
MetaChat,receptor,Asns,Adora2a
MetaChat,receptor,Ass1,Adora2a
MetaChat,receptor,Baat,Adora2a
MetaChat,receptor,Bpnt1,Adora2a
MetaChat,receptor,Carns1,Adora2a
MetaChat,receptor,Enpp1,Adora2a
MetaChat,receptor,Enpp3,Adora2a
MetaChat,receptor,Entpd1,Adora2a
MetaChat,receptor,Entpd3,Adora2a
MetaChat,receptor,Entpd8,Adora2a
MetaChat,receptor,F2,Adora2a
MetaChat,receptor,Gmps,Adora2a
MetaChat,receptor,Hlcs,Adora2a
MetaChat,receptor,Nadsyn1,Adora2a
MetaChat,receptor,Ndufab1,Adora2a
MetaChat,receptor,Nudt12,Adora2a
MetaChat,receptor,Nudt2,Adora2a
MetaChat,receptor,Nudt5,Adora2a
MetaChat,receptor,Pde10a,Adora2a
MetaChat,receptor,Pde11a,Adora2a
MetaChat,receptor,Pde1a,Adora2a
MetaChat,receptor,Pde1b,Adora2a
MetaChat,receptor,Pde1c,Adora2a
MetaChat,receptor,Pde2a,Adora2a
MetaChat,receptor,Pde3a,Adora2a
MetaChat,receptor,Pde3b,Adora2a
MetaChat,receptor,Pde4a,Adora2a
MetaChat,receptor,Pde4b,Adora2a
MetaChat,receptor,Pde4c,Adora2a
MetaChat,receptor,Pde4d,Adora2a
MetaChat,receptor,Pde7a,Adora2a
MetaChat,receptor,Pde7b,Adora2a
MetaChat,receptor,Pde8a,Adora2a
MetaChat,receptor,Pde8b,Adora2a
MetaChat,receptor,Plg,Adora2a
MetaChat,receptor,Ppcs,Adora2a
MetaChat,receptor,Prps1l1,Adora2a
MetaChat,receptor,Prps1l3,Adora2a
MetaChat,receptor,Prps2,Adora2a
MetaChat,receptor,Sephs1,Adora2a
MetaChat,receptor,Sephs2,Adora2a
MetaChat,receptor,Slc27a2,Adora2a
MetaChat,receptor,Slc27a5,Adora2a
MetaChat,receptor,Tfrc,Adora2a
MetaChat,receptor,Tpk1,Adora2a
MetaChat,receptor,Txn2,Adora2a
MetaChat,receptor,Ahcyl1,Adora2a
MetaChat,receptor,Ahcyl2,Adora2a
MetaChat,receptor,Nt5c,Adora2a
MetaChat,receptor,Nt5c1a,Adora2a
MetaChat,receptor,Nt5c1b,Adora2a
MetaChat,receptor,Nt5c2,Adora2a
MetaChat,receptor,Nan,Adora2a
MetaChat,receptor,Sms,Adora2b
MetaChat,receptor,Srm,Adora2b
MetaChat,receptor,Ahcyl1,Adora2b
MetaChat,receptor,Ahcyl2,Adora2b
MetaChat,receptor,Nt5c,Adora2b
MetaChat,receptor,Nt5c1a,Adora2b
MetaChat,receptor,Nt5c1b,Adora2b
MetaChat,receptor,Nt5c2,Adora2b
MetaChat,receptor,Ahcyl1,Adora3
MetaChat,receptor,Ahcyl2,Adora3
MetaChat,receptor,Nt5c,Adora3
MetaChat,receptor,Nt5c1a,Adora3
MetaChat,receptor,Nt5c1b,Adora3
MetaChat,receptor,Nt5c2,Adora3
MetaChat,receptor,Dbh,Adra1a
MetaChat,receptor,Moxd1,Adra1a
MetaChat,receptor,Pnmt,Adra1a
MetaChat,receptor,Pnmt,Adra1b
MetaChat,receptor,Dbh,Adra1b
MetaChat,receptor,Moxd1,Adra1b
MetaChat,receptor,Dbh,Adra1d
MetaChat,receptor,Moxd1,Adra1d
MetaChat,receptor,Pnmt,Adra1d
MetaChat,receptor,Pnmt,Adra2a
MetaChat,receptor,Dbh,Adra2a
MetaChat,receptor,Moxd1,Adra2a
MetaChat,receptor,Pnmt,Adra2b
MetaChat,receptor,Dbh,Adra2b
MetaChat,receptor,Moxd1,Adra2b
MetaChat,receptor,Pnmt,Adra2c
MetaChat,receptor,Dbh,Adra2c
MetaChat,receptor,Moxd1,Adra2c
MetaChat,receptor,Ddc,Adra2c
MetaChat,receptor,Dbh,Adrb1
MetaChat,receptor,Moxd1,Adrb1
MetaChat,receptor,Pnmt,Adrb1
MetaChat,receptor,Pnmt,Adrb2
MetaChat,receptor,Dbh,Adrb2
MetaChat,receptor,Moxd1,Adrb2
MetaChat,receptor,Pnmt,Adrb3
MetaChat,receptor,Dbh,Adrb3
MetaChat,receptor,Moxd1,Adrb3
MetaChat,receptor,Afmid,Ahr
MetaChat,receptor,Nan,Ahr
MetaChat,transporter,Nan,Amn
MetaChat,transporter,Sphk1,Apoa4
MetaChat,transporter,Sphk2,Apoa4
MetaChat,transporter,Sphk1,Apom
MetaChat,transporter,Sphk2,Apom
MetaChat,transporter,Mgll,Aqp3
MetaChat,transporter,Aoc1l3,Aqp3
MetaChat,transporter,Aoc2,Aqp3
MetaChat,transporter,Aoc3,Aqp3
MetaChat,transporter,Aox1,Aqp3
MetaChat,transporter,Duox1,Aqp3
MetaChat,transporter,Duox2,Aqp3
MetaChat,transporter,Maoa,Aqp3
MetaChat,transporter,Maob,Aqp3
MetaChat,transporter,Pnpo,Aqp3
MetaChat,transporter,Sod1,Aqp3
MetaChat,transporter,Xdh,Aqp3
MetaChat,transporter,Aoc1l3,Aqp5
MetaChat,transporter,Aoc2,Aqp5
MetaChat,transporter,Aoc3,Aqp5
MetaChat,transporter,Aox1,Aqp5
MetaChat,transporter,Duox1,Aqp5
MetaChat,transporter,Duox2,Aqp5
MetaChat,transporter,Maoa,Aqp5
MetaChat,transporter,Maob,Aqp5
MetaChat,transporter,Pnpo,Aqp5
MetaChat,transporter,Sod1,Aqp5
MetaChat,transporter,Xdh,Aqp5
MetaChat,transporter,Aoc1l3,Aqp8
MetaChat,transporter,Aoc2,Aqp8
MetaChat,transporter,Aoc3,Aqp8
MetaChat,transporter,Aox1,Aqp8
MetaChat,transporter,Duox1,Aqp8
MetaChat,transporter,Duox2,Aqp8
MetaChat,transporter,Maoa,Aqp8
MetaChat,transporter,Maob,Aqp8
MetaChat,transporter,Pnpo,Aqp8
MetaChat,transporter,Sod1,Aqp8
MetaChat,transporter,Xdh,Aqp8
MetaChat,receptor,Rdh8,Ar
MetaChat,receptor,Nan,Ar
MetaChat,receptor,Hsd3b9,Ar
MetaChat,transporter,Sms,Atp13a2
MetaChat,transporter,Srm,Atp13a2
MetaChat,transporter,Cth,Atp5f1a
MetaChat,transporter,Nan,Atp6v0a1
MetaChat,transporter,Esd,Atp7b
MetaChat,transporter,Gsr,Atp7b
MetaChat,transporter,Gss,Atp7b
MetaChat,transporter,Hagh,Atp7b
MetaChat,transporter,Haghl,Atp7b
MetaChat,receptor,Nan,Avpr2
MetaChat,receptor,Pnmt,Bcam
MetaChat,transporter,Aldh9a1,Best1
MetaChat,transporter,Gad1,Best1
MetaChat,transporter,Gad2,Best1
MetaChat,transporter,Aldh9a1,Best2
MetaChat,transporter,Gad1,Best2
MetaChat,transporter,Gad2,Best2
MetaChat,transporter,Aadat,Best2
MetaChat,transporter,Asns,Best2
MetaChat,transporter,Bcat1,Best2
MetaChat,transporter,Cad,Best2
MetaChat,transporter,Ctps2,Best2
MetaChat,transporter,Ftcd,Best2
MetaChat,transporter,Gfpt1,Best2
MetaChat,transporter,Gfpt2,Best2
MetaChat,transporter,Ggh,Best2
MetaChat,transporter,Ggt1,Best2
MetaChat,transporter,Ggt5,Best2
MetaChat,transporter,Ggt6,Best2
MetaChat,transporter,Ggt7,Best2
MetaChat,transporter,Gmps,Best2
MetaChat,transporter,Got1,Best2
MetaChat,transporter,Gpt,Best2
MetaChat,transporter,Gpt2,Best2
MetaChat,transporter,Kyat1,Best2
MetaChat,transporter,Nadsyn1,Best2
MetaChat,transporter,Oplah,Best2
MetaChat,transporter,Pfas,Best2
MetaChat,transporter,Ppat,Best2
MetaChat,transporter,Tat,Best2
MetaChat,transporter,Nudt2,Cacnb3
MetaChat,transporter,Pklr,Cacnb3
MetaChat,transporter,Pkm,Cacnb3
MetaChat,transporter,Rrm1,Cacnb3
MetaChat,transporter,Rrm2,Cacnb3
MetaChat,transporter,Rrm2b,Cacnb3
MetaChat,receptor,Nan,Casr
MetaChat,receptor,Sms,Casr
MetaChat,receptor,Srm,Casr
MetaChat,transporter,Hsd3b9,Catsper1
MetaChat,transporter,Nan,Catsper2
MetaChat,transporter,Hsd3b9,Catsper2
MetaChat,transporter,Hsd3b9,Catsper3
MetaChat,transporter,Nan,Catsper3
MetaChat,transporter,Sult2a6,Catsper3
MetaChat,transporter,Sult2b1,Catsper3
MetaChat,transporter,Sult5a1,Catsper3
MetaChat,transporter,Hsd3b9,Catsper4
MetaChat,receptor,Ddc,Ccr9
MetaChat,receptor,Nan,Cd247
MetaChat,receptor,Chka,Cd300lf
MetaChat,receptor,Chkb,Cd300lf
MetaChat,receptor,Smpd2,Cd300lf
MetaChat,"receptor,transporter",Nan,Cd36
MetaChat,"receptor,transporter",Olah,Cd36
MetaChat,"receptor,transporter",Cth,Cd36
MetaChat,"receptor,transporter",Elovl2,Cd36
MetaChat,"receptor,transporter",Elovl5,Cd36
MetaChat,"receptor,transporter",Elovl6,Cd36
MetaChat,"receptor,transporter",Fasn,Cd36
MetaChat,"receptor,transporter",Acot1,Cd36
MetaChat,"receptor,transporter",Acot6,Cd36
MetaChat,"receptor,transporter",Baat,Cd36
MetaChat,receptor,Adh4,Cd38
MetaChat,receptor,Adh5,Cd38
MetaChat,receptor,Adh7,Cd38
MetaChat,receptor,Adhfe1,Cd38
MetaChat,receptor,Aldh3a1,Cd38
MetaChat,receptor,Aldh9a1,Cd38
MetaChat,receptor,Cbr1,Cd38
MetaChat,receptor,Cyb5r1,Cd38
MetaChat,receptor,Cyb5r2,Cd38
MetaChat,receptor,Cyb5r3,Cd38
MetaChat,receptor,Dhfr,Cd38
MetaChat,receptor,Fads1,Cd38
MetaChat,receptor,Fads2,Cd38
MetaChat,receptor,Ldha,Cd38
MetaChat,receptor,Ldhal6b,Cd38
MetaChat,receptor,Ldhb,Cd38
MetaChat,receptor,Ldhc,Cd38
MetaChat,receptor,Ldhd,Cd38
MetaChat,receptor,Nadsyn1,Cd38
MetaChat,receptor,Nmnat2,Cd38
MetaChat,receptor,Nmnat3,Cd38
MetaChat,receptor,Qdpr,Cd38
MetaChat,receptor,Txnrd1,Cd38
MetaChat,receptor,Nan,Cd38
MetaChat,receptor,Nan,Cd44
MetaChat,receptor,Nan,Cd81
MetaChat,transporter,Nan,Cftr
MetaChat,transporter,Nudt2,Cftr
MetaChat,transporter,Pklr,Cftr
MetaChat,transporter,Pkm,Cftr
MetaChat,transporter,Rrm1,Cftr
MetaChat,transporter,Rrm2,Cftr
MetaChat,transporter,Rrm2b,Cftr
MetaChat,receptor,Chat,Chrm1
MetaChat,receptor,Chat,Chrm2
MetaChat,receptor,Chat,Chrm3
MetaChat,receptor,Chat,Chrm4
MetaChat,receptor,Chat,Chrm5
MetaChat,"receptor,transporter",Chat,Chrna1
MetaChat,"receptor,transporter",Chat,Chrna2
MetaChat,"receptor,transporter",Chat,Chrna3
MetaChat,"receptor,transporter",Chat,Chrna4
MetaChat,"receptor,transporter",Nan,Chrna4
MetaChat,"receptor,transporter",Nan,Chrna5
MetaChat,"receptor,transporter",Chat,Chrna5
MetaChat,"receptor,transporter",Chat,Chrna6
MetaChat,"receptor,transporter",Chat,Chrna7
MetaChat,"receptor,transporter",Chat,Chrna9
MetaChat,"receptor,transporter",Chat,Chrnb1
MetaChat,"receptor,transporter",Chat,Chrnb2
MetaChat,"receptor,transporter",Chat,Chrnb3
MetaChat,"receptor,transporter",Chat,Chrnb4
MetaChat,"receptor,transporter",Chat,Chrnd
MetaChat,"receptor,transporter",Chat,Chrne
MetaChat,transporter,Nan,Clcnka
MetaChat,receptor,Nan,Clec4f
MetaChat,transporter,Gucy1a2,Cnga1
MetaChat,transporter,Gucy2c,Cnga1
MetaChat,transporter,Gucy2f,Cnga1
MetaChat,transporter,Npr1,Cnga1
MetaChat,transporter,Npr2,Cnga1
MetaChat,transporter,Gucy1a2,Cnga2
MetaChat,transporter,Gucy2c,Cnga2
MetaChat,transporter,Gucy2f,Cnga2
MetaChat,transporter,Npr1,Cnga2
MetaChat,transporter,Npr2,Cnga2
MetaChat,transporter,Gucy1a2,Cnga3
MetaChat,transporter,Gucy2c,Cnga3
MetaChat,transporter,Gucy2f,Cnga3
MetaChat,transporter,Npr1,Cnga3
MetaChat,transporter,Npr2,Cnga3
MetaChat,transporter,Gucy1a2,Cngb1
MetaChat,transporter,Gucy2c,Cngb1
MetaChat,transporter,Gucy2f,Cngb1
MetaChat,transporter,Npr1,Cngb1
MetaChat,transporter,Npr2,Cngb1
MetaChat,transporter,Adcy1,Cngb1
MetaChat,transporter,Adcy10,Cngb1
MetaChat,transporter,Adcy2,Cngb1
MetaChat,transporter,Adcy3,Cngb1
MetaChat,transporter,Adcy4,Cngb1
MetaChat,transporter,Adcy5,Cngb1
MetaChat,transporter,Adcy6,Cngb1
MetaChat,transporter,Adcy7,Cngb1
MetaChat,transporter,Adcy8,Cngb1
MetaChat,transporter,Adcy9,Cngb1
MetaChat,transporter,Gucy1a2,Cngb3
MetaChat,transporter,Gucy2c,Cngb3
MetaChat,transporter,Gucy2f,Cngb3
MetaChat,transporter,Npr1,Cngb3
MetaChat,transporter,Npr2,Cngb3
MetaChat,receptor,Nan,Cnr1
MetaChat,receptor,Nan,Cnr2
MetaChat,transporter,Nan,Crabp1
MetaChat,transporter,Nan,Crabp2
MetaChat,"receptor,transporter",Nan,Cubn
MetaChat,receptor,Ddc,Cxcr4
MetaChat,receptor,Hdc,Cxcr4
MetaChat,receptor,Ahcyl1,Cxcr4
MetaChat,receptor,Ahcyl2,Cxcr4
MetaChat,receptor,Nt5c,Cxcr4
MetaChat,receptor,Nt5c1a,Cxcr4
MetaChat,receptor,Nt5c1b,Cxcr4
MetaChat,receptor,Nt5c2,Cxcr4
MetaChat,receptor,Nan,Cysltr1
MetaChat,receptor,Ddc,Drd1
MetaChat,receptor,Ahcyl1,Drd2
MetaChat,receptor,Ahcyl2,Drd2
MetaChat,receptor,Nt5c,Drd2
MetaChat,receptor,Nt5c1a,Drd2
MetaChat,receptor,Nt5c1b,Drd2
MetaChat,receptor,Nt5c2,Drd2
MetaChat,receptor,Ddc,Drd2
MetaChat,receptor,Ddc,Drd3
MetaChat,receptor,Ddc,Drd4
MetaChat,receptor,Dbh,Drd4
MetaChat,receptor,Moxd1,Drd4
MetaChat,receptor,Dbh,Drd5
MetaChat,receptor,Moxd1,Drd5
MetaChat,receptor,Ddc,Drd5
MetaChat,receptor,Nan,Egfr
MetaChat,receptor,Nan,Esr1
MetaChat,receptor,Ephx2,Esr1
MetaChat,receptor,Hsd17b1,Esr1
MetaChat,receptor,Hsd17b1,Esr2
MetaChat,receptor,Nan,Esrrg
MetaChat,transporter,Olah,Fabp1
MetaChat,transporter,Nan,Fabp1
MetaChat,transporter,Nan,Fabp3
MetaChat,transporter,Acot12,Fabp4
MetaChat,transporter,Acy1,Fabp4
MetaChat,transporter,Acy3,Fabp4
MetaChat,transporter,Aldh1a2,Fabp4
MetaChat,transporter,Aldh1a3,Fabp4
MetaChat,transporter,Aldh1a7,Fabp4
MetaChat,transporter,Aldh1b1,Fabp4
MetaChat,transporter,Aldh3a1,Fabp4
MetaChat,transporter,Aldh3a2,Fabp4
MetaChat,transporter,Aldh3b1,Fabp4
MetaChat,transporter,Aldh7a1,Fabp4
MetaChat,transporter,Aldh9a1,Fabp4
MetaChat,transporter,Amdhd2,Fabp4
MetaChat,transporter,Aspa,Fabp4
MetaChat,transporter,Clybl,Fabp4
MetaChat,transporter,Pafah1b1,Fabp4
MetaChat,transporter,Pafah1b2,Fabp4
MetaChat,transporter,Pafah1b3,Fabp4
MetaChat,transporter,Pafah2,Fabp4
MetaChat,transporter,Pigl,Fabp4
MetaChat,transporter,Olah,Fabp5
MetaChat,transporter,Acot1,Fabp6
MetaChat,transporter,Acot6,Fabp6
MetaChat,transporter,Baat,Fabp6
MetaChat,transporter,Nan,Fabp7
MetaChat,transporter,Olah,Fabp7
MetaChat,receptor,Nan,Ffar1
MetaChat,receptor,Olah,Ffar1
MetaChat,receptor,Elovl2,Ffar1
MetaChat,receptor,Elovl5,Ffar1
MetaChat,receptor,Elovl6,Ffar1
MetaChat,receptor,Fasn,Ffar1
MetaChat,receptor,Acot12,Ffar2
MetaChat,receptor,Acy1,Ffar2
MetaChat,receptor,Acy3,Ffar2
MetaChat,receptor,Aldh1a2,Ffar2
MetaChat,receptor,Aldh1a3,Ffar2
MetaChat,receptor,Aldh1a7,Ffar2
MetaChat,receptor,Aldh1b1,Ffar2
MetaChat,receptor,Aldh3a1,Ffar2
MetaChat,receptor,Aldh3a2,Ffar2
MetaChat,receptor,Aldh3b1,Ffar2
MetaChat,receptor,Aldh7a1,Ffar2
MetaChat,receptor,Aldh9a1,Ffar2
MetaChat,receptor,Amdhd2,Ffar2
MetaChat,receptor,Aspa,Ffar2
MetaChat,receptor,Clybl,Ffar2
MetaChat,receptor,Pafah1b1,Ffar2
MetaChat,receptor,Pafah1b2,Ffar2
MetaChat,receptor,Pafah1b3,Ffar2
MetaChat,receptor,Pafah2,Ffar2
MetaChat,receptor,Pigl,Ffar2
MetaChat,receptor,Nan,Ffar2
MetaChat,receptor,Nan,Ffar3
MetaChat,receptor,Acot12,Ffar3
MetaChat,receptor,Acy1,Ffar3
MetaChat,receptor,Acy3,Ffar3
MetaChat,receptor,Aldh1a2,Ffar3
MetaChat,receptor,Aldh1a3,Ffar3
MetaChat,receptor,Aldh1a7,Ffar3
MetaChat,receptor,Aldh1b1,Ffar3
MetaChat,receptor,Aldh3a1,Ffar3
MetaChat,receptor,Aldh3a2,Ffar3
MetaChat,receptor,Aldh3b1,Ffar3
MetaChat,receptor,Aldh7a1,Ffar3
MetaChat,receptor,Aldh9a1,Ffar3
MetaChat,receptor,Amdhd2,Ffar3
MetaChat,receptor,Aspa,Ffar3
MetaChat,receptor,Clybl,Ffar3
MetaChat,receptor,Pafah1b1,Ffar3
MetaChat,receptor,Pafah1b2,Ffar3
MetaChat,receptor,Pafah1b3,Ffar3
MetaChat,receptor,Pafah2,Ffar3
MetaChat,receptor,Pigl,Ffar3
MetaChat,receptor,Nan,Ffar4
MetaChat,receptor,Olah,Ffar4
MetaChat,receptor,Acot1,Ffar4
MetaChat,receptor,Acot6,Ffar4
MetaChat,receptor,Baat,Ffar4
MetaChat,receptor,Elovl2,Ffar4
MetaChat,receptor,Elovl5,Ffar4
MetaChat,receptor,Elovl6,Ffar4
MetaChat,receptor,Fasn,Ffar4
MetaChat,receptor,Nan,Fgfr3
MetaChat,"receptor,transporter",Nan,Flvcr1
MetaChat,transporter,Nan,Flvcr2
MetaChat,"receptor,transporter",Mthfr,Folr1
MetaChat,receptor,Olah,Fzd2
MetaChat,receptor,Aldh9a1,Gabbr1
MetaChat,receptor,Gad1,Gabbr1
MetaChat,receptor,Gad2,Gabbr1
MetaChat,receptor,Aldh9a1,Gabbr2
MetaChat,receptor,Gad1,Gabbr2
MetaChat,receptor,Gad2,Gabbr2
MetaChat,"receptor,transporter",Aldh9a1,Gabra1
MetaChat,"receptor,transporter",Gad1,Gabra1
MetaChat,"receptor,transporter",Gad2,Gabra1
MetaChat,"receptor,transporter",Aldh9a1,Gabra2
MetaChat,"receptor,transporter",Gad1,Gabra2
MetaChat,"receptor,transporter",Gad2,Gabra2
MetaChat,"receptor,transporter",Aldh9a1,Gabra3
MetaChat,"receptor,transporter",Gad1,Gabra3
MetaChat,"receptor,transporter",Gad2,Gabra3
MetaChat,"receptor,transporter",Aldh9a1,Gabra4
MetaChat,"receptor,transporter",Gad1,Gabra4
MetaChat,"receptor,transporter",Gad2,Gabra4
MetaChat,"receptor,transporter",Aldh9a1,Gabra5
MetaChat,"receptor,transporter",Gad1,Gabra5
MetaChat,"receptor,transporter",Gad2,Gabra5
MetaChat,"receptor,transporter",Aldh9a1,Gabra6
MetaChat,"receptor,transporter",Gad1,Gabra6
MetaChat,"receptor,transporter",Gad2,Gabra6
MetaChat,"receptor,transporter",Aldh9a1,Gabrb2
MetaChat,"receptor,transporter",Gad1,Gabrb2
MetaChat,"receptor,transporter",Gad2,Gabrb2
MetaChat,"receptor,transporter",Aldh9a1,Gabrb3
MetaChat,"receptor,transporter",Gad1,Gabrb3
MetaChat,"receptor,transporter",Gad2,Gabrb3
MetaChat,transporter,Aldh9a1,Gabrd
MetaChat,transporter,Gad1,Gabrd
MetaChat,transporter,Gad2,Gabrd
MetaChat,transporter,Aldh9a1,Gabre
MetaChat,transporter,Gad1,Gabre
MetaChat,transporter,Gad2,Gabre
MetaChat,transporter,Aldh9a1,Gabrg2
MetaChat,transporter,Gad1,Gabrg2
MetaChat,transporter,Gad2,Gabrg2
MetaChat,transporter,Aldh9a1,Gabrp
MetaChat,transporter,Gad1,Gabrp
MetaChat,transporter,Gad2,Gabrp
MetaChat,transporter,Aldh9a1,Gabrq
MetaChat,transporter,Gad1,Gabrq
MetaChat,transporter,Gad2,Gabrq
MetaChat,transporter,Aldh9a1,Gabrr1
MetaChat,transporter,Gad1,Gabrr1
MetaChat,transporter,Gad2,Gabrr1
MetaChat,transporter,Aldh9a1,Gabrr2
MetaChat,transporter,Gad1,Gabrr2
MetaChat,transporter,Gad2,Gabrr2
MetaChat,receptor,Nan,Galr3
MetaChat,transporter,Nan,Gc
MetaChat,receptor,Aldh1a2,Ghsr
MetaChat,receptor,Aldh1a3,Ghsr
MetaChat,receptor,Aldh1a7,Ghsr
MetaChat,receptor,Aldh3a1,Ghsr
MetaChat,receptor,Aldh3a2,Ghsr
MetaChat,receptor,Aldh3b1,Ghsr
MetaChat,receptor,Aldh7a1,Ghsr
MetaChat,receptor,Aldh9a1,Ghsr
MetaChat,receptor,Elovl2,Ghsr
MetaChat,receptor,Elovl5,Ghsr
MetaChat,receptor,Elovl6,Ghsr
MetaChat,receptor,Fasn,Ghsr
MetaChat,receptor,Olah,Ghsr
MetaChat,transporter,Ip6k1,Gle1
MetaChat,transporter,Ip6k3,Gle1
MetaChat,receptor,Nan,Glp1r
MetaChat,"receptor,transporter",Anpep,Glra1
MetaChat,"receptor,transporter",Cndp1,Glra1
MetaChat,"receptor,transporter",Cndp2,Glra1
MetaChat,"receptor,transporter",Dpep1,Glra1
MetaChat,"receptor,transporter",Pepd,Glra1
MetaChat,"receptor,transporter",Shmt1,Glra1
MetaChat,"receptor,transporter",Tpp1,Glra1
MetaChat,"receptor,transporter",Anpep,Glra2
MetaChat,"receptor,transporter",Cndp1,Glra2
MetaChat,"receptor,transporter",Cndp2,Glra2
MetaChat,"receptor,transporter",Dpep1,Glra2
MetaChat,"receptor,transporter",Pepd,Glra2
MetaChat,"receptor,transporter",Shmt1,Glra2
MetaChat,"receptor,transporter",Tpp1,Glra2
MetaChat,"receptor,transporter",Anpep,Glra3
MetaChat,"receptor,transporter",Cndp1,Glra3
MetaChat,"receptor,transporter",Cndp2,Glra3
MetaChat,"receptor,transporter",Dpep1,Glra3
MetaChat,"receptor,transporter",Pepd,Glra3
MetaChat,"receptor,transporter",Shmt1,Glra3
MetaChat,"receptor,transporter",Tpp1,Glra3
MetaChat,"receptor,transporter",Anpep,Glrb
MetaChat,"receptor,transporter",Cndp1,Glrb
MetaChat,"receptor,transporter",Cndp2,Glrb
MetaChat,"receptor,transporter",Dpep1,Glrb
MetaChat,"receptor,transporter",Pepd,Glrb
MetaChat,"receptor,transporter",Shmt1,Glrb
MetaChat,"receptor,transporter",Tpp1,Glrb
MetaChat,transporter,Nan,Gltp
MetaChat,transporter,Cth,Gm4984
MetaChat,transporter,Gpt,Gm4984
MetaChat,transporter,Gpt2,Gm4984
MetaChat,transporter,Ldha,Gm4984
MetaChat,transporter,Ldhal6b,Gm4984
MetaChat,transporter,Ldhb,Gm4984
MetaChat,transporter,Ldhc,Gm4984
MetaChat,transporter,Ldhd,Gm4984
MetaChat,transporter,Me1,Gm4984
MetaChat,transporter,Mpst,Gm4984
MetaChat,transporter,Pklr,Gm4984
MetaChat,transporter,Pkm,Gm4984
MetaChat,transporter,Sds,Gm4984
MetaChat,transporter,Tst,Gm4984
MetaChat,transporter,Uevld,Gm4984
MetaChat,transporter,Nan,Got2
MetaChat,receptor,Baat,Gpbar1
MetaChat,receptor,Nan,Gpbar1
MetaChat,receptor,Acot1,Gpbar1
MetaChat,receptor,Acot6,Gpbar1
MetaChat,receptor,Acot8,Gpbar1
MetaChat,receptor,Hsd17b1,Gper1
MetaChat,receptor,Nan,Gpr119
MetaChat,receptor,Th,Gpr143
MetaChat,receptor,Tyr,Gpr143
MetaChat,receptor,Ugp2,Gpr17
MetaChat,receptor,Anpep,Gpr179
MetaChat,receptor,Cndp1,Gpr179
MetaChat,receptor,Cndp2,Gpr179
MetaChat,receptor,Dpep1,Gpr179
MetaChat,receptor,Pepd,Gpr179
MetaChat,receptor,Shmt1,Gpr179
MetaChat,receptor,Tpp1,Gpr179
MetaChat,receptor,Olah,Gpr3
MetaChat,receptor,Aldh1a2,Gpr31b
MetaChat,receptor,Aldh1a3,Gpr31b
MetaChat,receptor,Aldh1a7,Gpr31b
MetaChat,receptor,Aldh3a1,Gpr31b
MetaChat,receptor,Aldh3a2,Gpr31b
MetaChat,receptor,Aldh3b1,Gpr31b
MetaChat,receptor,Aldh7a1,Gpr31b
MetaChat,receptor,Aldh9a1,Gpr31b
MetaChat,receptor,Cth,Gpr31b
MetaChat,receptor,Gpt,Gpr31b
MetaChat,receptor,Gpt2,Gpr31b
MetaChat,receptor,Ldha,Gpr31b
MetaChat,receptor,Ldhal6b,Gpr31b
MetaChat,receptor,Ldhb,Gpr31b
MetaChat,receptor,Ldhc,Gpr31b
MetaChat,receptor,Ldhd,Gpr31b
MetaChat,receptor,Me1,Gpr31b
MetaChat,receptor,Mpst,Gpr31b
MetaChat,receptor,Pklr,Gpr31b
MetaChat,receptor,Pkm,Gpr31b
MetaChat,receptor,Sds,Gpr31b
MetaChat,receptor,Tst,Gpr31b
MetaChat,receptor,Uevld,Gpr31b
MetaChat,receptor,Nan,Gpr31b
MetaChat,receptor,Nan,Gpr35
MetaChat,receptor,Pah,Gpr35
MetaChat,receptor,Aldh1b1,Gpr35
MetaChat,receptor,Aldh2,Gpr35
MetaChat,receptor,Aldh3a2,Gpr35
MetaChat,receptor,Aldh7a1,Gpr35
MetaChat,receptor,Aldh9a1,Gpr35
MetaChat,receptor,Aox1,Gpr35
MetaChat,receptor,Kyat1,Gpr35
MetaChat,receptor,A4galt,Gpr4
MetaChat,receptor,Aanat,Gpr4
MetaChat,receptor,Acaca,Gpr4
MetaChat,receptor,Acacb,Gpr4
MetaChat,receptor,Acot1,Gpr4
MetaChat,receptor,Acot12,Gpr4
MetaChat,receptor,Acot6,Gpr4
MetaChat,receptor,Acot8,Gpr4
MetaChat,receptor,Acss1,Gpr4
MetaChat,receptor,Acss2,Gpr4
MetaChat,receptor,Acss3,Gpr4
MetaChat,receptor,Acyp2,Gpr4
MetaChat,receptor,Adh4,Gpr4
MetaChat,receptor,Adh5,Gpr4
MetaChat,receptor,Adh7,Gpr4
MetaChat,receptor,Adhfe1,Gpr4
MetaChat,receptor,Adk,Gpr4
MetaChat,receptor,Ado,Gpr4
MetaChat,receptor,Afmid,Gpr4
MetaChat,receptor,Akr1a1,Gpr4
MetaChat,receptor,Alad,Gpr4
MetaChat,receptor,Aldh1a2,Gpr4
MetaChat,receptor,Aldh1a3,Gpr4
MetaChat,receptor,Aldh1a7,Gpr4
MetaChat,receptor,Aldh1b1,Gpr4
MetaChat,receptor,Aldh1l1,Gpr4
MetaChat,receptor,Aldh1l2,Gpr4
MetaChat,receptor,Aldh2,Gpr4
MetaChat,receptor,Aldh3a1,Gpr4
MetaChat,receptor,Aldh3a2,Gpr4
MetaChat,receptor,Aldh3b1,Gpr4
MetaChat,receptor,Aldh7a1,Gpr4
MetaChat,receptor,Aldh9a1,Gpr4
MetaChat,receptor,Alg1,Gpr4
MetaChat,receptor,Alg2,Gpr4
MetaChat,receptor,Amdhd1,Gpr4
MetaChat,receptor,Aox1,Gpr4
MetaChat,receptor,Asmt,Gpr4
MetaChat,receptor,Asns,Gpr4
MetaChat,receptor,Ass1,Gpr4
MetaChat,receptor,Baat,Gpr4
MetaChat,receptor,Bpgm,Gpr4
MetaChat,receptor,Cad,Gpr4
MetaChat,receptor,Carns1,Gpr4
MetaChat,receptor,Cbr1,Gpr4
MetaChat,receptor,Cbr3,Gpr4
MetaChat,receptor,Cdipt,Gpr4
MetaChat,receptor,Cdo1,Gpr4
MetaChat,receptor,Cel,Gpr4
MetaChat,receptor,Cept1,Gpr4
MetaChat,receptor,Cerk,Gpr4
MetaChat,receptor,Chka,Gpr4
MetaChat,receptor,Chkb,Gpr4
MetaChat,receptor,Chpt1,Gpr4
MetaChat,receptor,Coasy,Gpr4
MetaChat,receptor,Comt,Gpr4
MetaChat,receptor,Comtd1,Gpr4
MetaChat,receptor,Crls1,Gpr4
MetaChat,receptor,Cth,Gpr4
MetaChat,receptor,Ctps2,Gpr4
MetaChat,receptor,Dck,Gpr4
MetaChat,receptor,Dctpp1,Gpr4
MetaChat,receptor,Degs1,Gpr4
MetaChat,receptor,Degs2,Gpr4
MetaChat,receptor,Dgka,Gpr4
MetaChat,receptor,Dgkb,Gpr4
MetaChat,receptor,Dgkd,Gpr4
MetaChat,receptor,Dgke,Gpr4
MetaChat,receptor,Dgkg,Gpr4
MetaChat,receptor,Dgkh,Gpr4
MetaChat,receptor,Dgki,Gpr4
MetaChat,receptor,Dgkq,Gpr4
MetaChat,receptor,Dgkz,Gpr4
MetaChat,receptor,Dguok,Gpr4
MetaChat,receptor,Dpm2,Gpr4
MetaChat,receptor,Dpyd,Gpr4
MetaChat,receptor,Dpys,Gpr4
MetaChat,receptor,Dpysl2,Gpr4
MetaChat,receptor,Dpysl3,Gpr4
MetaChat,receptor,Dtymk,Gpr4
MetaChat,receptor,Enpp1,Gpr4
MetaChat,receptor,Enpp2,Gpr4
MetaChat,receptor,Enpp3,Gpr4
MetaChat,receptor,Entpd1,Gpr4
MetaChat,receptor,Entpd3,Gpr4
MetaChat,receptor,Entpd8,Gpr4
MetaChat,receptor,Esd,Gpr4
MetaChat,receptor,Etnk1,Gpr4
MetaChat,receptor,Etnk2,Gpr4
MetaChat,receptor,Fah,Gpr4
MetaChat,receptor,Fasn,Gpr4
MetaChat,receptor,Fpgs,Gpr4
MetaChat,receptor,Gal3st1,Gpr4
MetaChat,receptor,Galk1,Gpr4
MetaChat,receptor,Galk2,Gpr4
MetaChat,receptor,Gamt,Gpr4
MetaChat,receptor,Gapdhs,Gpr4
MetaChat,receptor,Gart,Gpr4
MetaChat,receptor,Gch1,Gpr4
MetaChat,receptor,Gck,Gpr4
MetaChat,receptor,Gclc,Gpr4
MetaChat,receptor,Gclm,Gpr4
MetaChat,receptor,Gk,Gpr4
MetaChat,receptor,Gk2,Gpr4
MetaChat,receptor,Glul,Gpr4
MetaChat,receptor,Glyctk,Gpr4
MetaChat,receptor,Gmpr,Gpr4
MetaChat,receptor,Gmpr2,Gpr4
MetaChat,receptor,Gmps,Gpr4
MetaChat,receptor,Gne,Gpr4
MetaChat,receptor,Gnmt,Gpr4
MetaChat,receptor,Gnpnat1,Gpr4
MetaChat,receptor,Gpd1,Gpr4
MetaChat,receptor,Gsr,Gpr4
MetaChat,receptor,Gss,Gpr4
MetaChat,receptor,Gys1,Gpr4
MetaChat,receptor,Gys2,Gpr4
MetaChat,receptor,Haao,Gpr4
MetaChat,receptor,Hagh,Gpr4
MetaChat,receptor,Haghl,Gpr4
MetaChat,receptor,Hcst,Gpr4
MetaChat,receptor,Hgd,Gpr4
MetaChat,receptor,Hibch,Gpr4
MetaChat,receptor,Hk1,Gpr4
MetaChat,receptor,Hk2,Gpr4
MetaChat,receptor,Hk3,Gpr4
MetaChat,receptor,Hkdc1,Gpr4
MetaChat,receptor,Hlcs,Gpr4
MetaChat,receptor,Hmgcr,Gpr4
MetaChat,receptor,Hmgcs1,Gpr4
MetaChat,receptor,Hnmt,Gpr4
MetaChat,receptor,Hsd17b10,Gpr4
MetaChat,receptor,Hsd3b9,Gpr4
MetaChat,receptor,Idh1,Gpr4
MetaChat,receptor,Idh2,Gpr4
MetaChat,receptor,Impdh1,Gpr4
MetaChat,receptor,Impdh2,Gpr4
MetaChat,receptor,Inmt,Gpr4
MetaChat,receptor,Ip6k1,Gpr4
MetaChat,receptor,Ip6k3,Gpr4
MetaChat,receptor,Itpa,Gpr4
MetaChat,receptor,Itpka,Gpr4
MetaChat,receptor,Itpkb,Gpr4
MetaChat,receptor,Itpkc,Gpr4
MetaChat,receptor,Khk,Gpr4
MetaChat,receptor,Kl,Gpr4
MetaChat,receptor,Kynu,Gpr4
MetaChat,receptor,Ldha,Gpr4
MetaChat,receptor,Ldhal6b,Gpr4
MetaChat,receptor,Ldhb,Gpr4
MetaChat,receptor,Ldhc,Gpr4
MetaChat,receptor,Ldhd,Gpr4
MetaChat,receptor,Lgsn,Gpr4
MetaChat,receptor,Lhpp,Gpr4
MetaChat,receptor,Lipc,Gpr4
MetaChat,receptor,Lpl,Gpr4
MetaChat,receptor,Maob,Gpr4
MetaChat,receptor,Mdh1,Gpr4
MetaChat,receptor,Mdh1b,Gpr4
MetaChat,receptor,Mgll,Gpr4
MetaChat,receptor,Miox,Gpr4
MetaChat,receptor,Mpst,Gpr4
MetaChat,receptor,Mthfd1,Gpr4
MetaChat,receptor,Mthfd2l,Gpr4
MetaChat,receptor,Mthfr,Gpr4
MetaChat,receptor,Mtr,Gpr4
MetaChat,receptor,Mvk,Gpr4
MetaChat,receptor,Nadk,Gpr4
MetaChat,receptor,Nadsyn1,Gpr4
MetaChat,receptor,Nagk,Gpr4
MetaChat,receptor,Naprt,Gpr4
MetaChat,receptor,Nmrk1,Gpr4
MetaChat,receptor,Nos1,Gpr4
MetaChat,receptor,Nos2,Gpr4
MetaChat,receptor,Nos3,Gpr4
MetaChat,receptor,Nudt12,Gpr4
MetaChat,receptor,Nudt2,Gpr4
MetaChat,receptor,Nudt5,Gpr4
MetaChat,receptor,Olah,Gpr4
MetaChat,receptor,Oplah,Gpr4
MetaChat,receptor,Pafah1b1,Gpr4
MetaChat,receptor,Pafah1b2,Gpr4
MetaChat,receptor,Pafah1b3,Gpr4
MetaChat,receptor,Pafah2,Gpr4
MetaChat,receptor,Paics,Gpr4
MetaChat,receptor,Pank1,Gpr4
MetaChat,receptor,Pank2,Gpr4
MetaChat,receptor,Pank3,Gpr4
MetaChat,receptor,Pank4,Gpr4
MetaChat,receptor,Papss1,Gpr4
MetaChat,receptor,Papss2,Gpr4
MetaChat,receptor,Pde10a,Gpr4
MetaChat,receptor,Pde11a,Gpr4
MetaChat,receptor,Pde1a,Gpr4
MetaChat,receptor,Pde1b,Gpr4
MetaChat,receptor,Pde1c,Gpr4
MetaChat,receptor,Pde2a,Gpr4
MetaChat,receptor,Pde3a,Gpr4
MetaChat,receptor,Pde3b,Gpr4
MetaChat,receptor,Pde4a,Gpr4
MetaChat,receptor,Pde4b,Gpr4
MetaChat,receptor,Pde4c,Gpr4
MetaChat,receptor,Pde4d,Gpr4
MetaChat,receptor,Pde5a,Gpr4
MetaChat,receptor,Pde6a,Gpr4
MetaChat,receptor,Pde6b,Gpr4
MetaChat,receptor,Pde6c,Gpr4
MetaChat,receptor,Pde6d,Gpr4
MetaChat,receptor,Pde6g,Gpr4
MetaChat,receptor,Pde6h,Gpr4
MetaChat,receptor,Pde7a,Gpr4
MetaChat,receptor,Pde7b,Gpr4
MetaChat,receptor,Pde8a,Gpr4
MetaChat,receptor,Pde8b,Gpr4
MetaChat,receptor,Pde9a,Gpr4
MetaChat,receptor,Pdxk,Gpr4
MetaChat,receptor,Pfas,Gpr4
MetaChat,receptor,Pfkfb1,Gpr4
MetaChat,receptor,Pfkfb2,Gpr4
MetaChat,receptor,Pfkfb3,Gpr4
MetaChat,receptor,Pfkfb4,Gpr4
MetaChat,receptor,Pfkl,Gpr4
MetaChat,receptor,Pfkm,Gpr4
MetaChat,receptor,Pfkp,Gpr4
MetaChat,receptor,Pgam1,Gpr4
MetaChat,receptor,Pgam2,Gpr4
MetaChat,receptor,Pgls,Gpr4
MetaChat,receptor,Pgs1,Gpr4
MetaChat,receptor,Phgdh,Gpr4
MetaChat,receptor,Pi4k2a,Gpr4
MetaChat,receptor,Pi4ka,Gpr4
MetaChat,receptor,Pi4kb,Gpr4
MetaChat,receptor,Piga,Gpr4
MetaChat,receptor,Pigc,Gpr4
MetaChat,receptor,Pigh,Gpr4
MetaChat,receptor,Pigp,Gpr4
MetaChat,receptor,Pigq,Gpr4
MetaChat,receptor,Pik3c2a,Gpr4
MetaChat,receptor,Pik3c2b,Gpr4
MetaChat,receptor,Pik3c2g,Gpr4
MetaChat,receptor,Pik3c3,Gpr4
MetaChat,receptor,Pik3ca,Gpr4
MetaChat,receptor,Pik3cb,Gpr4
MetaChat,receptor,Pik3cd,Gpr4
MetaChat,receptor,Pik3cg,Gpr4
MetaChat,receptor,Pik3r1,Gpr4
MetaChat,receptor,Pik3r2,Gpr4
MetaChat,receptor,Pik3r3,Gpr4
MetaChat,receptor,Pik3r5,Gpr4
MetaChat,receptor,Pikfyve,Gpr4
MetaChat,receptor,Pip4k2a,Gpr4
MetaChat,receptor,Pip4k2b,Gpr4
MetaChat,receptor,Pip4k2c,Gpr4
MetaChat,receptor,Pip5k1a,Gpr4
MetaChat,receptor,Pip5k1b,Gpr4
MetaChat,receptor,Pip5k1c,Gpr4
MetaChat,receptor,Pla2g12a,Gpr4
MetaChat,receptor,Pla2g2a,Gpr4
MetaChat,receptor,Pla2g2f,Gpr4
MetaChat,receptor,Pla2g3,Gpr4
MetaChat,receptor,Pla2g4a,Gpr4
MetaChat,receptor,Pla2g4b,Gpr4
MetaChat,receptor,Pla2g4e,Gpr4
MetaChat,receptor,Pla2g5,Gpr4
MetaChat,receptor,Pla2g6,Gpr4
MetaChat,receptor,Plcb1,Gpr4
MetaChat,receptor,Plcb2,Gpr4
MetaChat,receptor,Plcb3,Gpr4
MetaChat,receptor,Plcb4,Gpr4
MetaChat,receptor,Plcd1,Gpr4
MetaChat,receptor,Plcd3,Gpr4
MetaChat,receptor,Plcd4,Gpr4
MetaChat,receptor,Plce1,Gpr4
MetaChat,receptor,Plcg1,Gpr4
MetaChat,receptor,Plcg2,Gpr4
MetaChat,receptor,Plch1,Gpr4
MetaChat,receptor,Plch2,Gpr4
MetaChat,receptor,Plcl1,Gpr4
MetaChat,receptor,Plcxd2,Gpr4
MetaChat,receptor,Plcz1,Gpr4
MetaChat,receptor,Pld1,Gpr4
MetaChat,receptor,Pld2,Gpr4
MetaChat,receptor,Pnmt,Gpr4
MetaChat,receptor,Pnpla3,Gpr4
MetaChat,receptor,Ppa1,Gpr4
MetaChat,receptor,Ppcs,Gpr4
MetaChat,receptor,Prdx6b,Gpr4
MetaChat,receptor,Prodh2,Gpr4
MetaChat,receptor,Prps1l1,Gpr4
MetaChat,receptor,Prps1l3,Gpr4
MetaChat,receptor,Prps2,Gpr4
MetaChat,receptor,Psat1,Gpr4
MetaChat,receptor,Pycr1,Gpr4
MetaChat,receptor,Pycr2,Gpr4
MetaChat,receptor,Qprt,Gpr4
MetaChat,receptor,Rbks,Gpr4
MetaChat,receptor,Rdh10,Gpr4
MetaChat,receptor,Rdh11,Gpr4
MetaChat,receptor,Rdh12,Gpr4
MetaChat,receptor,Rdh13,Gpr4
MetaChat,receptor,Rdh14,Gpr4
MetaChat,receptor,Rdh5,Gpr4
MetaChat,receptor,Rdh8,Gpr4
MetaChat,receptor,Rfk,Gpr4
MetaChat,receptor,Rwdd2a,Gpr4
MetaChat,receptor,Sat1,Gpr4
MetaChat,receptor,Sat2,Gpr4
MetaChat,receptor,Scly,Gpr4
MetaChat,receptor,Sdr16c5,Gpr4
MetaChat,receptor,Smpd2,Gpr4
MetaChat,receptor,Sms,Gpr4
MetaChat,receptor,Sord,Gpr4
MetaChat,receptor,Sphk1,Gpr4
MetaChat,receptor,Sphk2,Gpr4
MetaChat,receptor,Srm,Gpr4
MetaChat,receptor,Sult1e1,Gpr4
MetaChat,receptor,Sult2a6,Gpr4
MetaChat,receptor,Sult2b1,Gpr4
MetaChat,receptor,Sult4a1,Gpr4
MetaChat,receptor,Sult5a1,Gpr4
MetaChat,receptor,Thtpa,Gpr4
MetaChat,receptor,Tk1,Gpr4
MetaChat,receptor,Tk2,Gpr4
MetaChat,receptor,Tpk1,Gpr4
MetaChat,receptor,Tpo,Gpr4
MetaChat,receptor,Txnrd1,Gpr4
MetaChat,receptor,Txnrd2,Gpr4
MetaChat,receptor,Uck1,Gpr4
MetaChat,receptor,Uck2,Gpr4
MetaChat,receptor,Uckl1,Gpr4
MetaChat,receptor,Uevld,Gpr4
MetaChat,receptor,Ugdh,Gpr4
MetaChat,receptor,Ugt1a1,Gpr4
MetaChat,receptor,Xdh,Gpr4
MetaChat,receptor,Xylb,Gpr4
MetaChat,receptor,Nan,Gpr4
MetaChat,receptor,A4galt,Gpr65
MetaChat,receptor,Aanat,Gpr65
MetaChat,receptor,Acaca,Gpr65
MetaChat,receptor,Acacb,Gpr65
MetaChat,receptor,Acot1,Gpr65
MetaChat,receptor,Acot12,Gpr65
MetaChat,receptor,Acot6,Gpr65
MetaChat,receptor,Acot8,Gpr65
MetaChat,receptor,Acss1,Gpr65
MetaChat,receptor,Acss2,Gpr65
MetaChat,receptor,Acss3,Gpr65
MetaChat,receptor,Acyp2,Gpr65
MetaChat,receptor,Adh4,Gpr65
MetaChat,receptor,Adh5,Gpr65
MetaChat,receptor,Adh7,Gpr65
MetaChat,receptor,Adhfe1,Gpr65
MetaChat,receptor,Adk,Gpr65
MetaChat,receptor,Ado,Gpr65
MetaChat,receptor,Afmid,Gpr65
MetaChat,receptor,Akr1a1,Gpr65
MetaChat,receptor,Alad,Gpr65
MetaChat,receptor,Aldh1a2,Gpr65
MetaChat,receptor,Aldh1a3,Gpr65
MetaChat,receptor,Aldh1a7,Gpr65
MetaChat,receptor,Aldh1b1,Gpr65
MetaChat,receptor,Aldh1l1,Gpr65
MetaChat,receptor,Aldh1l2,Gpr65
MetaChat,receptor,Aldh2,Gpr65
MetaChat,receptor,Aldh3a1,Gpr65
MetaChat,receptor,Aldh3a2,Gpr65
MetaChat,receptor,Aldh3b1,Gpr65
MetaChat,receptor,Aldh7a1,Gpr65
MetaChat,receptor,Aldh9a1,Gpr65
MetaChat,receptor,Alg1,Gpr65
MetaChat,receptor,Alg2,Gpr65
MetaChat,receptor,Amdhd1,Gpr65
MetaChat,receptor,Aox1,Gpr65
MetaChat,receptor,Asmt,Gpr65
MetaChat,receptor,Asns,Gpr65
MetaChat,receptor,Ass1,Gpr65
MetaChat,receptor,Baat,Gpr65
MetaChat,receptor,Bpgm,Gpr65
MetaChat,receptor,Cad,Gpr65
MetaChat,receptor,Carns1,Gpr65
MetaChat,receptor,Cbr1,Gpr65
MetaChat,receptor,Cbr3,Gpr65
MetaChat,receptor,Cdipt,Gpr65
MetaChat,receptor,Cdo1,Gpr65
MetaChat,receptor,Cel,Gpr65
MetaChat,receptor,Cept1,Gpr65
MetaChat,receptor,Cerk,Gpr65
MetaChat,receptor,Chka,Gpr65
MetaChat,receptor,Chkb,Gpr65
MetaChat,receptor,Chpt1,Gpr65
MetaChat,receptor,Coasy,Gpr65
MetaChat,receptor,Comt,Gpr65
MetaChat,receptor,Comtd1,Gpr65
MetaChat,receptor,Crls1,Gpr65
MetaChat,receptor,Cth,Gpr65
MetaChat,receptor,Ctps2,Gpr65
MetaChat,receptor,Dck,Gpr65
MetaChat,receptor,Dctpp1,Gpr65
MetaChat,receptor,Degs1,Gpr65
MetaChat,receptor,Degs2,Gpr65
MetaChat,receptor,Dgka,Gpr65
MetaChat,receptor,Dgkb,Gpr65
MetaChat,receptor,Dgkd,Gpr65
MetaChat,receptor,Dgke,Gpr65
MetaChat,receptor,Dgkg,Gpr65
MetaChat,receptor,Dgkh,Gpr65
MetaChat,receptor,Dgki,Gpr65
MetaChat,receptor,Dgkq,Gpr65
MetaChat,receptor,Dgkz,Gpr65
MetaChat,receptor,Dguok,Gpr65
MetaChat,receptor,Dpm2,Gpr65
MetaChat,receptor,Dpyd,Gpr65
MetaChat,receptor,Dpys,Gpr65
MetaChat,receptor,Dpysl2,Gpr65
MetaChat,receptor,Dpysl3,Gpr65
MetaChat,receptor,Dtymk,Gpr65
MetaChat,receptor,Enpp1,Gpr65
MetaChat,receptor,Enpp2,Gpr65
MetaChat,receptor,Enpp3,Gpr65
MetaChat,receptor,Entpd1,Gpr65
MetaChat,receptor,Entpd3,Gpr65
MetaChat,receptor,Entpd8,Gpr65
MetaChat,receptor,Esd,Gpr65
MetaChat,receptor,Etnk1,Gpr65
MetaChat,receptor,Etnk2,Gpr65
MetaChat,receptor,Fah,Gpr65
MetaChat,receptor,Fasn,Gpr65
MetaChat,receptor,Fpgs,Gpr65
MetaChat,receptor,Gal3st1,Gpr65
MetaChat,receptor,Galk1,Gpr65
MetaChat,receptor,Galk2,Gpr65
MetaChat,receptor,Gamt,Gpr65
MetaChat,receptor,Gapdhs,Gpr65
MetaChat,receptor,Gart,Gpr65
MetaChat,receptor,Gch1,Gpr65
MetaChat,receptor,Gck,Gpr65
MetaChat,receptor,Gclc,Gpr65
MetaChat,receptor,Gclm,Gpr65
MetaChat,receptor,Gk,Gpr65
MetaChat,receptor,Gk2,Gpr65
MetaChat,receptor,Glul,Gpr65
MetaChat,receptor,Glyctk,Gpr65
MetaChat,receptor,Gmpr,Gpr65
MetaChat,receptor,Gmpr2,Gpr65
MetaChat,receptor,Gmps,Gpr65
MetaChat,receptor,Gne,Gpr65
MetaChat,receptor,Gnmt,Gpr65
MetaChat,receptor,Gnpnat1,Gpr65
MetaChat,receptor,Gpd1,Gpr65
MetaChat,receptor,Gsr,Gpr65
MetaChat,receptor,Gss,Gpr65
MetaChat,receptor,Gys1,Gpr65
MetaChat,receptor,Gys2,Gpr65
MetaChat,receptor,Haao,Gpr65
MetaChat,receptor,Hagh,Gpr65
MetaChat,receptor,Haghl,Gpr65
MetaChat,receptor,Hcst,Gpr65
MetaChat,receptor,Hgd,Gpr65
MetaChat,receptor,Hibch,Gpr65
MetaChat,receptor,Hk1,Gpr65
MetaChat,receptor,Hk2,Gpr65
MetaChat,receptor,Hk3,Gpr65
MetaChat,receptor,Hkdc1,Gpr65
MetaChat,receptor,Hlcs,Gpr65
MetaChat,receptor,Hmgcr,Gpr65
MetaChat,receptor,Hmgcs1,Gpr65
MetaChat,receptor,Hnmt,Gpr65
MetaChat,receptor,Hsd17b10,Gpr65
MetaChat,receptor,Hsd3b9,Gpr65
MetaChat,receptor,Idh1,Gpr65
MetaChat,receptor,Idh2,Gpr65
MetaChat,receptor,Impdh1,Gpr65
MetaChat,receptor,Impdh2,Gpr65
MetaChat,receptor,Inmt,Gpr65
MetaChat,receptor,Ip6k1,Gpr65
MetaChat,receptor,Ip6k3,Gpr65
MetaChat,receptor,Itpa,Gpr65
MetaChat,receptor,Itpka,Gpr65
MetaChat,receptor,Itpkb,Gpr65
MetaChat,receptor,Itpkc,Gpr65
MetaChat,receptor,Khk,Gpr65
MetaChat,receptor,Kl,Gpr65
MetaChat,receptor,Kynu,Gpr65
MetaChat,receptor,Ldha,Gpr65
MetaChat,receptor,Ldhal6b,Gpr65
MetaChat,receptor,Ldhb,Gpr65
MetaChat,receptor,Ldhc,Gpr65
MetaChat,receptor,Ldhd,Gpr65
MetaChat,receptor,Lgsn,Gpr65
MetaChat,receptor,Lhpp,Gpr65
MetaChat,receptor,Lipc,Gpr65
MetaChat,receptor,Lpl,Gpr65
MetaChat,receptor,Maob,Gpr65
MetaChat,receptor,Mdh1,Gpr65
MetaChat,receptor,Mdh1b,Gpr65
MetaChat,receptor,Mgll,Gpr65
MetaChat,receptor,Miox,Gpr65
MetaChat,receptor,Mpst,Gpr65
MetaChat,receptor,Mthfd1,Gpr65
MetaChat,receptor,Mthfd2l,Gpr65
MetaChat,receptor,Mthfr,Gpr65
MetaChat,receptor,Mtr,Gpr65
MetaChat,receptor,Mvk,Gpr65
MetaChat,receptor,Nadk,Gpr65
MetaChat,receptor,Nadsyn1,Gpr65
MetaChat,receptor,Nagk,Gpr65
MetaChat,receptor,Naprt,Gpr65
MetaChat,receptor,Nmrk1,Gpr65
MetaChat,receptor,Nos1,Gpr65
MetaChat,receptor,Nos2,Gpr65
MetaChat,receptor,Nos3,Gpr65
MetaChat,receptor,Nudt12,Gpr65
MetaChat,receptor,Nudt2,Gpr65
MetaChat,receptor,Nudt5,Gpr65
MetaChat,receptor,Olah,Gpr65
MetaChat,receptor,Oplah,Gpr65
MetaChat,receptor,Pafah1b1,Gpr65
MetaChat,receptor,Pafah1b2,Gpr65
MetaChat,receptor,Pafah1b3,Gpr65
MetaChat,receptor,Pafah2,Gpr65
MetaChat,receptor,Paics,Gpr65
MetaChat,receptor,Pank1,Gpr65
MetaChat,receptor,Pank2,Gpr65
MetaChat,receptor,Pank3,Gpr65
MetaChat,receptor,Pank4,Gpr65
MetaChat,receptor,Papss1,Gpr65
MetaChat,receptor,Papss2,Gpr65
MetaChat,receptor,Pde10a,Gpr65
MetaChat,receptor,Pde11a,Gpr65
MetaChat,receptor,Pde1a,Gpr65
MetaChat,receptor,Pde1b,Gpr65
MetaChat,receptor,Pde1c,Gpr65
MetaChat,receptor,Pde2a,Gpr65
MetaChat,receptor,Pde3a,Gpr65
MetaChat,receptor,Pde3b,Gpr65
MetaChat,receptor,Pde4a,Gpr65
MetaChat,receptor,Pde4b,Gpr65
MetaChat,receptor,Pde4c,Gpr65
MetaChat,receptor,Pde4d,Gpr65
MetaChat,receptor,Pde5a,Gpr65
MetaChat,receptor,Pde6a,Gpr65
MetaChat,receptor,Pde6b,Gpr65
MetaChat,receptor,Pde6c,Gpr65
MetaChat,receptor,Pde6d,Gpr65
MetaChat,receptor,Pde6g,Gpr65
MetaChat,receptor,Pde6h,Gpr65
MetaChat,receptor,Pde7a,Gpr65
MetaChat,receptor,Pde7b,Gpr65
MetaChat,receptor,Pde8a,Gpr65
MetaChat,receptor,Pde8b,Gpr65
MetaChat,receptor,Pde9a,Gpr65
MetaChat,receptor,Pdxk,Gpr65
MetaChat,receptor,Pfas,Gpr65
MetaChat,receptor,Pfkfb1,Gpr65
MetaChat,receptor,Pfkfb2,Gpr65
MetaChat,receptor,Pfkfb3,Gpr65
MetaChat,receptor,Pfkfb4,Gpr65
MetaChat,receptor,Pfkl,Gpr65
MetaChat,receptor,Pfkm,Gpr65
MetaChat,receptor,Pfkp,Gpr65
MetaChat,receptor,Pgam1,Gpr65
MetaChat,receptor,Pgam2,Gpr65
MetaChat,receptor,Pgls,Gpr65
MetaChat,receptor,Pgs1,Gpr65
MetaChat,receptor,Phgdh,Gpr65
MetaChat,receptor,Pi4k2a,Gpr65
MetaChat,receptor,Pi4ka,Gpr65
MetaChat,receptor,Pi4kb,Gpr65
MetaChat,receptor,Piga,Gpr65
MetaChat,receptor,Pigc,Gpr65
MetaChat,receptor,Pigh,Gpr65
MetaChat,receptor,Pigp,Gpr65
MetaChat,receptor,Pigq,Gpr65
MetaChat,receptor,Pik3c2a,Gpr65
MetaChat,receptor,Pik3c2b,Gpr65
MetaChat,receptor,Pik3c2g,Gpr65
MetaChat,receptor,Pik3c3,Gpr65
MetaChat,receptor,Pik3ca,Gpr65
MetaChat,receptor,Pik3cb,Gpr65
MetaChat,receptor,Pik3cd,Gpr65
MetaChat,receptor,Pik3cg,Gpr65
MetaChat,receptor,Pik3r1,Gpr65
MetaChat,receptor,Pik3r2,Gpr65
MetaChat,receptor,Pik3r3,Gpr65
MetaChat,receptor,Pik3r5,Gpr65
MetaChat,receptor,Pikfyve,Gpr65
MetaChat,receptor,Pip4k2a,Gpr65
MetaChat,receptor,Pip4k2b,Gpr65
MetaChat,receptor,Pip4k2c,Gpr65
MetaChat,receptor,Pip5k1a,Gpr65
MetaChat,receptor,Pip5k1b,Gpr65
MetaChat,receptor,Pip5k1c,Gpr65
MetaChat,receptor,Pla2g12a,Gpr65
MetaChat,receptor,Pla2g2a,Gpr65
MetaChat,receptor,Pla2g2f,Gpr65
MetaChat,receptor,Pla2g3,Gpr65
MetaChat,receptor,Pla2g4a,Gpr65
MetaChat,receptor,Pla2g4b,Gpr65
MetaChat,receptor,Pla2g4e,Gpr65
MetaChat,receptor,Pla2g5,Gpr65
MetaChat,receptor,Pla2g6,Gpr65
MetaChat,receptor,Plcb1,Gpr65
MetaChat,receptor,Plcb2,Gpr65
MetaChat,receptor,Plcb3,Gpr65
MetaChat,receptor,Plcb4,Gpr65
MetaChat,receptor,Plcd1,Gpr65
MetaChat,receptor,Plcd3,Gpr65
MetaChat,receptor,Plcd4,Gpr65
MetaChat,receptor,Plce1,Gpr65
MetaChat,receptor,Plcg1,Gpr65
MetaChat,receptor,Plcg2,Gpr65
MetaChat,receptor,Plch1,Gpr65
MetaChat,receptor,Plch2,Gpr65
MetaChat,receptor,Plcl1,Gpr65
MetaChat,receptor,Plcxd2,Gpr65
MetaChat,receptor,Plcz1,Gpr65
MetaChat,receptor,Pld1,Gpr65
MetaChat,receptor,Pld2,Gpr65
MetaChat,receptor,Pnmt,Gpr65
MetaChat,receptor,Pnpla3,Gpr65
MetaChat,receptor,Ppa1,Gpr65
MetaChat,receptor,Ppcs,Gpr65
MetaChat,receptor,Prdx6b,Gpr65
MetaChat,receptor,Prodh2,Gpr65
MetaChat,receptor,Prps1l1,Gpr65
MetaChat,receptor,Prps1l3,Gpr65
MetaChat,receptor,Prps2,Gpr65
MetaChat,receptor,Psat1,Gpr65
MetaChat,receptor,Pycr1,Gpr65
MetaChat,receptor,Pycr2,Gpr65
MetaChat,receptor,Qprt,Gpr65
MetaChat,receptor,Rbks,Gpr65
MetaChat,receptor,Rdh10,Gpr65
MetaChat,receptor,Rdh11,Gpr65
MetaChat,receptor,Rdh12,Gpr65
MetaChat,receptor,Rdh13,Gpr65
MetaChat,receptor,Rdh14,Gpr65
MetaChat,receptor,Rdh5,Gpr65
MetaChat,receptor,Rdh8,Gpr65
MetaChat,receptor,Rfk,Gpr65
MetaChat,receptor,Rwdd2a,Gpr65
MetaChat,receptor,Sat1,Gpr65
MetaChat,receptor,Sat2,Gpr65
MetaChat,receptor,Scly,Gpr65
MetaChat,receptor,Sdr16c5,Gpr65
MetaChat,receptor,Smpd2,Gpr65
MetaChat,receptor,Sms,Gpr65
MetaChat,receptor,Sord,Gpr65
MetaChat,receptor,Sphk1,Gpr65
MetaChat,receptor,Sphk2,Gpr65
MetaChat,receptor,Srm,Gpr65
MetaChat,receptor,Sult1e1,Gpr65
MetaChat,receptor,Sult2a6,Gpr65
MetaChat,receptor,Sult2b1,Gpr65
MetaChat,receptor,Sult4a1,Gpr65
MetaChat,receptor,Sult5a1,Gpr65
MetaChat,receptor,Thtpa,Gpr65
MetaChat,receptor,Tk1,Gpr65
MetaChat,receptor,Tk2,Gpr65
MetaChat,receptor,Tpk1,Gpr65
MetaChat,receptor,Tpo,Gpr65
MetaChat,receptor,Txnrd1,Gpr65
MetaChat,receptor,Txnrd2,Gpr65
MetaChat,receptor,Uck1,Gpr65
MetaChat,receptor,Uck2,Gpr65
MetaChat,receptor,Uckl1,Gpr65
MetaChat,receptor,Uevld,Gpr65
MetaChat,receptor,Ugdh,Gpr65
MetaChat,receptor,Ugt1a1,Gpr65
MetaChat,receptor,Xdh,Gpr65
MetaChat,receptor,Xylb,Gpr65
MetaChat,receptor,A4galt,Gpr68
MetaChat,receptor,Aanat,Gpr68
MetaChat,receptor,Acaca,Gpr68
MetaChat,receptor,Acacb,Gpr68
MetaChat,receptor,Acot1,Gpr68
MetaChat,receptor,Acot12,Gpr68
MetaChat,receptor,Acot6,Gpr68
MetaChat,receptor,Acot8,Gpr68
MetaChat,receptor,Acss1,Gpr68
MetaChat,receptor,Acss2,Gpr68
MetaChat,receptor,Acss3,Gpr68
MetaChat,receptor,Acyp2,Gpr68
MetaChat,receptor,Adh4,Gpr68
MetaChat,receptor,Adh5,Gpr68
MetaChat,receptor,Adh7,Gpr68
MetaChat,receptor,Adhfe1,Gpr68
MetaChat,receptor,Adk,Gpr68
MetaChat,receptor,Ado,Gpr68
MetaChat,receptor,Afmid,Gpr68
MetaChat,receptor,Akr1a1,Gpr68
MetaChat,receptor,Alad,Gpr68
MetaChat,receptor,Aldh1a2,Gpr68
MetaChat,receptor,Aldh1a3,Gpr68
MetaChat,receptor,Aldh1a7,Gpr68
MetaChat,receptor,Aldh1b1,Gpr68
MetaChat,receptor,Aldh1l1,Gpr68
MetaChat,receptor,Aldh1l2,Gpr68
MetaChat,receptor,Aldh2,Gpr68
MetaChat,receptor,Aldh3a1,Gpr68
MetaChat,receptor,Aldh3a2,Gpr68
MetaChat,receptor,Aldh3b1,Gpr68
MetaChat,receptor,Aldh7a1,Gpr68
MetaChat,receptor,Aldh9a1,Gpr68
MetaChat,receptor,Alg1,Gpr68
MetaChat,receptor,Alg2,Gpr68
MetaChat,receptor,Amdhd1,Gpr68
MetaChat,receptor,Aox1,Gpr68
MetaChat,receptor,Asmt,Gpr68
MetaChat,receptor,Asns,Gpr68
MetaChat,receptor,Ass1,Gpr68
MetaChat,receptor,Baat,Gpr68
MetaChat,receptor,Bpgm,Gpr68
MetaChat,receptor,Cad,Gpr68
MetaChat,receptor,Carns1,Gpr68
MetaChat,receptor,Cbr1,Gpr68
MetaChat,receptor,Cbr3,Gpr68
MetaChat,receptor,Cdipt,Gpr68
MetaChat,receptor,Cdo1,Gpr68
MetaChat,receptor,Cel,Gpr68
MetaChat,receptor,Cept1,Gpr68
MetaChat,receptor,Cerk,Gpr68
MetaChat,receptor,Chka,Gpr68
MetaChat,receptor,Chkb,Gpr68
MetaChat,receptor,Chpt1,Gpr68
MetaChat,receptor,Coasy,Gpr68
MetaChat,receptor,Comt,Gpr68
MetaChat,receptor,Comtd1,Gpr68
MetaChat,receptor,Crls1,Gpr68
MetaChat,receptor,Cth,Gpr68
MetaChat,receptor,Ctps2,Gpr68
MetaChat,receptor,Dck,Gpr68
MetaChat,receptor,Dctpp1,Gpr68
MetaChat,receptor,Degs1,Gpr68
MetaChat,receptor,Degs2,Gpr68
MetaChat,receptor,Dgka,Gpr68
MetaChat,receptor,Dgkb,Gpr68
MetaChat,receptor,Dgkd,Gpr68
MetaChat,receptor,Dgke,Gpr68
MetaChat,receptor,Dgkg,Gpr68
MetaChat,receptor,Dgkh,Gpr68
MetaChat,receptor,Dgki,Gpr68
MetaChat,receptor,Dgkq,Gpr68
MetaChat,receptor,Dgkz,Gpr68
MetaChat,receptor,Dguok,Gpr68
MetaChat,receptor,Dpm2,Gpr68
MetaChat,receptor,Dpyd,Gpr68
MetaChat,receptor,Dpys,Gpr68
MetaChat,receptor,Dpysl2,Gpr68
MetaChat,receptor,Dpysl3,Gpr68
MetaChat,receptor,Dtymk,Gpr68
MetaChat,receptor,Enpp1,Gpr68
MetaChat,receptor,Enpp2,Gpr68
MetaChat,receptor,Enpp3,Gpr68
MetaChat,receptor,Entpd1,Gpr68
MetaChat,receptor,Entpd3,Gpr68
MetaChat,receptor,Entpd8,Gpr68
MetaChat,receptor,Esd,Gpr68
MetaChat,receptor,Etnk1,Gpr68
MetaChat,receptor,Etnk2,Gpr68
MetaChat,receptor,Fah,Gpr68
MetaChat,receptor,Fasn,Gpr68
MetaChat,receptor,Fpgs,Gpr68
MetaChat,receptor,Gal3st1,Gpr68
MetaChat,receptor,Galk1,Gpr68
MetaChat,receptor,Galk2,Gpr68
MetaChat,receptor,Gamt,Gpr68
MetaChat,receptor,Gapdhs,Gpr68
MetaChat,receptor,Gart,Gpr68
MetaChat,receptor,Gch1,Gpr68
MetaChat,receptor,Gck,Gpr68
MetaChat,receptor,Gclc,Gpr68
MetaChat,receptor,Gclm,Gpr68
MetaChat,receptor,Gk,Gpr68
MetaChat,receptor,Gk2,Gpr68
MetaChat,receptor,Glul,Gpr68
MetaChat,receptor,Glyctk,Gpr68
MetaChat,receptor,Gmpr,Gpr68
MetaChat,receptor,Gmpr2,Gpr68
MetaChat,receptor,Gmps,Gpr68
MetaChat,receptor,Gne,Gpr68
MetaChat,receptor,Gnmt,Gpr68
MetaChat,receptor,Gnpnat1,Gpr68
MetaChat,receptor,Gpd1,Gpr68
MetaChat,receptor,Gsr,Gpr68
MetaChat,receptor,Gss,Gpr68
MetaChat,receptor,Gys1,Gpr68
MetaChat,receptor,Gys2,Gpr68
MetaChat,receptor,Haao,Gpr68
MetaChat,receptor,Hagh,Gpr68
MetaChat,receptor,Haghl,Gpr68
MetaChat,receptor,Hcst,Gpr68
MetaChat,receptor,Hgd,Gpr68
MetaChat,receptor,Hibch,Gpr68
MetaChat,receptor,Hk1,Gpr68
MetaChat,receptor,Hk2,Gpr68
MetaChat,receptor,Hk3,Gpr68
MetaChat,receptor,Hkdc1,Gpr68
MetaChat,receptor,Hlcs,Gpr68
MetaChat,receptor,Hmgcr,Gpr68
MetaChat,receptor,Hmgcs1,Gpr68
MetaChat,receptor,Hnmt,Gpr68
MetaChat,receptor,Hsd17b10,Gpr68
MetaChat,receptor,Hsd3b9,Gpr68
MetaChat,receptor,Idh1,Gpr68
MetaChat,receptor,Idh2,Gpr68
MetaChat,receptor,Impdh1,Gpr68
MetaChat,receptor,Impdh2,Gpr68
MetaChat,receptor,Inmt,Gpr68
MetaChat,receptor,Ip6k1,Gpr68
MetaChat,receptor,Ip6k3,Gpr68
MetaChat,receptor,Itpa,Gpr68
MetaChat,receptor,Itpka,Gpr68
MetaChat,receptor,Itpkb,Gpr68
MetaChat,receptor,Itpkc,Gpr68
MetaChat,receptor,Khk,Gpr68
MetaChat,receptor,Kl,Gpr68
MetaChat,receptor,Kynu,Gpr68
MetaChat,receptor,Ldha,Gpr68
MetaChat,receptor,Ldhal6b,Gpr68
MetaChat,receptor,Ldhb,Gpr68
MetaChat,receptor,Ldhc,Gpr68
MetaChat,receptor,Ldhd,Gpr68
MetaChat,receptor,Lgsn,Gpr68
MetaChat,receptor,Lhpp,Gpr68
MetaChat,receptor,Lipc,Gpr68
MetaChat,receptor,Lpl,Gpr68
MetaChat,receptor,Maob,Gpr68
MetaChat,receptor,Mdh1,Gpr68
MetaChat,receptor,Mdh1b,Gpr68
MetaChat,receptor,Mgll,Gpr68
MetaChat,receptor,Miox,Gpr68
MetaChat,receptor,Mpst,Gpr68
MetaChat,receptor,Mthfd1,Gpr68
MetaChat,receptor,Mthfd2l,Gpr68
MetaChat,receptor,Mthfr,Gpr68
MetaChat,receptor,Mtr,Gpr68
MetaChat,receptor,Mvk,Gpr68
MetaChat,receptor,Nadk,Gpr68
MetaChat,receptor,Nadsyn1,Gpr68
MetaChat,receptor,Nagk,Gpr68
MetaChat,receptor,Naprt,Gpr68
MetaChat,receptor,Nmrk1,Gpr68
MetaChat,receptor,Nos1,Gpr68
MetaChat,receptor,Nos2,Gpr68
MetaChat,receptor,Nos3,Gpr68
MetaChat,receptor,Nudt12,Gpr68
MetaChat,receptor,Nudt2,Gpr68
MetaChat,receptor,Nudt5,Gpr68
MetaChat,receptor,Olah,Gpr68
MetaChat,receptor,Oplah,Gpr68
MetaChat,receptor,Pafah1b1,Gpr68
MetaChat,receptor,Pafah1b2,Gpr68
MetaChat,receptor,Pafah1b3,Gpr68
MetaChat,receptor,Pafah2,Gpr68
MetaChat,receptor,Paics,Gpr68
MetaChat,receptor,Pank1,Gpr68
MetaChat,receptor,Pank2,Gpr68
MetaChat,receptor,Pank3,Gpr68
MetaChat,receptor,Pank4,Gpr68
MetaChat,receptor,Papss1,Gpr68
MetaChat,receptor,Papss2,Gpr68
MetaChat,receptor,Pde10a,Gpr68
MetaChat,receptor,Pde11a,Gpr68
MetaChat,receptor,Pde1a,Gpr68
MetaChat,receptor,Pde1b,Gpr68
MetaChat,receptor,Pde1c,Gpr68
MetaChat,receptor,Pde2a,Gpr68
MetaChat,receptor,Pde3a,Gpr68
MetaChat,receptor,Pde3b,Gpr68
MetaChat,receptor,Pde4a,Gpr68
MetaChat,receptor,Pde4b,Gpr68
MetaChat,receptor,Pde4c,Gpr68
MetaChat,receptor,Pde4d,Gpr68
MetaChat,receptor,Pde5a,Gpr68
MetaChat,receptor,Pde6a,Gpr68
MetaChat,receptor,Pde6b,Gpr68
MetaChat,receptor,Pde6c,Gpr68
MetaChat,receptor,Pde6d,Gpr68
MetaChat,receptor,Pde6g,Gpr68
MetaChat,receptor,Pde6h,Gpr68
MetaChat,receptor,Pde7a,Gpr68
MetaChat,receptor,Pde7b,Gpr68
MetaChat,receptor,Pde8a,Gpr68
MetaChat,receptor,Pde8b,Gpr68
MetaChat,receptor,Pde9a,Gpr68
MetaChat,receptor,Pdxk,Gpr68
MetaChat,receptor,Pfas,Gpr68
MetaChat,receptor,Pfkfb1,Gpr68
MetaChat,receptor,Pfkfb2,Gpr68
MetaChat,receptor,Pfkfb3,Gpr68
MetaChat,receptor,Pfkfb4,Gpr68
MetaChat,receptor,Pfkl,Gpr68
MetaChat,receptor,Pfkm,Gpr68
MetaChat,receptor,Pfkp,Gpr68
MetaChat,receptor,Pgam1,Gpr68
MetaChat,receptor,Pgam2,Gpr68
MetaChat,receptor,Pgls,Gpr68
MetaChat,receptor,Pgs1,Gpr68
MetaChat,receptor,Phgdh,Gpr68
MetaChat,receptor,Pi4k2a,Gpr68
MetaChat,receptor,Pi4ka,Gpr68
MetaChat,receptor,Pi4kb,Gpr68
MetaChat,receptor,Piga,Gpr68
MetaChat,receptor,Pigc,Gpr68
MetaChat,receptor,Pigh,Gpr68
MetaChat,receptor,Pigp,Gpr68
MetaChat,receptor,Pigq,Gpr68
MetaChat,receptor,Pik3c2a,Gpr68
MetaChat,receptor,Pik3c2b,Gpr68
MetaChat,receptor,Pik3c2g,Gpr68
MetaChat,receptor,Pik3c3,Gpr68
MetaChat,receptor,Pik3ca,Gpr68
MetaChat,receptor,Pik3cb,Gpr68
MetaChat,receptor,Pik3cd,Gpr68
MetaChat,receptor,Pik3cg,Gpr68
MetaChat,receptor,Pik3r1,Gpr68
MetaChat,receptor,Pik3r2,Gpr68
MetaChat,receptor,Pik3r3,Gpr68
MetaChat,receptor,Pik3r5,Gpr68
MetaChat,receptor,Pikfyve,Gpr68
MetaChat,receptor,Pip4k2a,Gpr68
MetaChat,receptor,Pip4k2b,Gpr68
MetaChat,receptor,Pip4k2c,Gpr68
MetaChat,receptor,Pip5k1a,Gpr68
MetaChat,receptor,Pip5k1b,Gpr68
MetaChat,receptor,Pip5k1c,Gpr68
MetaChat,receptor,Pla2g12a,Gpr68
MetaChat,receptor,Pla2g2a,Gpr68
MetaChat,receptor,Pla2g2f,Gpr68
MetaChat,receptor,Pla2g3,Gpr68
MetaChat,receptor,Pla2g4a,Gpr68
MetaChat,receptor,Pla2g4b,Gpr68
MetaChat,receptor,Pla2g4e,Gpr68
MetaChat,receptor,Pla2g5,Gpr68
MetaChat,receptor,Pla2g6,Gpr68
MetaChat,receptor,Plcb1,Gpr68
MetaChat,receptor,Plcb2,Gpr68
MetaChat,receptor,Plcb3,Gpr68
MetaChat,receptor,Plcb4,Gpr68
MetaChat,receptor,Plcd1,Gpr68
MetaChat,receptor,Plcd3,Gpr68
MetaChat,receptor,Plcd4,Gpr68
MetaChat,receptor,Plce1,Gpr68
MetaChat,receptor,Plcg1,Gpr68
MetaChat,receptor,Plcg2,Gpr68
MetaChat,receptor,Plch1,Gpr68
MetaChat,receptor,Plch2,Gpr68
MetaChat,receptor,Plcl1,Gpr68
MetaChat,receptor,Plcxd2,Gpr68
MetaChat,receptor,Plcz1,Gpr68
MetaChat,receptor,Pld1,Gpr68
MetaChat,receptor,Pld2,Gpr68
MetaChat,receptor,Pnmt,Gpr68
MetaChat,receptor,Pnpla3,Gpr68
MetaChat,receptor,Ppa1,Gpr68
MetaChat,receptor,Ppcs,Gpr68
MetaChat,receptor,Prdx6b,Gpr68
MetaChat,receptor,Prodh2,Gpr68
MetaChat,receptor,Prps1l1,Gpr68
MetaChat,receptor,Prps1l3,Gpr68
MetaChat,receptor,Prps2,Gpr68
MetaChat,receptor,Psat1,Gpr68
MetaChat,receptor,Pycr1,Gpr68
MetaChat,receptor,Pycr2,Gpr68
MetaChat,receptor,Qprt,Gpr68
MetaChat,receptor,Rbks,Gpr68
MetaChat,receptor,Rdh10,Gpr68
MetaChat,receptor,Rdh11,Gpr68
MetaChat,receptor,Rdh12,Gpr68
MetaChat,receptor,Rdh13,Gpr68
MetaChat,receptor,Rdh14,Gpr68
MetaChat,receptor,Rdh5,Gpr68
MetaChat,receptor,Rdh8,Gpr68
MetaChat,receptor,Rfk,Gpr68
MetaChat,receptor,Rwdd2a,Gpr68
MetaChat,receptor,Sat1,Gpr68
MetaChat,receptor,Sat2,Gpr68
MetaChat,receptor,Scly,Gpr68
MetaChat,receptor,Sdr16c5,Gpr68
MetaChat,receptor,Smpd2,Gpr68
MetaChat,receptor,Sms,Gpr68
MetaChat,receptor,Sord,Gpr68
MetaChat,receptor,Sphk1,Gpr68
MetaChat,receptor,Sphk2,Gpr68
MetaChat,receptor,Srm,Gpr68
MetaChat,receptor,Sult1e1,Gpr68
MetaChat,receptor,Sult2a6,Gpr68
MetaChat,receptor,Sult2b1,Gpr68
MetaChat,receptor,Sult4a1,Gpr68
MetaChat,receptor,Sult5a1,Gpr68
MetaChat,receptor,Thtpa,Gpr68
MetaChat,receptor,Tk1,Gpr68
MetaChat,receptor,Tk2,Gpr68
MetaChat,receptor,Tpk1,Gpr68
MetaChat,receptor,Tpo,Gpr68
MetaChat,receptor,Txnrd1,Gpr68
MetaChat,receptor,Txnrd2,Gpr68
MetaChat,receptor,Uck1,Gpr68
MetaChat,receptor,Uck2,Gpr68
MetaChat,receptor,Uckl1,Gpr68
MetaChat,receptor,Uevld,Gpr68
MetaChat,receptor,Ugdh,Gpr68
MetaChat,receptor,Ugt1a1,Gpr68
MetaChat,receptor,Xdh,Gpr68
MetaChat,receptor,Xylb,Gpr68
MetaChat,receptor,Nan,Gpr75
MetaChat,receptor,Akr1a1,Gprc5c
MetaChat,receptor,Nan,Gprc5c
MetaChat,receptor,Elovl2,Gprc6a
MetaChat,receptor,Elovl5,Gprc6a
MetaChat,receptor,Elovl6,Gprc6a
MetaChat,receptor,Fasn,Gprc6a
MetaChat,receptor,Olah,Gprc6a
MetaChat,receptor,Nan,Gprc6a
MetaChat,receptor,Acy1,Gprc6a
MetaChat,receptor,Arg1,Gprc6a
MetaChat,receptor,Arg2,Gprc6a
MetaChat,receptor,Gatm,Gprc6a
MetaChat,"receptor,transporter",Aadat,Gria1
MetaChat,"receptor,transporter",Asns,Gria1
MetaChat,"receptor,transporter",Bcat1,Gria1
MetaChat,"receptor,transporter",Cad,Gria1
MetaChat,"receptor,transporter",Ctps2,Gria1
MetaChat,"receptor,transporter",Ftcd,Gria1
MetaChat,"receptor,transporter",Gfpt1,Gria1
MetaChat,"receptor,transporter",Gfpt2,Gria1
MetaChat,"receptor,transporter",Ggh,Gria1
MetaChat,"receptor,transporter",Ggt1,Gria1
MetaChat,"receptor,transporter",Ggt5,Gria1
MetaChat,"receptor,transporter",Ggt6,Gria1
MetaChat,"receptor,transporter",Ggt7,Gria1
MetaChat,"receptor,transporter",Gmps,Gria1
MetaChat,"receptor,transporter",Got1,Gria1
MetaChat,"receptor,transporter",Gpt,Gria1
MetaChat,"receptor,transporter",Gpt2,Gria1
MetaChat,"receptor,transporter",Kyat1,Gria1
MetaChat,"receptor,transporter",Nadsyn1,Gria1
MetaChat,"receptor,transporter",Oplah,Gria1
MetaChat,"receptor,transporter",Pfas,Gria1
MetaChat,"receptor,transporter",Ppat,Gria1
MetaChat,"receptor,transporter",Tat,Gria1
MetaChat,"receptor,transporter",Aadat,Gria2
MetaChat,"receptor,transporter",Asns,Gria2
MetaChat,"receptor,transporter",Bcat1,Gria2
MetaChat,"receptor,transporter",Cad,Gria2
MetaChat,"receptor,transporter",Ctps2,Gria2
MetaChat,"receptor,transporter",Ftcd,Gria2
MetaChat,"receptor,transporter",Gfpt1,Gria2
MetaChat,"receptor,transporter",Gfpt2,Gria2
MetaChat,"receptor,transporter",Ggh,Gria2
MetaChat,"receptor,transporter",Ggt1,Gria2
MetaChat,"receptor,transporter",Ggt5,Gria2
MetaChat,"receptor,transporter",Ggt6,Gria2
MetaChat,"receptor,transporter",Ggt7,Gria2
MetaChat,"receptor,transporter",Gmps,Gria2
MetaChat,"receptor,transporter",Got1,Gria2
MetaChat,"receptor,transporter",Gpt,Gria2
MetaChat,"receptor,transporter",Gpt2,Gria2
MetaChat,"receptor,transporter",Kyat1,Gria2
MetaChat,"receptor,transporter",Nadsyn1,Gria2
MetaChat,"receptor,transporter",Oplah,Gria2
MetaChat,"receptor,transporter",Pfas,Gria2
MetaChat,"receptor,transporter",Ppat,Gria2
MetaChat,"receptor,transporter",Tat,Gria2
MetaChat,"receptor,transporter",Aadat,Gria3
MetaChat,"receptor,transporter",Asns,Gria3
MetaChat,"receptor,transporter",Bcat1,Gria3
MetaChat,"receptor,transporter",Cad,Gria3
MetaChat,"receptor,transporter",Ctps2,Gria3
MetaChat,"receptor,transporter",Ftcd,Gria3
MetaChat,"receptor,transporter",Gfpt1,Gria3
MetaChat,"receptor,transporter",Gfpt2,Gria3
MetaChat,"receptor,transporter",Ggh,Gria3
MetaChat,"receptor,transporter",Ggt1,Gria3
MetaChat,"receptor,transporter",Ggt5,Gria3
MetaChat,"receptor,transporter",Ggt6,Gria3
MetaChat,"receptor,transporter",Ggt7,Gria3
MetaChat,"receptor,transporter",Gmps,Gria3
MetaChat,"receptor,transporter",Got1,Gria3
MetaChat,"receptor,transporter",Gpt,Gria3
MetaChat,"receptor,transporter",Gpt2,Gria3
MetaChat,"receptor,transporter",Kyat1,Gria3
MetaChat,"receptor,transporter",Nadsyn1,Gria3
MetaChat,"receptor,transporter",Oplah,Gria3
MetaChat,"receptor,transporter",Pfas,Gria3
MetaChat,"receptor,transporter",Ppat,Gria3
MetaChat,"receptor,transporter",Tat,Gria3
MetaChat,"receptor,transporter",Aadat,Gria4
MetaChat,"receptor,transporter",Asns,Gria4
MetaChat,"receptor,transporter",Bcat1,Gria4
MetaChat,"receptor,transporter",Cad,Gria4
MetaChat,"receptor,transporter",Ctps2,Gria4
MetaChat,"receptor,transporter",Ftcd,Gria4
MetaChat,"receptor,transporter",Gfpt1,Gria4
MetaChat,"receptor,transporter",Gfpt2,Gria4
MetaChat,"receptor,transporter",Ggh,Gria4
MetaChat,"receptor,transporter",Ggt1,Gria4
MetaChat,"receptor,transporter",Ggt5,Gria4
MetaChat,"receptor,transporter",Ggt6,Gria4
MetaChat,"receptor,transporter",Ggt7,Gria4
MetaChat,"receptor,transporter",Gmps,Gria4
MetaChat,"receptor,transporter",Got1,Gria4
MetaChat,"receptor,transporter",Gpt,Gria4
MetaChat,"receptor,transporter",Gpt2,Gria4
MetaChat,"receptor,transporter",Kyat1,Gria4
MetaChat,"receptor,transporter",Nadsyn1,Gria4
MetaChat,"receptor,transporter",Oplah,Gria4
MetaChat,"receptor,transporter",Pfas,Gria4
MetaChat,"receptor,transporter",Ppat,Gria4
MetaChat,"receptor,transporter",Tat,Gria4
MetaChat,"receptor,transporter",Nan,Grid1
MetaChat,"receptor,transporter",Aadat,Grid1
MetaChat,"receptor,transporter",Asns,Grid1
MetaChat,"receptor,transporter",Bcat1,Grid1
MetaChat,"receptor,transporter",Cad,Grid1
MetaChat,"receptor,transporter",Ctps2,Grid1
MetaChat,"receptor,transporter",Ftcd,Grid1
MetaChat,"receptor,transporter",Gfpt1,Grid1
MetaChat,"receptor,transporter",Gfpt2,Grid1
MetaChat,"receptor,transporter",Ggh,Grid1
MetaChat,"receptor,transporter",Ggt1,Grid1
MetaChat,"receptor,transporter",Ggt5,Grid1
MetaChat,"receptor,transporter",Ggt6,Grid1
MetaChat,"receptor,transporter",Ggt7,Grid1
MetaChat,"receptor,transporter",Gmps,Grid1
MetaChat,"receptor,transporter",Got1,Grid1
MetaChat,"receptor,transporter",Gpt,Grid1
MetaChat,"receptor,transporter",Gpt2,Grid1
MetaChat,"receptor,transporter",Kyat1,Grid1
MetaChat,"receptor,transporter",Nadsyn1,Grid1
MetaChat,"receptor,transporter",Oplah,Grid1
MetaChat,"receptor,transporter",Pfas,Grid1
MetaChat,"receptor,transporter",Ppat,Grid1
MetaChat,"receptor,transporter",Tat,Grid1
MetaChat,"receptor,transporter",Nan,Grid2
MetaChat,"receptor,transporter",Aadat,Grid2
MetaChat,"receptor,transporter",Asns,Grid2
MetaChat,"receptor,transporter",Bcat1,Grid2
MetaChat,"receptor,transporter",Cad,Grid2
MetaChat,"receptor,transporter",Ctps2,Grid2
MetaChat,"receptor,transporter",Ftcd,Grid2
MetaChat,"receptor,transporter",Gfpt1,Grid2
MetaChat,"receptor,transporter",Gfpt2,Grid2
MetaChat,"receptor,transporter",Ggh,Grid2
MetaChat,"receptor,transporter",Ggt1,Grid2
MetaChat,"receptor,transporter",Ggt5,Grid2
MetaChat,"receptor,transporter",Ggt6,Grid2
MetaChat,"receptor,transporter",Ggt7,Grid2
MetaChat,"receptor,transporter",Gmps,Grid2
MetaChat,"receptor,transporter",Got1,Grid2
MetaChat,"receptor,transporter",Gpt,Grid2
MetaChat,"receptor,transporter",Gpt2,Grid2
MetaChat,"receptor,transporter",Kyat1,Grid2
MetaChat,"receptor,transporter",Nadsyn1,Grid2
MetaChat,"receptor,transporter",Oplah,Grid2
MetaChat,"receptor,transporter",Pfas,Grid2
MetaChat,"receptor,transporter",Ppat,Grid2
MetaChat,"receptor,transporter",Tat,Grid2
MetaChat,"receptor,transporter",Aadat,Grik1
MetaChat,"receptor,transporter",Asns,Grik1
MetaChat,"receptor,transporter",Bcat1,Grik1
MetaChat,"receptor,transporter",Cad,Grik1
MetaChat,"receptor,transporter",Ctps2,Grik1
MetaChat,"receptor,transporter",Ftcd,Grik1
MetaChat,"receptor,transporter",Gfpt1,Grik1
MetaChat,"receptor,transporter",Gfpt2,Grik1
MetaChat,"receptor,transporter",Ggh,Grik1
MetaChat,"receptor,transporter",Ggt1,Grik1
MetaChat,"receptor,transporter",Ggt5,Grik1
MetaChat,"receptor,transporter",Ggt6,Grik1
MetaChat,"receptor,transporter",Ggt7,Grik1
MetaChat,"receptor,transporter",Gmps,Grik1
MetaChat,"receptor,transporter",Got1,Grik1
MetaChat,"receptor,transporter",Gpt,Grik1
MetaChat,"receptor,transporter",Gpt2,Grik1
MetaChat,"receptor,transporter",Kyat1,Grik1
MetaChat,"receptor,transporter",Nadsyn1,Grik1
MetaChat,"receptor,transporter",Oplah,Grik1
MetaChat,"receptor,transporter",Pfas,Grik1
MetaChat,"receptor,transporter",Ppat,Grik1
MetaChat,"receptor,transporter",Tat,Grik1
MetaChat,"receptor,transporter",Aadat,Grik2
MetaChat,"receptor,transporter",Asns,Grik2
MetaChat,"receptor,transporter",Bcat1,Grik2
MetaChat,"receptor,transporter",Cad,Grik2
MetaChat,"receptor,transporter",Ctps2,Grik2
MetaChat,"receptor,transporter",Ftcd,Grik2
MetaChat,"receptor,transporter",Gfpt1,Grik2
MetaChat,"receptor,transporter",Gfpt2,Grik2
MetaChat,"receptor,transporter",Ggh,Grik2
MetaChat,"receptor,transporter",Ggt1,Grik2
MetaChat,"receptor,transporter",Ggt5,Grik2
MetaChat,"receptor,transporter",Ggt6,Grik2
MetaChat,"receptor,transporter",Ggt7,Grik2
MetaChat,"receptor,transporter",Gmps,Grik2
MetaChat,"receptor,transporter",Got1,Grik2
MetaChat,"receptor,transporter",Gpt,Grik2
MetaChat,"receptor,transporter",Gpt2,Grik2
MetaChat,"receptor,transporter",Kyat1,Grik2
MetaChat,"receptor,transporter",Nadsyn1,Grik2
MetaChat,"receptor,transporter",Oplah,Grik2
MetaChat,"receptor,transporter",Pfas,Grik2
MetaChat,"receptor,transporter",Ppat,Grik2
MetaChat,"receptor,transporter",Tat,Grik2
MetaChat,"receptor,transporter",Aadat,Grik3
MetaChat,"receptor,transporter",Asns,Grik3
MetaChat,"receptor,transporter",Bcat1,Grik3
MetaChat,"receptor,transporter",Cad,Grik3
MetaChat,"receptor,transporter",Ctps2,Grik3
MetaChat,"receptor,transporter",Ftcd,Grik3
MetaChat,"receptor,transporter",Gfpt1,Grik3
MetaChat,"receptor,transporter",Gfpt2,Grik3
MetaChat,"receptor,transporter",Ggh,Grik3
MetaChat,"receptor,transporter",Ggt1,Grik3
MetaChat,"receptor,transporter",Ggt5,Grik3
MetaChat,"receptor,transporter",Ggt6,Grik3
MetaChat,"receptor,transporter",Ggt7,Grik3
MetaChat,"receptor,transporter",Gmps,Grik3
MetaChat,"receptor,transporter",Got1,Grik3
MetaChat,"receptor,transporter",Gpt,Grik3
MetaChat,"receptor,transporter",Gpt2,Grik3
MetaChat,"receptor,transporter",Kyat1,Grik3
MetaChat,"receptor,transporter",Nadsyn1,Grik3
MetaChat,"receptor,transporter",Oplah,Grik3
MetaChat,"receptor,transporter",Pfas,Grik3
MetaChat,"receptor,transporter",Ppat,Grik3
MetaChat,"receptor,transporter",Tat,Grik3
MetaChat,"receptor,transporter",Aadat,Grik4
MetaChat,"receptor,transporter",Asns,Grik4
MetaChat,"receptor,transporter",Bcat1,Grik4
MetaChat,"receptor,transporter",Cad,Grik4
MetaChat,"receptor,transporter",Ctps2,Grik4
MetaChat,"receptor,transporter",Ftcd,Grik4
MetaChat,"receptor,transporter",Gfpt1,Grik4
MetaChat,"receptor,transporter",Gfpt2,Grik4
MetaChat,"receptor,transporter",Ggh,Grik4
MetaChat,"receptor,transporter",Ggt1,Grik4
MetaChat,"receptor,transporter",Ggt5,Grik4
MetaChat,"receptor,transporter",Ggt6,Grik4
MetaChat,"receptor,transporter",Ggt7,Grik4
MetaChat,"receptor,transporter",Gmps,Grik4
MetaChat,"receptor,transporter",Got1,Grik4
MetaChat,"receptor,transporter",Gpt,Grik4
MetaChat,"receptor,transporter",Gpt2,Grik4
MetaChat,"receptor,transporter",Kyat1,Grik4
MetaChat,"receptor,transporter",Nadsyn1,Grik4
MetaChat,"receptor,transporter",Oplah,Grik4
MetaChat,"receptor,transporter",Pfas,Grik4
MetaChat,"receptor,transporter",Ppat,Grik4
MetaChat,"receptor,transporter",Tat,Grik4
MetaChat,"receptor,transporter",Aadat,Grik5
MetaChat,"receptor,transporter",Asns,Grik5
MetaChat,"receptor,transporter",Bcat1,Grik5
MetaChat,"receptor,transporter",Cad,Grik5
MetaChat,"receptor,transporter",Ctps2,Grik5
MetaChat,"receptor,transporter",Ftcd,Grik5
MetaChat,"receptor,transporter",Gfpt1,Grik5
MetaChat,"receptor,transporter",Gfpt2,Grik5
MetaChat,"receptor,transporter",Ggh,Grik5
MetaChat,"receptor,transporter",Ggt1,Grik5
MetaChat,"receptor,transporter",Ggt5,Grik5
MetaChat,"receptor,transporter",Ggt6,Grik5
MetaChat,"receptor,transporter",Ggt7,Grik5
MetaChat,"receptor,transporter",Gmps,Grik5
MetaChat,"receptor,transporter",Got1,Grik5
MetaChat,"receptor,transporter",Gpt,Grik5
MetaChat,"receptor,transporter",Gpt2,Grik5
MetaChat,"receptor,transporter",Kyat1,Grik5
MetaChat,"receptor,transporter",Nadsyn1,Grik5
MetaChat,"receptor,transporter",Oplah,Grik5
MetaChat,"receptor,transporter",Pfas,Grik5
MetaChat,"receptor,transporter",Ppat,Grik5
MetaChat,"receptor,transporter",Tat,Grik5
MetaChat,"receptor,transporter",Nan,Grin1
MetaChat,"receptor,transporter",Aadat,Grin1
MetaChat,"receptor,transporter",Asns,Grin1
MetaChat,"receptor,transporter",Bcat1,Grin1
MetaChat,"receptor,transporter",Cad,Grin1
MetaChat,"receptor,transporter",Ctps2,Grin1
MetaChat,"receptor,transporter",Ftcd,Grin1
MetaChat,"receptor,transporter",Gfpt1,Grin1
MetaChat,"receptor,transporter",Gfpt2,Grin1
MetaChat,"receptor,transporter",Ggh,Grin1
MetaChat,"receptor,transporter",Ggt1,Grin1
MetaChat,"receptor,transporter",Ggt5,Grin1
MetaChat,"receptor,transporter",Ggt6,Grin1
MetaChat,"receptor,transporter",Ggt7,Grin1
MetaChat,"receptor,transporter",Gmps,Grin1
MetaChat,"receptor,transporter",Got1,Grin1
MetaChat,"receptor,transporter",Gpt,Grin1
MetaChat,"receptor,transporter",Gpt2,Grin1
MetaChat,"receptor,transporter",Kyat1,Grin1
MetaChat,"receptor,transporter",Nadsyn1,Grin1
MetaChat,"receptor,transporter",Oplah,Grin1
MetaChat,"receptor,transporter",Pfas,Grin1
MetaChat,"receptor,transporter",Ppat,Grin1
MetaChat,"receptor,transporter",Tat,Grin1
MetaChat,"receptor,transporter",Anpep,Grin1
MetaChat,"receptor,transporter",Cndp1,Grin1
MetaChat,"receptor,transporter",Cndp2,Grin1
MetaChat,"receptor,transporter",Dpep1,Grin1
MetaChat,"receptor,transporter",Pepd,Grin1
MetaChat,"receptor,transporter",Shmt1,Grin1
MetaChat,"receptor,transporter",Tpp1,Grin1
MetaChat,"receptor,transporter",Aadat,Grin2a
MetaChat,"receptor,transporter",Asns,Grin2a
MetaChat,"receptor,transporter",Bcat1,Grin2a
MetaChat,"receptor,transporter",Cad,Grin2a
MetaChat,"receptor,transporter",Ctps2,Grin2a
MetaChat,"receptor,transporter",Ftcd,Grin2a
MetaChat,"receptor,transporter",Gfpt1,Grin2a
MetaChat,"receptor,transporter",Gfpt2,Grin2a
MetaChat,"receptor,transporter",Ggh,Grin2a
MetaChat,"receptor,transporter",Ggt1,Grin2a
MetaChat,"receptor,transporter",Ggt5,Grin2a
MetaChat,"receptor,transporter",Ggt6,Grin2a
MetaChat,"receptor,transporter",Ggt7,Grin2a
MetaChat,"receptor,transporter",Gmps,Grin2a
MetaChat,"receptor,transporter",Got1,Grin2a
MetaChat,"receptor,transporter",Gpt,Grin2a
MetaChat,"receptor,transporter",Gpt2,Grin2a
MetaChat,"receptor,transporter",Kyat1,Grin2a
MetaChat,"receptor,transporter",Nadsyn1,Grin2a
MetaChat,"receptor,transporter",Oplah,Grin2a
MetaChat,"receptor,transporter",Pfas,Grin2a
MetaChat,"receptor,transporter",Ppat,Grin2a
MetaChat,"receptor,transporter",Tat,Grin2a
MetaChat,"receptor,transporter",Anpep,Grin2a
MetaChat,"receptor,transporter",Cndp1,Grin2a
MetaChat,"receptor,transporter",Cndp2,Grin2a
MetaChat,"receptor,transporter",Dpep1,Grin2a
MetaChat,"receptor,transporter",Pepd,Grin2a
MetaChat,"receptor,transporter",Shmt1,Grin2a
MetaChat,"receptor,transporter",Tpp1,Grin2a
MetaChat,"receptor,transporter",Nan,Grin2a
MetaChat,"receptor,transporter",Sms,Grin2b
MetaChat,"receptor,transporter",Srm,Grin2b
MetaChat,"receptor,transporter",Aadat,Grin2b
MetaChat,"receptor,transporter",Asns,Grin2b
MetaChat,"receptor,transporter",Bcat1,Grin2b
MetaChat,"receptor,transporter",Cad,Grin2b
MetaChat,"receptor,transporter",Ctps2,Grin2b
MetaChat,"receptor,transporter",Ftcd,Grin2b
MetaChat,"receptor,transporter",Gfpt1,Grin2b
MetaChat,"receptor,transporter",Gfpt2,Grin2b
MetaChat,"receptor,transporter",Ggh,Grin2b
MetaChat,"receptor,transporter",Ggt1,Grin2b
MetaChat,"receptor,transporter",Ggt5,Grin2b
MetaChat,"receptor,transporter",Ggt6,Grin2b
MetaChat,"receptor,transporter",Ggt7,Grin2b
MetaChat,"receptor,transporter",Gmps,Grin2b
MetaChat,"receptor,transporter",Got1,Grin2b
MetaChat,"receptor,transporter",Gpt,Grin2b
MetaChat,"receptor,transporter",Gpt2,Grin2b
MetaChat,"receptor,transporter",Kyat1,Grin2b
MetaChat,"receptor,transporter",Nadsyn1,Grin2b
MetaChat,"receptor,transporter",Oplah,Grin2b
MetaChat,"receptor,transporter",Pfas,Grin2b
MetaChat,"receptor,transporter",Ppat,Grin2b
MetaChat,"receptor,transporter",Tat,Grin2b
MetaChat,"receptor,transporter",Aadat,Grin2d
MetaChat,"receptor,transporter",Asns,Grin2d
MetaChat,"receptor,transporter",Bcat1,Grin2d
MetaChat,"receptor,transporter",Cad,Grin2d
MetaChat,"receptor,transporter",Ctps2,Grin2d
MetaChat,"receptor,transporter",Ftcd,Grin2d
MetaChat,"receptor,transporter",Gfpt1,Grin2d
MetaChat,"receptor,transporter",Gfpt2,Grin2d
MetaChat,"receptor,transporter",Ggh,Grin2d
MetaChat,"receptor,transporter",Ggt1,Grin2d
MetaChat,"receptor,transporter",Ggt5,Grin2d
MetaChat,"receptor,transporter",Ggt6,Grin2d
MetaChat,"receptor,transporter",Ggt7,Grin2d
MetaChat,"receptor,transporter",Gmps,Grin2d
MetaChat,"receptor,transporter",Got1,Grin2d
MetaChat,"receptor,transporter",Gpt,Grin2d
MetaChat,"receptor,transporter",Gpt2,Grin2d
MetaChat,"receptor,transporter",Kyat1,Grin2d
MetaChat,"receptor,transporter",Nadsyn1,Grin2d
MetaChat,"receptor,transporter",Oplah,Grin2d
MetaChat,"receptor,transporter",Pfas,Grin2d
MetaChat,"receptor,transporter",Ppat,Grin2d
MetaChat,"receptor,transporter",Tat,Grin2d
MetaChat,"receptor,transporter",Aadat,Grin3a
MetaChat,"receptor,transporter",Asns,Grin3a
MetaChat,"receptor,transporter",Bcat1,Grin3a
MetaChat,"receptor,transporter",Cad,Grin3a
MetaChat,"receptor,transporter",Ctps2,Grin3a
MetaChat,"receptor,transporter",Ftcd,Grin3a
MetaChat,"receptor,transporter",Gfpt1,Grin3a
MetaChat,"receptor,transporter",Gfpt2,Grin3a
MetaChat,"receptor,transporter",Ggh,Grin3a
MetaChat,"receptor,transporter",Ggt1,Grin3a
MetaChat,"receptor,transporter",Ggt5,Grin3a
MetaChat,"receptor,transporter",Ggt6,Grin3a
MetaChat,"receptor,transporter",Ggt7,Grin3a
MetaChat,"receptor,transporter",Gmps,Grin3a
MetaChat,"receptor,transporter",Got1,Grin3a
MetaChat,"receptor,transporter",Gpt,Grin3a
MetaChat,"receptor,transporter",Gpt2,Grin3a
MetaChat,"receptor,transporter",Kyat1,Grin3a
MetaChat,"receptor,transporter",Nadsyn1,Grin3a
MetaChat,"receptor,transporter",Oplah,Grin3a
MetaChat,"receptor,transporter",Pfas,Grin3a
MetaChat,"receptor,transporter",Ppat,Grin3a
MetaChat,"receptor,transporter",Tat,Grin3a
MetaChat,receptor,Aadat,Grm1
MetaChat,receptor,Asns,Grm1
MetaChat,receptor,Bcat1,Grm1
MetaChat,receptor,Cad,Grm1
MetaChat,receptor,Ctps2,Grm1
MetaChat,receptor,Ftcd,Grm1
MetaChat,receptor,Gfpt1,Grm1
MetaChat,receptor,Gfpt2,Grm1
MetaChat,receptor,Ggh,Grm1
MetaChat,receptor,Ggt1,Grm1
MetaChat,receptor,Ggt5,Grm1
MetaChat,receptor,Ggt6,Grm1
MetaChat,receptor,Ggt7,Grm1
MetaChat,receptor,Gmps,Grm1
MetaChat,receptor,Got1,Grm1
MetaChat,receptor,Gpt,Grm1
MetaChat,receptor,Gpt2,Grm1
MetaChat,receptor,Kyat1,Grm1
MetaChat,receptor,Nadsyn1,Grm1
MetaChat,receptor,Oplah,Grm1
MetaChat,receptor,Pfas,Grm1
MetaChat,receptor,Ppat,Grm1
MetaChat,receptor,Tat,Grm1
MetaChat,receptor,Aadat,Grm2
MetaChat,receptor,Asns,Grm2
MetaChat,receptor,Bcat1,Grm2
MetaChat,receptor,Cad,Grm2
MetaChat,receptor,Ctps2,Grm2
MetaChat,receptor,Ftcd,Grm2
MetaChat,receptor,Gfpt1,Grm2
MetaChat,receptor,Gfpt2,Grm2
MetaChat,receptor,Ggh,Grm2
MetaChat,receptor,Ggt1,Grm2
MetaChat,receptor,Ggt5,Grm2
MetaChat,receptor,Ggt6,Grm2
MetaChat,receptor,Ggt7,Grm2
MetaChat,receptor,Gmps,Grm2
MetaChat,receptor,Got1,Grm2
MetaChat,receptor,Gpt,Grm2
MetaChat,receptor,Gpt2,Grm2
MetaChat,receptor,Kyat1,Grm2
MetaChat,receptor,Nadsyn1,Grm2
MetaChat,receptor,Oplah,Grm2
MetaChat,receptor,Pfas,Grm2
MetaChat,receptor,Ppat,Grm2
MetaChat,receptor,Tat,Grm2
MetaChat,receptor,Aadat,Grm3
MetaChat,receptor,Asns,Grm3
MetaChat,receptor,Bcat1,Grm3
MetaChat,receptor,Cad,Grm3
MetaChat,receptor,Ctps2,Grm3
MetaChat,receptor,Ftcd,Grm3
MetaChat,receptor,Gfpt1,Grm3
MetaChat,receptor,Gfpt2,Grm3
MetaChat,receptor,Ggh,Grm3
MetaChat,receptor,Ggt1,Grm3
MetaChat,receptor,Ggt5,Grm3
MetaChat,receptor,Ggt6,Grm3
MetaChat,receptor,Ggt7,Grm3
MetaChat,receptor,Gmps,Grm3
MetaChat,receptor,Got1,Grm3
MetaChat,receptor,Gpt,Grm3
MetaChat,receptor,Gpt2,Grm3
MetaChat,receptor,Kyat1,Grm3
MetaChat,receptor,Nadsyn1,Grm3
MetaChat,receptor,Oplah,Grm3
MetaChat,receptor,Pfas,Grm3
MetaChat,receptor,Ppat,Grm3
MetaChat,receptor,Tat,Grm3
MetaChat,receptor,Nan,Grm3
MetaChat,receptor,Aadat,Grm4
MetaChat,receptor,Asns,Grm4
MetaChat,receptor,Bcat1,Grm4
MetaChat,receptor,Cad,Grm4
MetaChat,receptor,Ctps2,Grm4
MetaChat,receptor,Ftcd,Grm4
MetaChat,receptor,Gfpt1,Grm4
MetaChat,receptor,Gfpt2,Grm4
MetaChat,receptor,Ggh,Grm4
MetaChat,receptor,Ggt1,Grm4
MetaChat,receptor,Ggt5,Grm4
MetaChat,receptor,Ggt6,Grm4
MetaChat,receptor,Ggt7,Grm4
MetaChat,receptor,Gmps,Grm4
MetaChat,receptor,Got1,Grm4
MetaChat,receptor,Gpt,Grm4
MetaChat,receptor,Gpt2,Grm4
MetaChat,receptor,Kyat1,Grm4
MetaChat,receptor,Nadsyn1,Grm4
MetaChat,receptor,Oplah,Grm4
MetaChat,receptor,Pfas,Grm4
MetaChat,receptor,Ppat,Grm4
MetaChat,receptor,Tat,Grm4
MetaChat,receptor,Aadat,Grm5
MetaChat,receptor,Asns,Grm5
MetaChat,receptor,Bcat1,Grm5
MetaChat,receptor,Cad,Grm5
MetaChat,receptor,Ctps2,Grm5
MetaChat,receptor,Ftcd,Grm5
MetaChat,receptor,Gfpt1,Grm5
MetaChat,receptor,Gfpt2,Grm5
MetaChat,receptor,Ggh,Grm5
MetaChat,receptor,Ggt1,Grm5
MetaChat,receptor,Ggt5,Grm5
MetaChat,receptor,Ggt6,Grm5
MetaChat,receptor,Ggt7,Grm5
MetaChat,receptor,Gmps,Grm5
MetaChat,receptor,Got1,Grm5
MetaChat,receptor,Gpt,Grm5
MetaChat,receptor,Gpt2,Grm5
MetaChat,receptor,Kyat1,Grm5
MetaChat,receptor,Nadsyn1,Grm5
MetaChat,receptor,Oplah,Grm5
MetaChat,receptor,Pfas,Grm5
MetaChat,receptor,Ppat,Grm5
MetaChat,receptor,Tat,Grm5
MetaChat,receptor,Aadat,Grm6
MetaChat,receptor,Asns,Grm6
MetaChat,receptor,Bcat1,Grm6
MetaChat,receptor,Cad,Grm6
MetaChat,receptor,Ctps2,Grm6
MetaChat,receptor,Ftcd,Grm6
MetaChat,receptor,Gfpt1,Grm6
MetaChat,receptor,Gfpt2,Grm6
MetaChat,receptor,Ggh,Grm6
MetaChat,receptor,Ggt1,Grm6
MetaChat,receptor,Ggt5,Grm6
MetaChat,receptor,Ggt6,Grm6
MetaChat,receptor,Ggt7,Grm6
MetaChat,receptor,Gmps,Grm6
MetaChat,receptor,Got1,Grm6
MetaChat,receptor,Gpt,Grm6
MetaChat,receptor,Gpt2,Grm6
MetaChat,receptor,Kyat1,Grm6
MetaChat,receptor,Nadsyn1,Grm6
MetaChat,receptor,Oplah,Grm6
MetaChat,receptor,Pfas,Grm6
MetaChat,receptor,Ppat,Grm6
MetaChat,receptor,Tat,Grm6
MetaChat,receptor,Aadat,Grm7
MetaChat,receptor,Asns,Grm7
MetaChat,receptor,Bcat1,Grm7
MetaChat,receptor,Cad,Grm7
MetaChat,receptor,Ctps2,Grm7
MetaChat,receptor,Ftcd,Grm7
MetaChat,receptor,Gfpt1,Grm7
MetaChat,receptor,Gfpt2,Grm7
MetaChat,receptor,Ggh,Grm7
MetaChat,receptor,Ggt1,Grm7
MetaChat,receptor,Ggt5,Grm7
MetaChat,receptor,Ggt6,Grm7
MetaChat,receptor,Ggt7,Grm7
MetaChat,receptor,Gmps,Grm7
MetaChat,receptor,Got1,Grm7
MetaChat,receptor,Gpt,Grm7
MetaChat,receptor,Gpt2,Grm7
MetaChat,receptor,Kyat1,Grm7
MetaChat,receptor,Nadsyn1,Grm7
MetaChat,receptor,Oplah,Grm7
MetaChat,receptor,Pfas,Grm7
MetaChat,receptor,Ppat,Grm7
MetaChat,receptor,Tat,Grm7
MetaChat,receptor,Aadat,Grm8
MetaChat,receptor,Asns,Grm8
MetaChat,receptor,Bcat1,Grm8
MetaChat,receptor,Cad,Grm8
MetaChat,receptor,Ctps2,Grm8
MetaChat,receptor,Ftcd,Grm8
MetaChat,receptor,Gfpt1,Grm8
MetaChat,receptor,Gfpt2,Grm8
MetaChat,receptor,Ggh,Grm8
MetaChat,receptor,Ggt1,Grm8
MetaChat,receptor,Ggt5,Grm8
MetaChat,receptor,Ggt6,Grm8
MetaChat,receptor,Ggt7,Grm8
MetaChat,receptor,Gmps,Grm8
MetaChat,receptor,Got1,Grm8
MetaChat,receptor,Gpt,Grm8
MetaChat,receptor,Gpt2,Grm8
MetaChat,receptor,Kyat1,Grm8
MetaChat,receptor,Nadsyn1,Grm8
MetaChat,receptor,Oplah,Grm8
MetaChat,receptor,Pfas,Grm8
MetaChat,receptor,Ppat,Grm8
MetaChat,receptor,Tat,Grm8
MetaChat,receptor,Aldh1a2,Hcar1
MetaChat,receptor,Aldh1a3,Hcar1
MetaChat,receptor,Aldh1a7,Hcar1
MetaChat,receptor,Aldh3a1,Hcar1
MetaChat,receptor,Aldh3a2,Hcar1
MetaChat,receptor,Aldh3b1,Hcar1
MetaChat,receptor,Aldh7a1,Hcar1
MetaChat,receptor,Aldh9a1,Hcar1
MetaChat,receptor,Hagh,Hcar1
MetaChat,receptor,Haghl,Hcar1
MetaChat,receptor,Nan,Hcar2
MetaChat,receptor,Naprt,Hcar2
MetaChat,receptor,Qprt,Hcar2
MetaChat,transporter,Adcy1,Hcn3
MetaChat,transporter,Adcy10,Hcn3
MetaChat,transporter,Adcy2,Hcn3
MetaChat,transporter,Adcy3,Hcn3
MetaChat,transporter,Adcy4,Hcn3
MetaChat,transporter,Adcy5,Hcn3
MetaChat,transporter,Adcy6,Hcn3
MetaChat,transporter,Adcy7,Hcn3
MetaChat,transporter,Adcy8,Hcn3
MetaChat,transporter,Adcy9,Hcn3
MetaChat,transporter,Gucy1a2,Hcn4
MetaChat,transporter,Gucy2c,Hcn4
MetaChat,transporter,Gucy2f,Hcn4
MetaChat,transporter,Npr1,Hcn4
MetaChat,transporter,Npr2,Hcn4
MetaChat,transporter,Adcy1,Hcn4
MetaChat,transporter,Adcy10,Hcn4
MetaChat,transporter,Adcy2,Hcn4
MetaChat,transporter,Adcy3,Hcn4
MetaChat,transporter,Adcy4,Hcn4
MetaChat,transporter,Adcy5,Hcn4
MetaChat,transporter,Adcy6,Hcn4
MetaChat,transporter,Adcy7,Hcn4
MetaChat,transporter,Adcy8,Hcn4
MetaChat,transporter,Adcy9,Hcn4
MetaChat,transporter,Mtap,Hnrnpa2b1
MetaChat,receptor,Ddc,Hrh1
MetaChat,receptor,Hdc,Hrh1
MetaChat,receptor,Ddc,Hrh2
MetaChat,receptor,Hdc,Hrh2
MetaChat,receptor,Nan,Hrh2
MetaChat,receptor,Ddc,Hrh3
MetaChat,receptor,Hdc,Hrh3
MetaChat,receptor,Ddc,Hrh4
MetaChat,receptor,Hdc,Hrh4
MetaChat,receptor,Nan,Htr1a
MetaChat,receptor,Ddc,Htr1a
MetaChat,receptor,Ddc,Htr1b
MetaChat,receptor,Ddc,Htr1f
MetaChat,receptor,Ddc,Htr2a
MetaChat,receptor,Nan,Htr2a
MetaChat,receptor,Ddc,Htr2b
MetaChat,receptor,Ddc,Htr2c
MetaChat,"receptor,transporter",Ddc,Htr3a
MetaChat,"receptor,transporter",Ddc,Htr3b
MetaChat,receptor,Ddc,Htr4
MetaChat,receptor,Ddc,Htr5a
MetaChat,receptor,Ddc,Htr6
MetaChat,receptor,Ddc,Htr7
MetaChat,receptor,Aldh1a2,Igf1r
MetaChat,receptor,Aldh1a3,Igf1r
MetaChat,receptor,Aldh1a7,Igf1r
MetaChat,receptor,Aldh3a1,Igf1r
MetaChat,receptor,Aldh3a2,Igf1r
MetaChat,receptor,Aldh3b1,Igf1r
MetaChat,receptor,Aldh7a1,Igf1r
MetaChat,receptor,Aldh9a1,Igf1r
MetaChat,receptor,Hibch,Itga2b
MetaChat,transporter,Nudt2,Kcnj11
MetaChat,transporter,Pklr,Kcnj11
MetaChat,transporter,Pkm,Kcnj11
MetaChat,transporter,Rrm1,Kcnj11
MetaChat,transporter,Rrm2,Kcnj11
MetaChat,transporter,Rrm2b,Kcnj11
MetaChat,transporter,Nan,Kcnk2
MetaChat,transporter,Nan,Kcnk4
MetaChat,transporter,Nan,Kcnma1
MetaChat,transporter,Nan,Kcnt1
MetaChat,"receptor,transporter",Nan,Ldlr
MetaChat,receptor,Nan,Lpar1
MetaChat,receptor,Nan,Lpar2
MetaChat,receptor,Nan,Lpar3
MetaChat,receptor,Nan,Lpar4
MetaChat,receptor,Nan,Lpar5
MetaChat,receptor,Nan,Lpar6
MetaChat,receptor,Nan,Lrp1
MetaChat,"receptor,transporter",Nan,Lrp2
MetaChat,transporter,Nan,Lrrc8d
MetaChat,transporter,Aldh9a1,Lrrc8d
MetaChat,transporter,Gad1,Lrrc8d
MetaChat,transporter,Gad2,Lrrc8d
MetaChat,transporter,Impa1,Lrrc8d
MetaChat,transporter,Impa2,Lrrc8d
MetaChat,transporter,Mtmr1,Lrrc8d
MetaChat,transporter,Mtmr2,Lrrc8d
MetaChat,transporter,Pld2,Lrrc8d
MetaChat,transporter,Acy3,Lrrc8d
MetaChat,transporter,Aspa,Lrrc8d
MetaChat,transporter,Aspg,Lrrc8d
MetaChat,transporter,Aadat,Lrrc8d
MetaChat,transporter,Asns,Lrrc8d
MetaChat,transporter,Bcat1,Lrrc8d
MetaChat,transporter,Cad,Lrrc8d
MetaChat,transporter,Ctps2,Lrrc8d
MetaChat,transporter,Ftcd,Lrrc8d
MetaChat,transporter,Gfpt1,Lrrc8d
MetaChat,transporter,Gfpt2,Lrrc8d
MetaChat,transporter,Ggh,Lrrc8d
MetaChat,transporter,Ggt1,Lrrc8d
MetaChat,transporter,Ggt5,Lrrc8d
MetaChat,transporter,Ggt6,Lrrc8d
MetaChat,transporter,Ggt7,Lrrc8d
MetaChat,transporter,Gmps,Lrrc8d
MetaChat,transporter,Got1,Lrrc8d
MetaChat,transporter,Gpt,Lrrc8d
MetaChat,transporter,Gpt2,Lrrc8d
MetaChat,transporter,Kyat1,Lrrc8d
MetaChat,transporter,Nadsyn1,Lrrc8d
MetaChat,transporter,Oplah,Lrrc8d
MetaChat,transporter,Pfas,Lrrc8d
MetaChat,transporter,Ppat,Lrrc8d
MetaChat,transporter,Tat,Lrrc8d
MetaChat,transporter,Acy3,Lrrc8e
MetaChat,transporter,Aspa,Lrrc8e
MetaChat,transporter,Aspg,Lrrc8e
MetaChat,receptor,Nan,Lsr
MetaChat,receptor,Alox12,Ltb4r2
MetaChat,receptor,Lta4h,Ltb4r2
MetaChat,receptor,Nan,Ltb4r2
MetaChat,transporter,Anpep,Mfsd12
MetaChat,transporter,Cbs,Mfsd12
MetaChat,transporter,Cth,Mfsd12
MetaChat,transporter,Ggct,Mfsd12
MetaChat,transporter,Nan,Mfsd2a
MetaChat,receptor,Acot1,Mrgpra1
MetaChat,receptor,Acot6,Mrgpra1
MetaChat,receptor,Acot8,Mrgpra1
MetaChat,receptor,Baat,Mrgpra1
MetaChat,receptor,Aldh1a2,Mrgprd
MetaChat,receptor,Aldh1a7,Mrgprd
MetaChat,receptor,Aldh3a2,Mrgprd
MetaChat,receptor,Aldh7a1,Mrgprd
MetaChat,receptor,Aldh9a1,Mrgprd
MetaChat,receptor,Cndp1,Mrgprd
MetaChat,receptor,Cndp2,Mrgprd
MetaChat,receptor,Gad1,Mrgprd
MetaChat,receptor,Upb1,Mrgprd
MetaChat,receptor,Asmt,Mtnr1a
MetaChat,receptor,Asmt,Mtnr1b
MetaChat,transporter,Nan,Ndufb8
MetaChat,transporter,Nan,Npc1l1
MetaChat,receptor,Nos1,Npr1
MetaChat,receptor,Nos2,Npr1
MetaChat,receptor,Nos3,Npr1
MetaChat,receptor,Nan,Nr1d1
MetaChat,receptor,Nan,Nr1d2
MetaChat,receptor,Nan,Nr1h2
MetaChat,receptor,Nan,Nr1h3
MetaChat,receptor,Baat,Nr1h4
MetaChat,receptor,Nan,Nr1h4
MetaChat,receptor,Acot1,Nr1h4
MetaChat,receptor,Acot6,Nr1h4
MetaChat,receptor,Acot1,Nr1i2
MetaChat,receptor,Acot6,Nr1i2
MetaChat,receptor,Acot8,Nr1i2
MetaChat,receptor,Baat,Nr1i2
MetaChat,receptor,Nan,Nr1i2
MetaChat,receptor,Olah,Nr2e1
MetaChat,receptor,Nan,Nr2f2
MetaChat,receptor,Nan,Nr3c1
MetaChat,receptor,Nan,Nr3c2
MetaChat,receptor,Nan,Nr4a2
MetaChat,receptor,Smpd2,Nr5a1
MetaChat,receptor,Nan,Opn3
MetaChat,receptor,Nan,Oprd1
MetaChat,receptor,Nan,Oprm1
MetaChat,receptor,Ddc,Or13a1
MetaChat,receptor,Nan,Or51e1
MetaChat,receptor,Nan,Or51e2
MetaChat,receptor,Acot12,Or51e2
MetaChat,receptor,Acy1,Or51e2
MetaChat,receptor,Acy3,Or51e2
MetaChat,receptor,Aldh1a2,Or51e2
MetaChat,receptor,Aldh1a3,Or51e2
MetaChat,receptor,Aldh1a7,Or51e2
MetaChat,receptor,Aldh1b1,Or51e2
MetaChat,receptor,Aldh3a1,Or51e2
MetaChat,receptor,Aldh3a2,Or51e2
MetaChat,receptor,Aldh3b1,Or51e2
MetaChat,receptor,Aldh7a1,Or51e2
MetaChat,receptor,Aldh9a1,Or51e2
MetaChat,receptor,Amdhd2,Or51e2
MetaChat,receptor,Aspa,Or51e2
MetaChat,receptor,Clybl,Or51e2
MetaChat,receptor,Pafah1b1,Or51e2
MetaChat,receptor,Pafah1b2,Or51e2
MetaChat,receptor,Pafah1b3,Or51e2
MetaChat,receptor,Pafah2,Or51e2
MetaChat,receptor,Pigl,Or51e2
MetaChat,receptor,Nan,Or51i1
MetaChat,receptor,Nan,Or51i2
MetaChat,receptor,Nan,Or52n2c
MetaChat,transporter,Nan,Orai1
MetaChat,transporter,Nan,Osbpl2
MetaChat,transporter,Nan,Osbpl6
MetaChat,transporter,Nan,Osbpl9
MetaChat,receptor,Nan,Oxgr1
MetaChat,receptor,Idh1,Oxgr1
MetaChat,receptor,Nit2,Oxgr1
MetaChat,receptor,Psat1,Oxgr1
MetaChat,"receptor,transporter",Nudt2,P2rx1
MetaChat,"receptor,transporter",Pklr,P2rx1
MetaChat,"receptor,transporter",Pkm,P2rx1
MetaChat,"receptor,transporter",Rrm1,P2rx1
MetaChat,"receptor,transporter",Rrm2,P2rx1
MetaChat,"receptor,transporter",Rrm2b,P2rx1
MetaChat,"receptor,transporter",Nudt2,P2rx2
MetaChat,"receptor,transporter",Pklr,P2rx2
MetaChat,"receptor,transporter",Pkm,P2rx2
MetaChat,"receptor,transporter",Rrm1,P2rx2
MetaChat,"receptor,transporter",Rrm2,P2rx2
MetaChat,"receptor,transporter",Rrm2b,P2rx2
MetaChat,"receptor,transporter",Nudt2,P2rx3
MetaChat,"receptor,transporter",Pklr,P2rx3
MetaChat,"receptor,transporter",Pkm,P2rx3
MetaChat,"receptor,transporter",Rrm1,P2rx3
MetaChat,"receptor,transporter",Rrm2,P2rx3
MetaChat,"receptor,transporter",Rrm2b,P2rx3
MetaChat,"receptor,transporter",Nudt2,P2rx4
MetaChat,"receptor,transporter",Pklr,P2rx4
MetaChat,"receptor,transporter",Pkm,P2rx4
MetaChat,"receptor,transporter",Rrm1,P2rx4
MetaChat,"receptor,transporter",Rrm2,P2rx4
MetaChat,"receptor,transporter",Rrm2b,P2rx4
MetaChat,"receptor,transporter",Nudt2,P2rx5
MetaChat,"receptor,transporter",Pklr,P2rx5
MetaChat,"receptor,transporter",Pkm,P2rx5
MetaChat,"receptor,transporter",Rrm1,P2rx5
MetaChat,"receptor,transporter",Rrm2,P2rx5
MetaChat,"receptor,transporter",Rrm2b,P2rx5
MetaChat,"receptor,transporter",Nudt2,P2rx6
MetaChat,"receptor,transporter",Pklr,P2rx6
MetaChat,"receptor,transporter",Pkm,P2rx6
MetaChat,"receptor,transporter",Rrm1,P2rx6
MetaChat,"receptor,transporter",Rrm2,P2rx6
MetaChat,"receptor,transporter",Rrm2b,P2rx6
MetaChat,"receptor,transporter",Nudt2,P2rx7
MetaChat,"receptor,transporter",Pklr,P2rx7
MetaChat,"receptor,transporter",Pkm,P2rx7
MetaChat,"receptor,transporter",Rrm1,P2rx7
MetaChat,"receptor,transporter",Rrm2,P2rx7
MetaChat,"receptor,transporter",Rrm2b,P2rx7
MetaChat,"receptor,transporter",Adh4,P2rx7
MetaChat,"receptor,transporter",Adh5,P2rx7
MetaChat,"receptor,transporter",Adh7,P2rx7
MetaChat,"receptor,transporter",Adhfe1,P2rx7
MetaChat,"receptor,transporter",Aldh3a1,P2rx7
MetaChat,"receptor,transporter",Aldh9a1,P2rx7
MetaChat,"receptor,transporter",Cbr1,P2rx7
MetaChat,"receptor,transporter",Cyb5r1,P2rx7
MetaChat,"receptor,transporter",Cyb5r2,P2rx7
MetaChat,"receptor,transporter",Cyb5r3,P2rx7
MetaChat,"receptor,transporter",Dhfr,P2rx7
MetaChat,"receptor,transporter",Fads1,P2rx7
MetaChat,"receptor,transporter",Fads2,P2rx7
MetaChat,"receptor,transporter",Ldha,P2rx7
MetaChat,"receptor,transporter",Ldhal6b,P2rx7
MetaChat,"receptor,transporter",Ldhb,P2rx7
MetaChat,"receptor,transporter",Ldhc,P2rx7
MetaChat,"receptor,transporter",Ldhd,P2rx7
MetaChat,"receptor,transporter",Nadsyn1,P2rx7
MetaChat,"receptor,transporter",Nmnat2,P2rx7
MetaChat,"receptor,transporter",Nmnat3,P2rx7
MetaChat,"receptor,transporter",Qdpr,P2rx7
MetaChat,"receptor,transporter",Txnrd1,P2rx7
MetaChat,receptor,Nudt2,P2ry1
MetaChat,receptor,Pklr,P2ry1
MetaChat,receptor,Pkm,P2ry1
MetaChat,receptor,Rrm1,P2ry1
MetaChat,receptor,Rrm2,P2ry1
MetaChat,receptor,Rrm2b,P2ry1
MetaChat,receptor,Acaca,P2ry1
MetaChat,receptor,Acacb,P2ry1
MetaChat,receptor,Acly,P2ry1
MetaChat,receptor,Acss2,P2ry1
MetaChat,receptor,Adk,P2ry1
MetaChat,receptor,Ak1,P2ry1
MetaChat,receptor,Ak2,P2ry1
MetaChat,receptor,Ak4,P2ry1
MetaChat,receptor,Ak5,P2ry1
MetaChat,receptor,Ak7,P2ry1
MetaChat,receptor,Alb,P2ry1
MetaChat,receptor,Apoa1,P2ry1
MetaChat,receptor,Apob,P2ry1
MetaChat,receptor,Apoc1,P2ry1
MetaChat,receptor,Apoc2,P2ry1
MetaChat,receptor,Apoc3,P2ry1
MetaChat,receptor,Apoe,P2ry1
MetaChat,receptor,Cad,P2ry1
MetaChat,receptor,Cerk,P2ry1
MetaChat,receptor,Chka,P2ry1
MetaChat,receptor,Chkb,P2ry1
MetaChat,receptor,Ckb,P2ry1
MetaChat,receptor,Ckm,P2ry1
MetaChat,receptor,Cmpk1,P2ry1
MetaChat,receptor,Coasy,P2ry1
MetaChat,receptor,Ctps2,P2ry1
MetaChat,receptor,Dck,P2ry1
MetaChat,receptor,Dgka,P2ry1
MetaChat,receptor,Dgkb,P2ry1
MetaChat,receptor,Dgkd,P2ry1
MetaChat,receptor,Dgke,P2ry1
MetaChat,receptor,Dgkg,P2ry1
MetaChat,receptor,Dgkh,P2ry1
MetaChat,receptor,Dgki,P2ry1
MetaChat,receptor,Dgkq,P2ry1
MetaChat,receptor,Dgkz,P2ry1
MetaChat,receptor,Dguok,P2ry1
MetaChat,receptor,Dtymk,P2ry1
MetaChat,receptor,Etnk1,P2ry1
MetaChat,receptor,Etnk2,P2ry1
MetaChat,receptor,F2,P2ry1
MetaChat,receptor,Fpgs,P2ry1
MetaChat,receptor,Galk1,P2ry1
MetaChat,receptor,Galk2,P2ry1
MetaChat,receptor,Gart,P2ry1
MetaChat,receptor,Gck,P2ry1
MetaChat,receptor,Gclc,P2ry1
MetaChat,receptor,Gclm,P2ry1
MetaChat,receptor,Gk,P2ry1
MetaChat,receptor,Gk2,P2ry1
MetaChat,receptor,Glul,P2ry1
MetaChat,receptor,Glyctk,P2ry1
MetaChat,receptor,Gne,P2ry1
MetaChat,receptor,Gss,P2ry1
MetaChat,receptor,Guk1,P2ry1
MetaChat,receptor,Hcst,P2ry1
MetaChat,receptor,Hk1,P2ry1
MetaChat,receptor,Hk2,P2ry1
MetaChat,receptor,Hk3,P2ry1
MetaChat,receptor,Hkdc1,P2ry1
MetaChat,receptor,Itpka,P2ry1
MetaChat,receptor,Itpkb,P2ry1
MetaChat,receptor,Itpkc,P2ry1
MetaChat,receptor,Khk,P2ry1
MetaChat,receptor,Lgsn,P2ry1
MetaChat,receptor,Mia3,P2ry1
MetaChat,receptor,Mthfd1,P2ry1
MetaChat,receptor,Mvd,P2ry1
MetaChat,receptor,Mvk,P2ry1
MetaChat,receptor,Nadk,P2ry1
MetaChat,receptor,Nagk,P2ry1
MetaChat,receptor,Ndufab1,P2ry1
MetaChat,receptor,Nme2,P2ry1
MetaChat,receptor,Nme3,P2ry1
MetaChat,receptor,Nme6,P2ry1
MetaChat,receptor,Nme7,P2ry1
MetaChat,receptor,Nmrk1,P2ry1
MetaChat,receptor,Oplah,P2ry1
MetaChat,receptor,Paics,P2ry1
MetaChat,receptor,Pank1,P2ry1
MetaChat,receptor,Pank2,P2ry1
MetaChat,receptor,Pank3,P2ry1
MetaChat,receptor,Pank4,P2ry1
MetaChat,receptor,Papss1,P2ry1
MetaChat,receptor,Papss2,P2ry1
MetaChat,receptor,Pdxk,P2ry1
MetaChat,receptor,Pfas,P2ry1
MetaChat,receptor,Pfkfb1,P2ry1
MetaChat,receptor,Pfkfb2,P2ry1
MetaChat,receptor,Pfkfb3,P2ry1
MetaChat,receptor,Pfkfb4,P2ry1
MetaChat,receptor,Pfkl,P2ry1
MetaChat,receptor,Pfkm,P2ry1
MetaChat,receptor,Pfkp,P2ry1
MetaChat,receptor,Pgk1,P2ry1
MetaChat,receptor,Pgk2,P2ry1
MetaChat,receptor,Pi4k2a,P2ry1
MetaChat,receptor,Pi4ka,P2ry1
MetaChat,receptor,Pi4kb,P2ry1
MetaChat,receptor,Pik3c2a,P2ry1
MetaChat,receptor,Pik3c2b,P2ry1
MetaChat,receptor,Pik3c2g,P2ry1
MetaChat,receptor,Pik3c3,P2ry1
MetaChat,receptor,Pik3ca,P2ry1
MetaChat,receptor,Pik3cb,P2ry1
MetaChat,receptor,Pik3cd,P2ry1
MetaChat,receptor,Pik3cg,P2ry1
MetaChat,receptor,Pik3r1,P2ry1
MetaChat,receptor,Pik3r2,P2ry1
MetaChat,receptor,Pik3r3,P2ry1
MetaChat,receptor,Pik3r5,P2ry1
MetaChat,receptor,Pikfyve,P2ry1
MetaChat,receptor,Pip4k2a,P2ry1
MetaChat,receptor,Pip4k2b,P2ry1
MetaChat,receptor,Pip4k2c,P2ry1
MetaChat,receptor,Pip5k1a,P2ry1
MetaChat,receptor,Pip5k1b,P2ry1
MetaChat,receptor,Pip5k1c,P2ry1
MetaChat,receptor,Plg,P2ry1
MetaChat,receptor,Pmvk,P2ry1
MetaChat,receptor,Rbks,P2ry1
MetaChat,receptor,Rfk,P2ry1
MetaChat,receptor,Sphk1,P2ry1
MetaChat,receptor,Sphk2,P2ry1
MetaChat,receptor,Tfrc,P2ry1
MetaChat,receptor,Tk1,P2ry1
MetaChat,receptor,Tk2,P2ry1
MetaChat,receptor,Txn2,P2ry1
MetaChat,receptor,Uck1,P2ry1
MetaChat,receptor,Uck2,P2ry1
MetaChat,receptor,Uckl1,P2ry1
MetaChat,receptor,Xylb,P2ry1
MetaChat,receptor,Nan,P2ry12
MetaChat,receptor,Nudt2,P2ry12
MetaChat,receptor,Pklr,P2ry12
MetaChat,receptor,Pkm,P2ry12
MetaChat,receptor,Rrm1,P2ry12
MetaChat,receptor,Rrm2,P2ry12
MetaChat,receptor,Rrm2b,P2ry12
MetaChat,receptor,Acaca,P2ry12
MetaChat,receptor,Acacb,P2ry12
MetaChat,receptor,Acly,P2ry12
MetaChat,receptor,Acss2,P2ry12
MetaChat,receptor,Adk,P2ry12
MetaChat,receptor,Ak1,P2ry12
MetaChat,receptor,Ak2,P2ry12
MetaChat,receptor,Ak4,P2ry12
MetaChat,receptor,Ak5,P2ry12
MetaChat,receptor,Ak7,P2ry12
MetaChat,receptor,Alb,P2ry12
MetaChat,receptor,Apoa1,P2ry12
MetaChat,receptor,Apob,P2ry12
MetaChat,receptor,Apoc1,P2ry12
MetaChat,receptor,Apoc2,P2ry12
MetaChat,receptor,Apoc3,P2ry12
MetaChat,receptor,Apoe,P2ry12
MetaChat,receptor,Cad,P2ry12
MetaChat,receptor,Cerk,P2ry12
MetaChat,receptor,Chka,P2ry12
MetaChat,receptor,Chkb,P2ry12
MetaChat,receptor,Ckb,P2ry12
MetaChat,receptor,Ckm,P2ry12
MetaChat,receptor,Cmpk1,P2ry12
MetaChat,receptor,Coasy,P2ry12
MetaChat,receptor,Ctps2,P2ry12
MetaChat,receptor,Dck,P2ry12
MetaChat,receptor,Dgka,P2ry12
MetaChat,receptor,Dgkb,P2ry12
MetaChat,receptor,Dgkd,P2ry12
MetaChat,receptor,Dgke,P2ry12
MetaChat,receptor,Dgkg,P2ry12
MetaChat,receptor,Dgkh,P2ry12
MetaChat,receptor,Dgki,P2ry12
MetaChat,receptor,Dgkq,P2ry12
MetaChat,receptor,Dgkz,P2ry12
MetaChat,receptor,Dguok,P2ry12
MetaChat,receptor,Dtymk,P2ry12
MetaChat,receptor,Etnk1,P2ry12
MetaChat,receptor,Etnk2,P2ry12
MetaChat,receptor,F2,P2ry12
MetaChat,receptor,Fpgs,P2ry12
MetaChat,receptor,Galk1,P2ry12
MetaChat,receptor,Galk2,P2ry12
MetaChat,receptor,Gart,P2ry12
MetaChat,receptor,Gck,P2ry12
MetaChat,receptor,Gclc,P2ry12
MetaChat,receptor,Gclm,P2ry12
MetaChat,receptor,Gk,P2ry12
MetaChat,receptor,Gk2,P2ry12
MetaChat,receptor,Glul,P2ry12
MetaChat,receptor,Glyctk,P2ry12
MetaChat,receptor,Gne,P2ry12
MetaChat,receptor,Gss,P2ry12
MetaChat,receptor,Guk1,P2ry12
MetaChat,receptor,Hcst,P2ry12
MetaChat,receptor,Hk1,P2ry12
MetaChat,receptor,Hk2,P2ry12
MetaChat,receptor,Hk3,P2ry12
MetaChat,receptor,Hkdc1,P2ry12
MetaChat,receptor,Itpka,P2ry12
MetaChat,receptor,Itpkb,P2ry12
MetaChat,receptor,Itpkc,P2ry12
MetaChat,receptor,Khk,P2ry12
MetaChat,receptor,Lgsn,P2ry12
MetaChat,receptor,Mia3,P2ry12
MetaChat,receptor,Mthfd1,P2ry12
MetaChat,receptor,Mvd,P2ry12
MetaChat,receptor,Mvk,P2ry12
MetaChat,receptor,Nadk,P2ry12
MetaChat,receptor,Nagk,P2ry12
MetaChat,receptor,Ndufab1,P2ry12
MetaChat,receptor,Nme2,P2ry12
MetaChat,receptor,Nme3,P2ry12
MetaChat,receptor,Nme6,P2ry12
MetaChat,receptor,Nme7,P2ry12
MetaChat,receptor,Nmrk1,P2ry12
MetaChat,receptor,Oplah,P2ry12
MetaChat,receptor,Paics,P2ry12
MetaChat,receptor,Pank1,P2ry12
MetaChat,receptor,Pank2,P2ry12
MetaChat,receptor,Pank3,P2ry12
MetaChat,receptor,Pank4,P2ry12
MetaChat,receptor,Papss1,P2ry12
MetaChat,receptor,Papss2,P2ry12
MetaChat,receptor,Pdxk,P2ry12
MetaChat,receptor,Pfas,P2ry12
MetaChat,receptor,Pfkfb1,P2ry12
MetaChat,receptor,Pfkfb2,P2ry12
MetaChat,receptor,Pfkfb3,P2ry12
MetaChat,receptor,Pfkfb4,P2ry12
MetaChat,receptor,Pfkl,P2ry12
MetaChat,receptor,Pfkm,P2ry12
MetaChat,receptor,Pfkp,P2ry12
MetaChat,receptor,Pgk1,P2ry12
MetaChat,receptor,Pgk2,P2ry12
MetaChat,receptor,Pi4k2a,P2ry12
MetaChat,receptor,Pi4ka,P2ry12
MetaChat,receptor,Pi4kb,P2ry12
MetaChat,receptor,Pik3c2a,P2ry12
MetaChat,receptor,Pik3c2b,P2ry12
MetaChat,receptor,Pik3c2g,P2ry12
MetaChat,receptor,Pik3c3,P2ry12
MetaChat,receptor,Pik3ca,P2ry12
MetaChat,receptor,Pik3cb,P2ry12
MetaChat,receptor,Pik3cd,P2ry12
MetaChat,receptor,Pik3cg,P2ry12
MetaChat,receptor,Pik3r1,P2ry12
MetaChat,receptor,Pik3r2,P2ry12
MetaChat,receptor,Pik3r3,P2ry12
MetaChat,receptor,Pik3r5,P2ry12
MetaChat,receptor,Pikfyve,P2ry12
MetaChat,receptor,Pip4k2a,P2ry12
MetaChat,receptor,Pip4k2b,P2ry12
MetaChat,receptor,Pip4k2c,P2ry12
MetaChat,receptor,Pip5k1a,P2ry12
MetaChat,receptor,Pip5k1b,P2ry12
MetaChat,receptor,Pip5k1c,P2ry12
MetaChat,receptor,Plg,P2ry12
MetaChat,receptor,Pmvk,P2ry12
MetaChat,receptor,Rbks,P2ry12
MetaChat,receptor,Rfk,P2ry12
MetaChat,receptor,Sphk1,P2ry12
MetaChat,receptor,Sphk2,P2ry12
MetaChat,receptor,Tfrc,P2ry12
MetaChat,receptor,Tk1,P2ry12
MetaChat,receptor,Tk2,P2ry12
MetaChat,receptor,Txn2,P2ry12
MetaChat,receptor,Uck1,P2ry12
MetaChat,receptor,Uck2,P2ry12
MetaChat,receptor,Uckl1,P2ry12
MetaChat,receptor,Xylb,P2ry12
MetaChat,receptor,Acaca,P2ry13
MetaChat,receptor,Acacb,P2ry13
MetaChat,receptor,Acly,P2ry13
MetaChat,receptor,Acss2,P2ry13
MetaChat,receptor,Adk,P2ry13
MetaChat,receptor,Ak1,P2ry13
MetaChat,receptor,Ak2,P2ry13
MetaChat,receptor,Ak4,P2ry13
MetaChat,receptor,Ak5,P2ry13
MetaChat,receptor,Ak7,P2ry13
MetaChat,receptor,Alb,P2ry13
MetaChat,receptor,Apoa1,P2ry13
MetaChat,receptor,Apob,P2ry13
MetaChat,receptor,Apoc1,P2ry13
MetaChat,receptor,Apoc2,P2ry13
MetaChat,receptor,Apoc3,P2ry13
MetaChat,receptor,Apoe,P2ry13
MetaChat,receptor,Cad,P2ry13
MetaChat,receptor,Cerk,P2ry13
MetaChat,receptor,Chka,P2ry13
MetaChat,receptor,Chkb,P2ry13
MetaChat,receptor,Ckb,P2ry13
MetaChat,receptor,Ckm,P2ry13
MetaChat,receptor,Cmpk1,P2ry13
MetaChat,receptor,Coasy,P2ry13
MetaChat,receptor,Ctps2,P2ry13
MetaChat,receptor,Dck,P2ry13
MetaChat,receptor,Dgka,P2ry13
MetaChat,receptor,Dgkb,P2ry13
MetaChat,receptor,Dgkd,P2ry13
MetaChat,receptor,Dgke,P2ry13
MetaChat,receptor,Dgkg,P2ry13
MetaChat,receptor,Dgkh,P2ry13
MetaChat,receptor,Dgki,P2ry13
MetaChat,receptor,Dgkq,P2ry13
MetaChat,receptor,Dgkz,P2ry13
MetaChat,receptor,Dguok,P2ry13
MetaChat,receptor,Dtymk,P2ry13
MetaChat,receptor,Etnk1,P2ry13
MetaChat,receptor,Etnk2,P2ry13
MetaChat,receptor,F2,P2ry13
MetaChat,receptor,Fpgs,P2ry13
MetaChat,receptor,Galk1,P2ry13
MetaChat,receptor,Galk2,P2ry13
MetaChat,receptor,Gart,P2ry13
MetaChat,receptor,Gck,P2ry13
MetaChat,receptor,Gclc,P2ry13
MetaChat,receptor,Gclm,P2ry13
MetaChat,receptor,Gk,P2ry13
MetaChat,receptor,Gk2,P2ry13
MetaChat,receptor,Glul,P2ry13
MetaChat,receptor,Glyctk,P2ry13
MetaChat,receptor,Gne,P2ry13
MetaChat,receptor,Gss,P2ry13
MetaChat,receptor,Guk1,P2ry13
MetaChat,receptor,Hcst,P2ry13
MetaChat,receptor,Hk1,P2ry13
MetaChat,receptor,Hk2,P2ry13
MetaChat,receptor,Hk3,P2ry13
MetaChat,receptor,Hkdc1,P2ry13
MetaChat,receptor,Itpka,P2ry13
MetaChat,receptor,Itpkb,P2ry13
MetaChat,receptor,Itpkc,P2ry13
MetaChat,receptor,Khk,P2ry13
MetaChat,receptor,Lgsn,P2ry13
MetaChat,receptor,Mia3,P2ry13
MetaChat,receptor,Mthfd1,P2ry13
MetaChat,receptor,Mvd,P2ry13
MetaChat,receptor,Mvk,P2ry13
MetaChat,receptor,Nadk,P2ry13
MetaChat,receptor,Nagk,P2ry13
MetaChat,receptor,Ndufab1,P2ry13
MetaChat,receptor,Nme2,P2ry13
MetaChat,receptor,Nme3,P2ry13
MetaChat,receptor,Nme6,P2ry13
MetaChat,receptor,Nme7,P2ry13
MetaChat,receptor,Nmrk1,P2ry13
MetaChat,receptor,Oplah,P2ry13
MetaChat,receptor,Paics,P2ry13
MetaChat,receptor,Pank1,P2ry13
MetaChat,receptor,Pank2,P2ry13
MetaChat,receptor,Pank3,P2ry13
MetaChat,receptor,Pank4,P2ry13
MetaChat,receptor,Papss1,P2ry13
MetaChat,receptor,Papss2,P2ry13
MetaChat,receptor,Pdxk,P2ry13
MetaChat,receptor,Pfas,P2ry13
MetaChat,receptor,Pfkfb1,P2ry13
MetaChat,receptor,Pfkfb2,P2ry13
MetaChat,receptor,Pfkfb3,P2ry13
MetaChat,receptor,Pfkfb4,P2ry13
MetaChat,receptor,Pfkl,P2ry13
MetaChat,receptor,Pfkm,P2ry13
MetaChat,receptor,Pfkp,P2ry13
MetaChat,receptor,Pgk1,P2ry13
MetaChat,receptor,Pgk2,P2ry13
MetaChat,receptor,Pi4k2a,P2ry13
MetaChat,receptor,Pi4ka,P2ry13
MetaChat,receptor,Pi4kb,P2ry13
MetaChat,receptor,Pik3c2a,P2ry13
MetaChat,receptor,Pik3c2b,P2ry13
MetaChat,receptor,Pik3c2g,P2ry13
MetaChat,receptor,Pik3c3,P2ry13
MetaChat,receptor,Pik3ca,P2ry13
MetaChat,receptor,Pik3cb,P2ry13
MetaChat,receptor,Pik3cd,P2ry13
MetaChat,receptor,Pik3cg,P2ry13
MetaChat,receptor,Pik3r1,P2ry13
MetaChat,receptor,Pik3r2,P2ry13
MetaChat,receptor,Pik3r3,P2ry13
MetaChat,receptor,Pik3r5,P2ry13
MetaChat,receptor,Pikfyve,P2ry13
MetaChat,receptor,Pip4k2a,P2ry13
MetaChat,receptor,Pip4k2b,P2ry13
MetaChat,receptor,Pip4k2c,P2ry13
MetaChat,receptor,Pip5k1a,P2ry13
MetaChat,receptor,Pip5k1b,P2ry13
MetaChat,receptor,Pip5k1c,P2ry13
MetaChat,receptor,Plg,P2ry13
MetaChat,receptor,Pmvk,P2ry13
MetaChat,receptor,Rbks,P2ry13
MetaChat,receptor,Rfk,P2ry13
MetaChat,receptor,Sphk1,P2ry13
MetaChat,receptor,Sphk2,P2ry13
MetaChat,receptor,Tfrc,P2ry13
MetaChat,receptor,Tk1,P2ry13
MetaChat,receptor,Tk2,P2ry13
MetaChat,receptor,Txn2,P2ry13
MetaChat,receptor,Uck1,P2ry13
MetaChat,receptor,Uck2,P2ry13
MetaChat,receptor,Uckl1,P2ry13
MetaChat,receptor,Xylb,P2ry13
MetaChat,receptor,Nudt2,P2ry13
MetaChat,receptor,Pklr,P2ry13
MetaChat,receptor,Pkm,P2ry13
MetaChat,receptor,Rrm1,P2ry13
MetaChat,receptor,Rrm2,P2ry13
MetaChat,receptor,Rrm2b,P2ry13
MetaChat,receptor,Ugp2,P2ry14
MetaChat,receptor,Nme2,P2ry2
MetaChat,receptor,Nme3,P2ry2
MetaChat,receptor,Nme6,P2ry2
MetaChat,receptor,Nme7,P2ry2
MetaChat,receptor,Pklr,P2ry2
MetaChat,receptor,Rrm1,P2ry2
MetaChat,receptor,Rrm2,P2ry2
MetaChat,receptor,Rrm2b,P2ry2
MetaChat,receptor,Acaca,P2ry2
MetaChat,receptor,Acacb,P2ry2
MetaChat,receptor,Acly,P2ry2
MetaChat,receptor,Acss2,P2ry2
MetaChat,receptor,Adk,P2ry2
MetaChat,receptor,Ak1,P2ry2
MetaChat,receptor,Ak2,P2ry2
MetaChat,receptor,Ak4,P2ry2
MetaChat,receptor,Ak5,P2ry2
MetaChat,receptor,Ak7,P2ry2
MetaChat,receptor,Alb,P2ry2
MetaChat,receptor,Apoa1,P2ry2
MetaChat,receptor,Apob,P2ry2
MetaChat,receptor,Apoc1,P2ry2
MetaChat,receptor,Apoc2,P2ry2
MetaChat,receptor,Apoc3,P2ry2
MetaChat,receptor,Apoe,P2ry2
MetaChat,receptor,Cad,P2ry2
MetaChat,receptor,Cerk,P2ry2
MetaChat,receptor,Chka,P2ry2
MetaChat,receptor,Chkb,P2ry2
MetaChat,receptor,Ckb,P2ry2
MetaChat,receptor,Ckm,P2ry2
MetaChat,receptor,Cmpk1,P2ry2
MetaChat,receptor,Coasy,P2ry2
MetaChat,receptor,Ctps2,P2ry2
MetaChat,receptor,Dck,P2ry2
MetaChat,receptor,Dgka,P2ry2
MetaChat,receptor,Dgkb,P2ry2
MetaChat,receptor,Dgkd,P2ry2
MetaChat,receptor,Dgke,P2ry2
MetaChat,receptor,Dgkg,P2ry2
MetaChat,receptor,Dgkh,P2ry2
MetaChat,receptor,Dgki,P2ry2
MetaChat,receptor,Dgkq,P2ry2
MetaChat,receptor,Dgkz,P2ry2
MetaChat,receptor,Dguok,P2ry2
MetaChat,receptor,Dtymk,P2ry2
MetaChat,receptor,Etnk1,P2ry2
MetaChat,receptor,Etnk2,P2ry2
MetaChat,receptor,F2,P2ry2
MetaChat,receptor,Fpgs,P2ry2
MetaChat,receptor,Galk1,P2ry2
MetaChat,receptor,Galk2,P2ry2
MetaChat,receptor,Gart,P2ry2
MetaChat,receptor,Gck,P2ry2
MetaChat,receptor,Gclc,P2ry2
MetaChat,receptor,Gclm,P2ry2
MetaChat,receptor,Gk,P2ry2
MetaChat,receptor,Gk2,P2ry2
MetaChat,receptor,Glul,P2ry2
MetaChat,receptor,Glyctk,P2ry2
MetaChat,receptor,Gne,P2ry2
MetaChat,receptor,Gss,P2ry2
MetaChat,receptor,Guk1,P2ry2
MetaChat,receptor,Hcst,P2ry2
MetaChat,receptor,Hk1,P2ry2
MetaChat,receptor,Hk2,P2ry2
MetaChat,receptor,Hk3,P2ry2
MetaChat,receptor,Hkdc1,P2ry2
MetaChat,receptor,Itpka,P2ry2
MetaChat,receptor,Itpkb,P2ry2
MetaChat,receptor,Itpkc,P2ry2
MetaChat,receptor,Khk,P2ry2
MetaChat,receptor,Lgsn,P2ry2
MetaChat,receptor,Mia3,P2ry2
MetaChat,receptor,Mthfd1,P2ry2
MetaChat,receptor,Mvd,P2ry2
MetaChat,receptor,Mvk,P2ry2
MetaChat,receptor,Nadk,P2ry2
MetaChat,receptor,Nagk,P2ry2
MetaChat,receptor,Ndufab1,P2ry2
MetaChat,receptor,Nmrk1,P2ry2
MetaChat,receptor,Oplah,P2ry2
MetaChat,receptor,Paics,P2ry2
MetaChat,receptor,Pank1,P2ry2
MetaChat,receptor,Pank2,P2ry2
MetaChat,receptor,Pank3,P2ry2
MetaChat,receptor,Pank4,P2ry2
MetaChat,receptor,Papss1,P2ry2
MetaChat,receptor,Papss2,P2ry2
MetaChat,receptor,Pdxk,P2ry2
MetaChat,receptor,Pfas,P2ry2
MetaChat,receptor,Pfkfb1,P2ry2
MetaChat,receptor,Pfkfb2,P2ry2
MetaChat,receptor,Pfkfb3,P2ry2
MetaChat,receptor,Pfkfb4,P2ry2
MetaChat,receptor,Pfkl,P2ry2
MetaChat,receptor,Pfkm,P2ry2
MetaChat,receptor,Pfkp,P2ry2
MetaChat,receptor,Pgk1,P2ry2
MetaChat,receptor,Pgk2,P2ry2
MetaChat,receptor,Pi4k2a,P2ry2
MetaChat,receptor,Pi4ka,P2ry2
MetaChat,receptor,Pi4kb,P2ry2
MetaChat,receptor,Pik3c2a,P2ry2
MetaChat,receptor,Pik3c2b,P2ry2
MetaChat,receptor,Pik3c2g,P2ry2
MetaChat,receptor,Pik3c3,P2ry2
MetaChat,receptor,Pik3ca,P2ry2
MetaChat,receptor,Pik3cb,P2ry2
MetaChat,receptor,Pik3cd,P2ry2
MetaChat,receptor,Pik3cg,P2ry2
MetaChat,receptor,Pik3r1,P2ry2
MetaChat,receptor,Pik3r2,P2ry2
MetaChat,receptor,Pik3r3,P2ry2
MetaChat,receptor,Pik3r5,P2ry2
MetaChat,receptor,Pikfyve,P2ry2
MetaChat,receptor,Pip4k2a,P2ry2
MetaChat,receptor,Pip4k2b,P2ry2
MetaChat,receptor,Pip4k2c,P2ry2
MetaChat,receptor,Pip5k1a,P2ry2
MetaChat,receptor,Pip5k1b,P2ry2
MetaChat,receptor,Pip5k1c,P2ry2
MetaChat,receptor,Plg,P2ry2
MetaChat,receptor,Pmvk,P2ry2
MetaChat,receptor,Rbks,P2ry2
MetaChat,receptor,Rfk,P2ry2
MetaChat,receptor,Sphk1,P2ry2
MetaChat,receptor,Sphk2,P2ry2
MetaChat,receptor,Tfrc,P2ry2
MetaChat,receptor,Tk1,P2ry2
MetaChat,receptor,Tk2,P2ry2
MetaChat,receptor,Txn2,P2ry2
MetaChat,receptor,Uck1,P2ry2
MetaChat,receptor,Uck2,P2ry2
MetaChat,receptor,Uckl1,P2ry2
MetaChat,receptor,Xylb,P2ry2
MetaChat,receptor,Nudt2,P2ry2
MetaChat,receptor,Pkm,P2ry2
MetaChat,receptor,Nme2,P2ry4
MetaChat,receptor,Nme3,P2ry4
MetaChat,receptor,Nme6,P2ry4
MetaChat,receptor,Nme7,P2ry4
MetaChat,receptor,Pklr,P2ry4
MetaChat,receptor,Rrm1,P2ry4
MetaChat,receptor,Rrm2,P2ry4
MetaChat,receptor,Rrm2b,P2ry4
MetaChat,receptor,Nudt2,P2ry4
MetaChat,receptor,Pkm,P2ry4
MetaChat,receptor,Nudt2,P2ry6
MetaChat,receptor,Pklr,P2ry6
MetaChat,receptor,Pkm,P2ry6
MetaChat,receptor,Rrm1,P2ry6
MetaChat,receptor,Rrm2,P2ry6
MetaChat,receptor,Rrm2b,P2ry6
MetaChat,receptor,Nme2,P2ry6
MetaChat,receptor,Nme3,P2ry6
MetaChat,receptor,Nme6,P2ry6
MetaChat,receptor,Nme7,P2ry6
MetaChat,receptor,A4galt,P2ry6
MetaChat,receptor,Alg5,P2ry6
MetaChat,receptor,Cmpk1,P2ry6
MetaChat,receptor,Dpm2,P2ry6
MetaChat,receptor,Gne,P2ry6
MetaChat,receptor,Gys1,P2ry6
MetaChat,receptor,Gys2,P2ry6
MetaChat,receptor,Pfkl,P2ry6
MetaChat,receptor,Piga,P2ry6
MetaChat,receptor,Pigc,P2ry6
MetaChat,receptor,Pigh,P2ry6
MetaChat,receptor,Pigp,P2ry6
MetaChat,receptor,Pigq,P2ry6
MetaChat,receptor,Ugt1a1,P2ry6
MetaChat,transporter,Nudt2,Panx1
MetaChat,transporter,Pklr,Panx1
MetaChat,transporter,Pkm,Panx1
MetaChat,transporter,Rrm1,Panx1
MetaChat,transporter,Rrm2,Panx1
MetaChat,transporter,Rrm2b,Panx1
MetaChat,receptor,Hsd3b9,Pgr
MetaChat,receptor,Nan,Pgrmc2
MetaChat,transporter,Nan,Pnpt1
MetaChat,receptor,Nan,Ppara
MetaChat,receptor,Elovl2,Ppara
MetaChat,receptor,Elovl5,Ppara
MetaChat,receptor,Elovl6,Ppara
MetaChat,receptor,Fasn,Ppara
MetaChat,receptor,Olah,Ppara
MetaChat,receptor,Acot1,Ppara
MetaChat,receptor,Acot6,Ppara
MetaChat,receptor,Baat,Ppara
MetaChat,receptor,Sult1e1,Ppara
MetaChat,receptor,Sult2a6,Ppara
MetaChat,receptor,Sult5a1,Ppara
MetaChat,receptor,Alox12,Ppara
MetaChat,receptor,Lta4h,Ppara
MetaChat,receptor,Nan,Pparg
MetaChat,receptor,Olah,Pparg
MetaChat,receptor,Nan,Ptch1
MetaChat,receptor,Hpgds,Ptgdr
MetaChat,receptor,Ptgds,Ptgdr
MetaChat,receptor,Hpgds,Ptgdr2
MetaChat,receptor,Ptgds,Ptgdr2
MetaChat,receptor,Elovl2,Ptger1
MetaChat,receptor,Elovl5,Ptger1
MetaChat,receptor,Elovl6,Ptger1
MetaChat,receptor,Fasn,Ptger1
MetaChat,receptor,Olah,Ptger1
MetaChat,receptor,Cbr1,Ptger1
MetaChat,receptor,Nan,Ptger1
MetaChat,receptor,Nan,Ptger2
MetaChat,receptor,Nan,Ptger3
MetaChat,receptor,Nan,Ptger4
MetaChat,receptor,Cbr1,Ptgfr
MetaChat,receptor,Nan,Ptgir
MetaChat,receptor,Nan,Rara
MetaChat,receptor,Bco1,Rara
MetaChat,receptor,Rdh10,Rara
MetaChat,receptor,Rdh11,Rara
MetaChat,receptor,Rdh12,Rara
MetaChat,receptor,Rdh13,Rara
MetaChat,receptor,Rdh14,Rara
MetaChat,receptor,Rdh5,Rara
MetaChat,receptor,Rdh8,Rara
MetaChat,receptor,Sdr16c5,Rara
MetaChat,receptor,Nan,Rarb
MetaChat,receptor,Bco1,Rarb
MetaChat,receptor,Rdh10,Rarb
MetaChat,receptor,Rdh11,Rarb
MetaChat,receptor,Rdh12,Rarb
MetaChat,receptor,Rdh13,Rarb
MetaChat,receptor,Rdh14,Rarb
MetaChat,receptor,Rdh5,Rarb
MetaChat,receptor,Rdh8,Rarb
MetaChat,receptor,Sdr16c5,Rarb
MetaChat,receptor,Nan,Rarg
MetaChat,receptor,Bco1,Rarg
MetaChat,receptor,Rdh10,Rarg
MetaChat,receptor,Rdh11,Rarg
MetaChat,receptor,Rdh12,Rarg
MetaChat,receptor,Rdh13,Rarg
MetaChat,receptor,Rdh14,Rarg
MetaChat,receptor,Rdh5,Rarg
MetaChat,receptor,Rdh8,Rarg
MetaChat,receptor,Sdr16c5,Rarg
MetaChat,transporter,Nan,Rbp1
MetaChat,transporter,Nan,Rbp2
MetaChat,transporter,Nan,Rbp4
MetaChat,transporter,Ada,Rhbg
MetaChat,transporter,Aicda,Rhbg
MetaChat,transporter,Ampd1,Rhbg
MetaChat,transporter,Ampd2,Rhbg
MetaChat,transporter,Ampd3,Rhbg
MetaChat,transporter,Aoc1l3,Rhbg
MetaChat,transporter,Aoc2,Rhbg
MetaChat,transporter,Aoc3,Rhbg
MetaChat,transporter,Aspg,Rhbg
MetaChat,transporter,Cda,Rhbg
MetaChat,transporter,Cth,Rhbg
MetaChat,transporter,Dctd,Rhbg
MetaChat,transporter,Etnppl,Rhbg
MetaChat,transporter,Ftcd,Rhbg
MetaChat,transporter,Gda,Rhbg
MetaChat,transporter,Gmpr,Rhbg
MetaChat,transporter,Gmpr2,Rhbg
MetaChat,transporter,Gnpda1,Rhbg
MetaChat,transporter,Gnpda2,Rhbg
MetaChat,transporter,Hal,Rhbg
MetaChat,transporter,Hmbs,Rhbg
MetaChat,transporter,Maoa,Rhbg
MetaChat,transporter,Maob,Rhbg
MetaChat,transporter,Nit2,Rhbg
MetaChat,transporter,Pnpo,Rhbg
MetaChat,transporter,Sds,Rhbg
MetaChat,transporter,Sdsl,Rhbg
MetaChat,transporter,Upb1,Rhbg
MetaChat,receptor,Bco1,Rho
MetaChat,receptor,Rdh10,Rho
MetaChat,receptor,Rdh11,Rho
MetaChat,receptor,Rdh12,Rho
MetaChat,receptor,Rdh13,Rho
MetaChat,receptor,Rdh14,Rho
MetaChat,receptor,Rdh5,Rho
MetaChat,receptor,Rdh8,Rho
MetaChat,receptor,Sdr16c5,Rho
MetaChat,receptor,Ddc,Rho
MetaChat,receptor,Hdc,Rho
MetaChat,receptor,Nan,Rho
MetaChat,receptor,Nan,Rora
MetaChat,receptor,Nan,Rorb
MetaChat,receptor,Nan,Rorc
MetaChat,receptor,Nan,Rxra
MetaChat,receptor,Cyp27b1,Rxra
MetaChat,receptor,Bco1,Rxra
MetaChat,receptor,Rdh10,Rxra
MetaChat,receptor,Rdh11,Rxra
MetaChat,receptor,Rdh12,Rxra
MetaChat,receptor,Rdh13,Rxra
MetaChat,receptor,Rdh14,Rxra
MetaChat,receptor,Rdh5,Rxra
MetaChat,receptor,Rdh8,Rxra
MetaChat,receptor,Sdr16c5,Rxra
MetaChat,receptor,Nan,Rxrb
MetaChat,receptor,Bco1,Rxrb
MetaChat,receptor,Rdh10,Rxrb
MetaChat,receptor,Rdh11,Rxrb
MetaChat,receptor,Rdh12,Rxrb
MetaChat,receptor,Rdh13,Rxrb
MetaChat,receptor,Rdh14,Rxrb
MetaChat,receptor,Rdh5,Rxrb
MetaChat,receptor,Rdh8,Rxrb
MetaChat,receptor,Sdr16c5,Rxrb
MetaChat,receptor,Nan,Rxrg
MetaChat,receptor,Bco1,Rxrg
MetaChat,receptor,Rdh10,Rxrg
MetaChat,receptor,Rdh11,Rxrg
MetaChat,receptor,Rdh12,Rxrg
MetaChat,receptor,Rdh13,Rxrg
MetaChat,receptor,Rdh14,Rxrg
MetaChat,receptor,Rdh5,Rxrg
MetaChat,receptor,Rdh8,Rxrg
MetaChat,receptor,Sdr16c5,Rxrg
MetaChat,"receptor,transporter",Adcy1,Ryr1
MetaChat,"receptor,transporter",Adcy10,Ryr1
MetaChat,"receptor,transporter",Adcy2,Ryr1
MetaChat,"receptor,transporter",Adcy3,Ryr1
MetaChat,"receptor,transporter",Adcy4,Ryr1
MetaChat,"receptor,transporter",Adcy5,Ryr1
MetaChat,"receptor,transporter",Adcy6,Ryr1
MetaChat,"receptor,transporter",Adcy7,Ryr1
MetaChat,"receptor,transporter",Adcy8,Ryr1
MetaChat,"receptor,transporter",Adcy9,Ryr1
MetaChat,"receptor,transporter",Mtap,Ryr1
MetaChat,"receptor,transporter",Ahcyl1,Ryr1
MetaChat,"receptor,transporter",Ahcyl2,Ryr1
MetaChat,"receptor,transporter",Nt5c,Ryr1
MetaChat,"receptor,transporter",Nt5c1a,Ryr1
MetaChat,"receptor,transporter",Nt5c1b,Ryr1
MetaChat,"receptor,transporter",Nt5c2,Ryr1
MetaChat,receptor,Sphk1,S1pr1
MetaChat,receptor,Sphk2,S1pr1
MetaChat,receptor,Sphk1,S1pr2
MetaChat,receptor,Sphk2,S1pr2
MetaChat,receptor,Sphk1,S1pr3
MetaChat,receptor,Sphk2,S1pr3
MetaChat,receptor,Sphk1,S1pr4
MetaChat,receptor,Sphk2,S1pr4
MetaChat,receptor,Sphk1,S1pr5
MetaChat,receptor,Sphk2,S1pr5
MetaChat,receptor,Nan,Scarb1
MetaChat,receptor,Nan,Scarb2
MetaChat,transporter,Pld2,Sfxn1
MetaChat,transporter,Psph,Sfxn1
MetaChat,transporter,Nan,Sfxn5
MetaChat,"receptor,transporter",Baat,Slc10a1
MetaChat,transporter,Baat,Slc10a2
MetaChat,transporter,Acot1,Slc10a2
MetaChat,transporter,Acot6,Slc10a2
MetaChat,transporter,Acot8,Slc10a2
MetaChat,transporter,Nan,Slc10a2
MetaChat,transporter,Nan,Slc10a5
MetaChat,transporter,Acot1,Slc10a5
MetaChat,transporter,Acot6,Slc10a5
MetaChat,transporter,Acot8,Slc10a5
MetaChat,transporter,Baat,Slc10a5
MetaChat,transporter,Sult2a6,Slc10a6
MetaChat,transporter,Sult2b1,Slc10a6
MetaChat,transporter,Sult5a1,Slc10a6
MetaChat,transporter,Sult1e1,Slc10a6
MetaChat,transporter,Heph,Slc11a2
MetaChat,transporter,Nan,Slc13a2
MetaChat,transporter,Nan,Slc13a3
MetaChat,transporter,Bbox1,Slc13a3
MetaChat,transporter,Plod1,Slc13a3
MetaChat,transporter,Plod2,Slc13a3
MetaChat,transporter,Plod3,Slc13a3
MetaChat,transporter,Nan,Slc13a5
MetaChat,transporter,Adsl,Slc13a5
MetaChat,transporter,Fah,Slc13a5
MetaChat,transporter,Bbox1,Slc13a5
MetaChat,transporter,Plod1,Slc13a5
MetaChat,transporter,Plod2,Slc13a5
MetaChat,transporter,Plod3,Slc13a5
MetaChat,transporter,Arg1,Slc14a1
MetaChat,transporter,Arg2,Slc14a1
MetaChat,transporter,Prdx6b,Slc14a1
MetaChat,transporter,Tpo,Slc14a1
MetaChat,transporter,Arg1,Slc14a2
MetaChat,transporter,Arg2,Slc14a2
MetaChat,transporter,Prdx6b,Slc14a2
MetaChat,transporter,Tpo,Slc14a2
MetaChat,transporter,Nan,Slc15a1
MetaChat,transporter,Aldh1a2,Slc16a1
MetaChat,transporter,Aldh1a3,Slc16a1
MetaChat,transporter,Aldh1a7,Slc16a1
MetaChat,transporter,Aldh3a1,Slc16a1
MetaChat,transporter,Aldh3a2,Slc16a1
MetaChat,transporter,Aldh3b1,Slc16a1
MetaChat,transporter,Aldh7a1,Slc16a1
MetaChat,transporter,Aldh9a1,Slc16a1
MetaChat,transporter,Hagh,Slc16a1
MetaChat,transporter,Haghl,Slc16a1
MetaChat,transporter,Cth,Slc16a1
MetaChat,transporter,Gpt,Slc16a1
MetaChat,transporter,Gpt2,Slc16a1
MetaChat,transporter,Ldha,Slc16a1
MetaChat,transporter,Ldhal6b,Slc16a1
MetaChat,transporter,Ldhb,Slc16a1
MetaChat,transporter,Ldhc,Slc16a1
MetaChat,transporter,Ldhd,Slc16a1
MetaChat,transporter,Me1,Slc16a1
MetaChat,transporter,Mpst,Slc16a1
MetaChat,transporter,Pklr,Slc16a1
MetaChat,transporter,Pkm,Slc16a1
MetaChat,transporter,Sds,Slc16a1
MetaChat,transporter,Tst,Slc16a1
MetaChat,transporter,Uevld,Slc16a1
MetaChat,transporter,Anpep,Slc16a10
MetaChat,transporter,Cndp1,Slc16a10
MetaChat,transporter,Cndp2,Slc16a10
MetaChat,transporter,Dpep1,Slc16a10
MetaChat,transporter,Pepd,Slc16a10
MetaChat,transporter,Shmt1,Slc16a10
MetaChat,transporter,Tpp1,Slc16a10
MetaChat,transporter,Pah,Slc16a10
MetaChat,transporter,Th,Slc16a10
MetaChat,transporter,Tyr,Slc16a10
MetaChat,transporter,Tpo,Slc16a10
MetaChat,transporter,Aldh1a2,Slc16a11
MetaChat,transporter,Aldh1a3,Slc16a11
MetaChat,transporter,Aldh1a7,Slc16a11
MetaChat,transporter,Aldh3a1,Slc16a11
MetaChat,transporter,Aldh3a2,Slc16a11
MetaChat,transporter,Aldh3b1,Slc16a11
MetaChat,transporter,Aldh7a1,Slc16a11
MetaChat,transporter,Aldh9a1,Slc16a11
MetaChat,transporter,Cth,Slc16a11
MetaChat,transporter,Gpt,Slc16a11
MetaChat,transporter,Gpt2,Slc16a11
MetaChat,transporter,Ldha,Slc16a11
MetaChat,transporter,Ldhal6b,Slc16a11
MetaChat,transporter,Ldhb,Slc16a11
MetaChat,transporter,Ldhc,Slc16a11
MetaChat,transporter,Ldhd,Slc16a11
MetaChat,transporter,Me1,Slc16a11
MetaChat,transporter,Mpst,Slc16a11
MetaChat,transporter,Pklr,Slc16a11
MetaChat,transporter,Pkm,Slc16a11
MetaChat,transporter,Sds,Slc16a11
MetaChat,transporter,Tst,Slc16a11
MetaChat,transporter,Uevld,Slc16a11
MetaChat,transporter,Gamt,Slc16a12
MetaChat,transporter,Carns1,Slc16a13
MetaChat,transporter,Nan,Slc16a13
MetaChat,transporter,Tpo,Slc16a2
MetaChat,transporter,Aldh1a2,Slc16a3
MetaChat,transporter,Aldh1a3,Slc16a3
MetaChat,transporter,Aldh1a7,Slc16a3
MetaChat,transporter,Aldh3a1,Slc16a3
MetaChat,transporter,Aldh3a2,Slc16a3
MetaChat,transporter,Aldh3b1,Slc16a3
MetaChat,transporter,Aldh7a1,Slc16a3
MetaChat,transporter,Aldh9a1,Slc16a3
MetaChat,transporter,Cth,Slc16a3
MetaChat,transporter,Gpt,Slc16a3
MetaChat,transporter,Gpt2,Slc16a3
MetaChat,transporter,Ldha,Slc16a3
MetaChat,transporter,Ldhal6b,Slc16a3
MetaChat,transporter,Ldhb,Slc16a3
MetaChat,transporter,Ldhc,Slc16a3
MetaChat,transporter,Ldhd,Slc16a3
MetaChat,transporter,Me1,Slc16a3
MetaChat,transporter,Mpst,Slc16a3
MetaChat,transporter,Pklr,Slc16a3
MetaChat,transporter,Pkm,Slc16a3
MetaChat,transporter,Sds,Slc16a3
MetaChat,transporter,Tst,Slc16a3
MetaChat,transporter,Uevld,Slc16a3
MetaChat,transporter,Aldh1a2,Slc16a4
MetaChat,transporter,Aldh1a3,Slc16a4
MetaChat,transporter,Aldh1a7,Slc16a4
MetaChat,transporter,Aldh3a1,Slc16a4
MetaChat,transporter,Aldh3a2,Slc16a4
MetaChat,transporter,Aldh3b1,Slc16a4
MetaChat,transporter,Aldh7a1,Slc16a4
MetaChat,transporter,Aldh9a1,Slc16a4
MetaChat,transporter,Csad,Slc16a6
MetaChat,transporter,Gad1,Slc16a6
MetaChat,transporter,Gad2,Slc16a6
MetaChat,transporter,Nan,Slc16a7
MetaChat,transporter,Aldh1a2,Slc16a7
MetaChat,transporter,Aldh1a3,Slc16a7
MetaChat,transporter,Aldh1a7,Slc16a7
MetaChat,transporter,Aldh3a1,Slc16a7
MetaChat,transporter,Aldh3a2,Slc16a7
MetaChat,transporter,Aldh3b1,Slc16a7
MetaChat,transporter,Aldh7a1,Slc16a7
MetaChat,transporter,Aldh9a1,Slc16a7
MetaChat,transporter,Cth,Slc16a7
MetaChat,transporter,Gpt,Slc16a7
MetaChat,transporter,Gpt2,Slc16a7
MetaChat,transporter,Ldha,Slc16a7
MetaChat,transporter,Ldhal6b,Slc16a7
MetaChat,transporter,Ldhb,Slc16a7
MetaChat,transporter,Ldhc,Slc16a7
MetaChat,transporter,Ldhd,Slc16a7
MetaChat,transporter,Me1,Slc16a7
MetaChat,transporter,Mpst,Slc16a7
MetaChat,transporter,Pklr,Slc16a7
MetaChat,transporter,Pkm,Slc16a7
MetaChat,transporter,Sds,Slc16a7
MetaChat,transporter,Tst,Slc16a7
MetaChat,transporter,Uevld,Slc16a7
MetaChat,transporter,Cth,Slc16a8
MetaChat,transporter,Gpt,Slc16a8
MetaChat,transporter,Gpt2,Slc16a8
MetaChat,transporter,Ldha,Slc16a8
MetaChat,transporter,Ldhal6b,Slc16a8
MetaChat,transporter,Ldhb,Slc16a8
MetaChat,transporter,Ldhc,Slc16a8
MetaChat,transporter,Ldhd,Slc16a8
MetaChat,transporter,Me1,Slc16a8
MetaChat,transporter,Mpst,Slc16a8
MetaChat,transporter,Pklr,Slc16a8
MetaChat,transporter,Pkm,Slc16a8
MetaChat,transporter,Sds,Slc16a8
MetaChat,transporter,Tst,Slc16a8
MetaChat,transporter,Uevld,Slc16a8
MetaChat,transporter,Aldh1a2,Slc16a8
MetaChat,transporter,Aldh1a3,Slc16a8
MetaChat,transporter,Aldh1a7,Slc16a8
MetaChat,transporter,Aldh3a1,Slc16a8
MetaChat,transporter,Aldh3a2,Slc16a8
MetaChat,transporter,Aldh3b1,Slc16a8
MetaChat,transporter,Aldh7a1,Slc16a8
MetaChat,transporter,Aldh9a1,Slc16a8
MetaChat,transporter,Xdh,Slc17a1
MetaChat,transporter,Nan,Slc17a1
MetaChat,transporter,Xdh,Slc17a3
MetaChat,transporter,Tpo,Slc17a4
MetaChat,transporter,Ddc,Slc18a1
MetaChat,transporter,Ddc,Slc18a2
MetaChat,transporter,Hdc,Slc18a2
MetaChat,transporter,Srm,Slc18b1
MetaChat,transporter,Nan,Slc19a2
MetaChat,transporter,Nan,Slc19a3
MetaChat,transporter,Acy3,Slc1a1
MetaChat,transporter,Aspa,Slc1a1
MetaChat,transporter,Aspg,Slc1a1
MetaChat,transporter,Anpep,Slc1a1
MetaChat,transporter,Cbs,Slc1a1
MetaChat,transporter,Cth,Slc1a1
MetaChat,transporter,Ggct,Slc1a1
MetaChat,transporter,Nan,Slc1a1
MetaChat,transporter,Aadat,Slc1a1
MetaChat,transporter,Asns,Slc1a1
MetaChat,transporter,Bcat1,Slc1a1
MetaChat,transporter,Cad,Slc1a1
MetaChat,transporter,Ctps2,Slc1a1
MetaChat,transporter,Ftcd,Slc1a1
MetaChat,transporter,Gfpt1,Slc1a1
MetaChat,transporter,Gfpt2,Slc1a1
MetaChat,transporter,Ggh,Slc1a1
MetaChat,transporter,Ggt1,Slc1a1
MetaChat,transporter,Ggt5,Slc1a1
MetaChat,transporter,Ggt6,Slc1a1
MetaChat,transporter,Ggt7,Slc1a1
MetaChat,transporter,Gmps,Slc1a1
MetaChat,transporter,Got1,Slc1a1
MetaChat,transporter,Gpt,Slc1a1
MetaChat,transporter,Gpt2,Slc1a1
MetaChat,transporter,Kyat1,Slc1a1
MetaChat,transporter,Nadsyn1,Slc1a1
MetaChat,transporter,Oplah,Slc1a1
MetaChat,transporter,Pfas,Slc1a1
MetaChat,transporter,Ppat,Slc1a1
MetaChat,transporter,Tat,Slc1a1
MetaChat,transporter,Acy3,Slc1a2
MetaChat,transporter,Aspa,Slc1a2
MetaChat,transporter,Aspg,Slc1a2
MetaChat,transporter,Aadat,Slc1a2
MetaChat,transporter,Asns,Slc1a2
MetaChat,transporter,Bcat1,Slc1a2
MetaChat,transporter,Cad,Slc1a2
MetaChat,transporter,Ctps2,Slc1a2
MetaChat,transporter,Ftcd,Slc1a2
MetaChat,transporter,Gfpt1,Slc1a2
MetaChat,transporter,Gfpt2,Slc1a2
MetaChat,transporter,Ggh,Slc1a2
MetaChat,transporter,Ggt1,Slc1a2
MetaChat,transporter,Ggt5,Slc1a2
MetaChat,transporter,Ggt6,Slc1a2
MetaChat,transporter,Ggt7,Slc1a2
MetaChat,transporter,Gmps,Slc1a2
MetaChat,transporter,Got1,Slc1a2
MetaChat,transporter,Gpt,Slc1a2
MetaChat,transporter,Gpt2,Slc1a2
MetaChat,transporter,Kyat1,Slc1a2
MetaChat,transporter,Nadsyn1,Slc1a2
MetaChat,transporter,Oplah,Slc1a2
MetaChat,transporter,Pfas,Slc1a2
MetaChat,transporter,Ppat,Slc1a2
MetaChat,transporter,Tat,Slc1a2
MetaChat,transporter,Nan,Slc1a3
MetaChat,transporter,Acy3,Slc1a3
MetaChat,transporter,Aspa,Slc1a3
MetaChat,transporter,Aspg,Slc1a3
MetaChat,transporter,Aadat,Slc1a3
MetaChat,transporter,Asns,Slc1a3
MetaChat,transporter,Bcat1,Slc1a3
MetaChat,transporter,Cad,Slc1a3
MetaChat,transporter,Ctps2,Slc1a3
MetaChat,transporter,Ftcd,Slc1a3
MetaChat,transporter,Gfpt1,Slc1a3
MetaChat,transporter,Gfpt2,Slc1a3
MetaChat,transporter,Ggh,Slc1a3
MetaChat,transporter,Ggt1,Slc1a3
MetaChat,transporter,Ggt5,Slc1a3
MetaChat,transporter,Ggt6,Slc1a3
MetaChat,transporter,Ggt7,Slc1a3
MetaChat,transporter,Gmps,Slc1a3
MetaChat,transporter,Got1,Slc1a3
MetaChat,transporter,Gpt,Slc1a3
MetaChat,transporter,Gpt2,Slc1a3
MetaChat,transporter,Kyat1,Slc1a3
MetaChat,transporter,Nadsyn1,Slc1a3
MetaChat,transporter,Oplah,Slc1a3
MetaChat,transporter,Pfas,Slc1a3
MetaChat,transporter,Ppat,Slc1a3
MetaChat,transporter,Tat,Slc1a3
MetaChat,transporter,Pld2,Slc1a4
MetaChat,transporter,Psph,Slc1a4
MetaChat,"receptor,transporter",Aadat,Slc1a5
MetaChat,"receptor,transporter",Asns,Slc1a5
MetaChat,"receptor,transporter",Bcat1,Slc1a5
MetaChat,"receptor,transporter",Cad,Slc1a5
MetaChat,"receptor,transporter",Ctps2,Slc1a5
MetaChat,"receptor,transporter",Ftcd,Slc1a5
MetaChat,"receptor,transporter",Gfpt1,Slc1a5
MetaChat,"receptor,transporter",Gfpt2,Slc1a5
MetaChat,"receptor,transporter",Ggh,Slc1a5
MetaChat,"receptor,transporter",Ggt1,Slc1a5
MetaChat,"receptor,transporter",Ggt5,Slc1a5
MetaChat,"receptor,transporter",Ggt6,Slc1a5
MetaChat,"receptor,transporter",Ggt7,Slc1a5
MetaChat,"receptor,transporter",Gmps,Slc1a5
MetaChat,"receptor,transporter",Got1,Slc1a5
MetaChat,"receptor,transporter",Gpt,Slc1a5
MetaChat,"receptor,transporter",Gpt2,Slc1a5
MetaChat,"receptor,transporter",Kyat1,Slc1a5
MetaChat,"receptor,transporter",Nadsyn1,Slc1a5
MetaChat,"receptor,transporter",Oplah,Slc1a5
MetaChat,"receptor,transporter",Pfas,Slc1a5
MetaChat,"receptor,transporter",Ppat,Slc1a5
MetaChat,"receptor,transporter",Tat,Slc1a5
MetaChat,"receptor,transporter",Acy3,Slc1a5
MetaChat,"receptor,transporter",Glul,Slc1a5
MetaChat,"receptor,transporter",Lgsn,Slc1a5
MetaChat,"receptor,transporter",Pld2,Slc1a5
MetaChat,"receptor,transporter",Psph,Slc1a5
MetaChat,transporter,Aadat,Slc1a6
MetaChat,transporter,Asns,Slc1a6
MetaChat,transporter,Bcat1,Slc1a6
MetaChat,transporter,Cad,Slc1a6
MetaChat,transporter,Ctps2,Slc1a6
MetaChat,transporter,Ftcd,Slc1a6
MetaChat,transporter,Gfpt1,Slc1a6
MetaChat,transporter,Gfpt2,Slc1a6
MetaChat,transporter,Ggh,Slc1a6
MetaChat,transporter,Ggt1,Slc1a6
MetaChat,transporter,Ggt5,Slc1a6
MetaChat,transporter,Ggt6,Slc1a6
MetaChat,transporter,Ggt7,Slc1a6
MetaChat,transporter,Gmps,Slc1a6
MetaChat,transporter,Got1,Slc1a6
MetaChat,transporter,Gpt,Slc1a6
MetaChat,transporter,Gpt2,Slc1a6
MetaChat,transporter,Kyat1,Slc1a6
MetaChat,transporter,Nadsyn1,Slc1a6
MetaChat,transporter,Oplah,Slc1a6
MetaChat,transporter,Pfas,Slc1a6
MetaChat,transporter,Ppat,Slc1a6
MetaChat,transporter,Tat,Slc1a6
MetaChat,transporter,Aadat,Slc1a7
MetaChat,transporter,Asns,Slc1a7
MetaChat,transporter,Bcat1,Slc1a7
MetaChat,transporter,Cad,Slc1a7
MetaChat,transporter,Ctps2,Slc1a7
MetaChat,transporter,Ftcd,Slc1a7
MetaChat,transporter,Gfpt1,Slc1a7
MetaChat,transporter,Gfpt2,Slc1a7
MetaChat,transporter,Ggh,Slc1a7
MetaChat,transporter,Ggt1,Slc1a7
MetaChat,transporter,Ggt5,Slc1a7
MetaChat,transporter,Ggt6,Slc1a7
MetaChat,transporter,Ggt7,Slc1a7
MetaChat,transporter,Gmps,Slc1a7
MetaChat,transporter,Got1,Slc1a7
MetaChat,transporter,Gpt,Slc1a7
MetaChat,transporter,Gpt2,Slc1a7
MetaChat,transporter,Kyat1,Slc1a7
MetaChat,transporter,Nadsyn1,Slc1a7
MetaChat,transporter,Oplah,Slc1a7
MetaChat,transporter,Pfas,Slc1a7
MetaChat,transporter,Ppat,Slc1a7
MetaChat,transporter,Tat,Slc1a7
MetaChat,"receptor,transporter",Acaca,Slc20a2
MetaChat,"receptor,transporter",Acacb,Slc20a2
MetaChat,"receptor,transporter",Acly,Slc20a2
MetaChat,"receptor,transporter",Acp1,Slc20a2
MetaChat,"receptor,transporter",Acp5,Slc20a2
MetaChat,"receptor,transporter",Acp6,Slc20a2
MetaChat,"receptor,transporter",Acss2,Slc20a2
MetaChat,"receptor,transporter",Acyp2,Slc20a2
MetaChat,"receptor,transporter",Alb,Slc20a2
MetaChat,"receptor,transporter",Alpl,Slc20a2
MetaChat,"receptor,transporter",Apoa1,Slc20a2
MetaChat,"receptor,transporter",Apob,Slc20a2
MetaChat,"receptor,transporter",Apoc1,Slc20a2
MetaChat,"receptor,transporter",Apoc2,Slc20a2
MetaChat,"receptor,transporter",Apoc3,Slc20a2
MetaChat,"receptor,transporter",Apoe,Slc20a2
MetaChat,"receptor,transporter",Bpgm,Slc20a2
MetaChat,"receptor,transporter",Bpnt1,Slc20a2
MetaChat,"receptor,transporter",Cad,Slc20a2
MetaChat,"receptor,transporter",Ctps2,Slc20a2
MetaChat,"receptor,transporter",Dctpp1,Slc20a2
MetaChat,"receptor,transporter",Dtymk,Slc20a2
MetaChat,"receptor,transporter",Entpd1,Slc20a2
MetaChat,"receptor,transporter",Entpd3,Slc20a2
MetaChat,"receptor,transporter",Entpd8,Slc20a2
MetaChat,"receptor,transporter",Etnppl,Slc20a2
MetaChat,"receptor,transporter",F2,Slc20a2
MetaChat,"receptor,transporter",Fbp1,Slc20a2
MetaChat,"receptor,transporter",Fbp2,Slc20a2
MetaChat,"receptor,transporter",Fpgs,Slc20a2
MetaChat,"receptor,transporter",Gart,Slc20a2
MetaChat,"receptor,transporter",Gclc,Slc20a2
MetaChat,"receptor,transporter",Gclm,Slc20a2
MetaChat,"receptor,transporter",Glul,Slc20a2
MetaChat,"receptor,transporter",Gmppa,Slc20a2
MetaChat,"receptor,transporter",Gmppb,Slc20a2
MetaChat,"receptor,transporter",Gss,Slc20a2
MetaChat,"receptor,transporter",Guca1a,Slc20a2
MetaChat,"receptor,transporter",Impa1,Slc20a2
MetaChat,"receptor,transporter",Impa2,Slc20a2
MetaChat,"receptor,transporter",Inpp1,Slc20a2
MetaChat,"receptor,transporter",Inpp4a,Slc20a2
MetaChat,"receptor,transporter",Inpp4b,Slc20a2
MetaChat,"receptor,transporter",Inpp5a,Slc20a2
MetaChat,"receptor,transporter",Inpp5b,Slc20a2
MetaChat,"receptor,transporter",Inpp5d,Slc20a2
MetaChat,"receptor,transporter",Inpp5e,Slc20a2
MetaChat,"receptor,transporter",Inpp5j,Slc20a2
MetaChat,"receptor,transporter",Inppl1,Slc20a2
MetaChat,"receptor,transporter",Ip6k1,Slc20a2
MetaChat,"receptor,transporter",Ip6k3,Slc20a2
MetaChat,"receptor,transporter",Lgsn,Slc20a2
MetaChat,"receptor,transporter",Lhpp,Slc20a2
MetaChat,"receptor,transporter",Mat1a,Slc20a2
MetaChat,"receptor,transporter",Mat2b,Slc20a2
MetaChat,"receptor,transporter",Mthfd1,Slc20a2
MetaChat,"receptor,transporter",Mtmr1,Slc20a2
MetaChat,"receptor,transporter",Mtmr2,Slc20a2
MetaChat,"receptor,transporter",Mtmr3,Slc20a2
MetaChat,"receptor,transporter",Mvd,Slc20a2
MetaChat,"receptor,transporter",Nanp,Slc20a2
MetaChat,"receptor,transporter",Nans,Slc20a2
MetaChat,"receptor,transporter",Ndufab1,Slc20a2
MetaChat,"receptor,transporter",Nt5c,Slc20a2
MetaChat,"receptor,transporter",Nt5c1a,Slc20a2
MetaChat,"receptor,transporter",Nt5c1b,Slc20a2
MetaChat,"receptor,transporter",Nt5c2,Slc20a2
MetaChat,"receptor,transporter",Nt5e,Slc20a2
MetaChat,"receptor,transporter",Ocrl,Slc20a2
MetaChat,"receptor,transporter",Oplah,Slc20a2
MetaChat,"receptor,transporter",Paics,Slc20a2
MetaChat,"receptor,transporter",Pfas,Slc20a2
MetaChat,"receptor,transporter",Pfkfb1,Slc20a2
MetaChat,"receptor,transporter",Pfkfb2,Slc20a2
MetaChat,"receptor,transporter",Pfkfb3,Slc20a2
MetaChat,"receptor,transporter",Pfkfb4,Slc20a2
MetaChat,"receptor,transporter",Pgam1,Slc20a2
MetaChat,"receptor,transporter",Pgam2,Slc20a2
MetaChat,"receptor,transporter",Pgp,Slc20a2
MetaChat,"receptor,transporter",Phex,Slc20a2
MetaChat,"receptor,transporter",Phospho1,Slc20a2
MetaChat,"receptor,transporter",Plg,Slc20a2
MetaChat,"receptor,transporter",Plpp1,Slc20a2
MetaChat,"receptor,transporter",Plpp2,Slc20a2
MetaChat,"receptor,transporter",Plpp3,Slc20a2
MetaChat,"receptor,transporter",Ppa1,Slc20a2
MetaChat,"receptor,transporter",Psph,Slc20a2
MetaChat,"receptor,transporter",Rwdd2a,Slc20a2
MetaChat,"receptor,transporter",Sephs1,Slc20a2
MetaChat,"receptor,transporter",Sephs2,Slc20a2
MetaChat,"receptor,transporter",Sgpp1,Slc20a2
MetaChat,"receptor,transporter",Sgpp2,Slc20a2
MetaChat,"receptor,transporter",Synj1,Slc20a2
MetaChat,"receptor,transporter",Synj2,Slc20a2
MetaChat,"receptor,transporter",Tfrc,Slc20a2
MetaChat,"receptor,transporter",Thnsl1,Slc20a2
MetaChat,"receptor,transporter",Thtpa,Slc20a2
MetaChat,"receptor,transporter",Txn2,Slc20a2
MetaChat,transporter,Dbh,Slc22a1
MetaChat,transporter,Moxd1,Slc22a1
MetaChat,transporter,Ddc,Slc22a1
MetaChat,transporter,Nan,Slc22a1
MetaChat,transporter,Sms,Slc22a1
MetaChat,transporter,Srm,Slc22a1
MetaChat,transporter,Cbr1,Slc22a1
MetaChat,transporter,Chat,Slc22a1
MetaChat,transporter,Xdh,Slc22a12
MetaChat,transporter,Esd,Slc22a15
MetaChat,transporter,Gsr,Slc22a15
MetaChat,transporter,Gss,Slc22a15
MetaChat,transporter,Hagh,Slc22a15
MetaChat,transporter,Haghl,Slc22a15
MetaChat,transporter,Dbh,Slc22a2
MetaChat,transporter,Moxd1,Slc22a2
MetaChat,transporter,Ddc,Slc22a2
MetaChat,transporter,Hdc,Slc22a2
MetaChat,transporter,Nan,Slc22a2
MetaChat,transporter,Cbr1,Slc22a2
MetaChat,transporter,Crat,Slc22a21
MetaChat,transporter,Bbox1,Slc22a21
MetaChat,transporter,Ddc,Slc22a21
MetaChat,transporter,Cpt1a,Slc22a21
MetaChat,transporter,Cpt1b,Slc22a21
MetaChat,transporter,Cpt1c,Slc22a21
MetaChat,transporter,Hdc,Slc22a21
MetaChat,transporter,Aldh9a1,Slc22a21
MetaChat,transporter,Nan,Slc22a27
MetaChat,transporter,Ddc,Slc22a3
MetaChat,transporter,Dbh,Slc22a3
MetaChat,transporter,Moxd1,Slc22a3
MetaChat,transporter,Hdc,Slc22a3
MetaChat,transporter,Nan,Slc22a3
MetaChat,transporter,Chat,Slc22a4
MetaChat,transporter,Sms,Slc22a4
MetaChat,transporter,Srm,Slc22a4
MetaChat,transporter,Bbox1,Slc22a4
MetaChat,transporter,Odc1,Slc22a4
MetaChat,transporter,Nan,Slc22a6
MetaChat,transporter,Kyat1,Slc22a6
MetaChat,transporter,Adcy1,Slc22a7
MetaChat,transporter,Adcy10,Slc22a7
MetaChat,transporter,Adcy2,Slc22a7
MetaChat,transporter,Adcy3,Slc22a7
MetaChat,transporter,Adcy4,Slc22a7
MetaChat,transporter,Adcy5,Slc22a7
MetaChat,transporter,Adcy6,Slc22a7
MetaChat,transporter,Adcy7,Slc22a7
MetaChat,transporter,Adcy8,Slc22a7
MetaChat,transporter,Adcy9,Slc22a7
MetaChat,transporter,Gucy1a2,Slc22a7
MetaChat,transporter,Gucy2c,Slc22a7
MetaChat,transporter,Gucy2f,Slc22a7
MetaChat,transporter,Npr1,Slc22a7
MetaChat,transporter,Npr2,Slc22a7
MetaChat,transporter,Sult1e1,Slc22a8
MetaChat,transporter,Sult5a1,Slc22a8
MetaChat,transporter,Kyat1,Slc22a8
MetaChat,transporter,Nan,Slc22a8
MetaChat,transporter,Xdh,Slc22a8
MetaChat,transporter,Xdh,Slc23a2
MetaChat,transporter,Nan,Slc25a1
MetaChat,transporter,Nan,Slc25a10
MetaChat,transporter,Nan,Slc25a11
MetaChat,transporter,Idh1,Slc25a11
MetaChat,transporter,Nit2,Slc25a11
MetaChat,transporter,Psat1,Slc25a11
MetaChat,transporter,Aadat,Slc25a13
MetaChat,transporter,Asns,Slc25a13
MetaChat,transporter,Bcat1,Slc25a13
MetaChat,transporter,Cad,Slc25a13
MetaChat,transporter,Ctps2,Slc25a13
MetaChat,transporter,Ftcd,Slc25a13
MetaChat,transporter,Gfpt1,Slc25a13
MetaChat,transporter,Gfpt2,Slc25a13
MetaChat,transporter,Ggh,Slc25a13
MetaChat,transporter,Ggt1,Slc25a13
MetaChat,transporter,Ggt5,Slc25a13
MetaChat,transporter,Ggt6,Slc25a13
MetaChat,transporter,Ggt7,Slc25a13
MetaChat,transporter,Gmps,Slc25a13
MetaChat,transporter,Got1,Slc25a13
MetaChat,transporter,Gpt,Slc25a13
MetaChat,transporter,Gpt2,Slc25a13
MetaChat,transporter,Kyat1,Slc25a13
MetaChat,transporter,Nadsyn1,Slc25a13
MetaChat,transporter,Oplah,Slc25a13
MetaChat,transporter,Pfas,Slc25a13
MetaChat,transporter,Ppat,Slc25a13
MetaChat,transporter,Tat,Slc25a13
MetaChat,transporter,Prdx6b,Slc25a14
MetaChat,transporter,Sult5a1,Slc25a14
MetaChat,transporter,Tpo,Slc25a14
MetaChat,transporter,Nan,Slc25a14
MetaChat,transporter,Flad1,Slc25a17
MetaChat,transporter,Aacs,Slc25a17
MetaChat,transporter,Acsbg1,Slc25a17
MetaChat,transporter,Acsbg2,Slc25a17
MetaChat,transporter,Acsl1,Slc25a17
MetaChat,transporter,Acsl3,Slc25a17
MetaChat,transporter,Acsl4,Slc25a17
MetaChat,transporter,Acsl5,Slc25a17
MetaChat,transporter,Acsl6,Slc25a17
MetaChat,transporter,Acss1,Slc25a17
MetaChat,transporter,Acss2,Slc25a17
MetaChat,transporter,Acss3,Slc25a17
MetaChat,transporter,Adk,Slc25a17
MetaChat,transporter,Adsl,Slc25a17
MetaChat,transporter,Alb,Slc25a17
MetaChat,transporter,Apoa1,Slc25a17
MetaChat,transporter,Apob,Slc25a17
MetaChat,transporter,Apoc1,Slc25a17
MetaChat,transporter,Apoc2,Slc25a17
MetaChat,transporter,Apoc3,Slc25a17
MetaChat,transporter,Apoe,Slc25a17
MetaChat,transporter,Aprt,Slc25a17
MetaChat,transporter,Asns,Slc25a17
MetaChat,transporter,Ass1,Slc25a17
MetaChat,transporter,Baat,Slc25a17
MetaChat,transporter,Bpnt1,Slc25a17
MetaChat,transporter,Carns1,Slc25a17
MetaChat,transporter,Enpp1,Slc25a17
MetaChat,transporter,Enpp3,Slc25a17
MetaChat,transporter,Entpd1,Slc25a17
MetaChat,transporter,Entpd3,Slc25a17
MetaChat,transporter,Entpd8,Slc25a17
MetaChat,transporter,F2,Slc25a17
MetaChat,transporter,Gmps,Slc25a17
MetaChat,transporter,Hlcs,Slc25a17
MetaChat,transporter,Nadsyn1,Slc25a17
MetaChat,transporter,Ndufab1,Slc25a17
MetaChat,transporter,Nudt12,Slc25a17
MetaChat,transporter,Nudt2,Slc25a17
MetaChat,transporter,Nudt5,Slc25a17
MetaChat,transporter,Pde10a,Slc25a17
MetaChat,transporter,Pde11a,Slc25a17
MetaChat,transporter,Pde1a,Slc25a17
MetaChat,transporter,Pde1b,Slc25a17
MetaChat,transporter,Pde1c,Slc25a17
MetaChat,transporter,Pde2a,Slc25a17
MetaChat,transporter,Pde3a,Slc25a17
MetaChat,transporter,Pde3b,Slc25a17
MetaChat,transporter,Pde4a,Slc25a17
MetaChat,transporter,Pde4b,Slc25a17
MetaChat,transporter,Pde4c,Slc25a17
MetaChat,transporter,Pde4d,Slc25a17
MetaChat,transporter,Pde7a,Slc25a17
MetaChat,transporter,Pde7b,Slc25a17
MetaChat,transporter,Pde8a,Slc25a17
MetaChat,transporter,Pde8b,Slc25a17
MetaChat,transporter,Plg,Slc25a17
MetaChat,transporter,Ppcs,Slc25a17
MetaChat,transporter,Prps1l1,Slc25a17
MetaChat,transporter,Prps1l3,Slc25a17
MetaChat,transporter,Prps2,Slc25a17
MetaChat,transporter,Sephs1,Slc25a17
MetaChat,transporter,Sephs2,Slc25a17
MetaChat,transporter,Slc27a2,Slc25a17
MetaChat,transporter,Slc27a5,Slc25a17
MetaChat,transporter,Tfrc,Slc25a17
MetaChat,transporter,Tpk1,Slc25a17
MetaChat,transporter,Txn2,Slc25a17
MetaChat,transporter,Rfk,Slc25a17
MetaChat,transporter,Thtpa,Slc25a19
MetaChat,transporter,Tpk1,Slc25a19
MetaChat,transporter,Cpt1a,Slc25a20
MetaChat,transporter,Cpt1b,Slc25a20
MetaChat,transporter,Cpt1c,Slc25a20
MetaChat,transporter,Crat,Slc25a20
MetaChat,transporter,Aadat,Slc25a21
MetaChat,transporter,Aadat,Slc25a22
MetaChat,transporter,Asns,Slc25a22
MetaChat,transporter,Bcat1,Slc25a22
MetaChat,transporter,Cad,Slc25a22
MetaChat,transporter,Ctps2,Slc25a22
MetaChat,transporter,Ftcd,Slc25a22
MetaChat,transporter,Gfpt1,Slc25a22
MetaChat,transporter,Gfpt2,Slc25a22
MetaChat,transporter,Ggh,Slc25a22
MetaChat,transporter,Ggt1,Slc25a22
MetaChat,transporter,Ggt5,Slc25a22
MetaChat,transporter,Ggt6,Slc25a22
MetaChat,transporter,Ggt7,Slc25a22
MetaChat,transporter,Gmps,Slc25a22
MetaChat,transporter,Got1,Slc25a22
MetaChat,transporter,Gpt,Slc25a22
MetaChat,transporter,Gpt2,Slc25a22
MetaChat,transporter,Kyat1,Slc25a22
MetaChat,transporter,Nadsyn1,Slc25a22
MetaChat,transporter,Oplah,Slc25a22
MetaChat,transporter,Pfas,Slc25a22
MetaChat,transporter,Ppat,Slc25a22
MetaChat,transporter,Tat,Slc25a22
MetaChat,transporter,Glul,Slc25a23
MetaChat,transporter,Lgsn,Slc25a23
MetaChat,transporter,Acy1,Slc25a29
MetaChat,transporter,Arg1,Slc25a29
MetaChat,transporter,Arg2,Slc25a29
MetaChat,transporter,Gatm,Slc25a29
MetaChat,transporter,Nan,Slc25a29
MetaChat,transporter,Nan,Slc25a30
MetaChat,transporter,Acaca,Slc25a30
MetaChat,transporter,Acacb,Slc25a30
MetaChat,transporter,Acly,Slc25a30
MetaChat,transporter,Acp1,Slc25a30
MetaChat,transporter,Acp5,Slc25a30
MetaChat,transporter,Acp6,Slc25a30
MetaChat,transporter,Acss2,Slc25a30
MetaChat,transporter,Acyp2,Slc25a30
MetaChat,transporter,Alb,Slc25a30
MetaChat,transporter,Alpl,Slc25a30
MetaChat,transporter,Apoa1,Slc25a30
MetaChat,transporter,Apob,Slc25a30
MetaChat,transporter,Apoc1,Slc25a30
MetaChat,transporter,Apoc2,Slc25a30
MetaChat,transporter,Apoc3,Slc25a30
MetaChat,transporter,Apoe,Slc25a30
MetaChat,transporter,Bpgm,Slc25a30
MetaChat,transporter,Bpnt1,Slc25a30
MetaChat,transporter,Cad,Slc25a30
MetaChat,transporter,Ctps2,Slc25a30
MetaChat,transporter,Dctpp1,Slc25a30
MetaChat,transporter,Dtymk,Slc25a30
MetaChat,transporter,Entpd1,Slc25a30
MetaChat,transporter,Entpd3,Slc25a30
MetaChat,transporter,Entpd8,Slc25a30
MetaChat,transporter,Etnppl,Slc25a30
MetaChat,transporter,F2,Slc25a30
MetaChat,transporter,Fbp1,Slc25a30
MetaChat,transporter,Fbp2,Slc25a30
MetaChat,transporter,Fpgs,Slc25a30
MetaChat,transporter,Gart,Slc25a30
MetaChat,transporter,Gclc,Slc25a30
MetaChat,transporter,Gclm,Slc25a30
MetaChat,transporter,Glul,Slc25a30
MetaChat,transporter,Gmppa,Slc25a30
MetaChat,transporter,Gmppb,Slc25a30
MetaChat,transporter,Gss,Slc25a30
MetaChat,transporter,Guca1a,Slc25a30
MetaChat,transporter,Impa1,Slc25a30
MetaChat,transporter,Impa2,Slc25a30
MetaChat,transporter,Inpp1,Slc25a30
MetaChat,transporter,Inpp4a,Slc25a30
MetaChat,transporter,Inpp4b,Slc25a30
MetaChat,transporter,Inpp5a,Slc25a30
MetaChat,transporter,Inpp5b,Slc25a30
MetaChat,transporter,Inpp5d,Slc25a30
MetaChat,transporter,Inpp5e,Slc25a30
MetaChat,transporter,Inpp5j,Slc25a30
MetaChat,transporter,Inppl1,Slc25a30
MetaChat,transporter,Ip6k1,Slc25a30
MetaChat,transporter,Ip6k3,Slc25a30
MetaChat,transporter,Lgsn,Slc25a30
MetaChat,transporter,Lhpp,Slc25a30
MetaChat,transporter,Mat1a,Slc25a30
MetaChat,transporter,Mat2b,Slc25a30
MetaChat,transporter,Mthfd1,Slc25a30
MetaChat,transporter,Mtmr1,Slc25a30
MetaChat,transporter,Mtmr2,Slc25a30
MetaChat,transporter,Mtmr3,Slc25a30
MetaChat,transporter,Mvd,Slc25a30
MetaChat,transporter,Nanp,Slc25a30
MetaChat,transporter,Nans,Slc25a30
MetaChat,transporter,Ndufab1,Slc25a30
MetaChat,transporter,Nt5c,Slc25a30
MetaChat,transporter,Nt5c1a,Slc25a30
MetaChat,transporter,Nt5c1b,Slc25a30
MetaChat,transporter,Nt5c2,Slc25a30
MetaChat,transporter,Nt5e,Slc25a30
MetaChat,transporter,Ocrl,Slc25a30
MetaChat,transporter,Oplah,Slc25a30
MetaChat,transporter,Paics,Slc25a30
MetaChat,transporter,Pfas,Slc25a30
MetaChat,transporter,Pfkfb1,Slc25a30
MetaChat,transporter,Pfkfb2,Slc25a30
MetaChat,transporter,Pfkfb3,Slc25a30
MetaChat,transporter,Pfkfb4,Slc25a30
MetaChat,transporter,Pgam1,Slc25a30
MetaChat,transporter,Pgam2,Slc25a30
MetaChat,transporter,Pgp,Slc25a30
MetaChat,transporter,Phex,Slc25a30
MetaChat,transporter,Phospho1,Slc25a30
MetaChat,transporter,Plg,Slc25a30
MetaChat,transporter,Plpp1,Slc25a30
MetaChat,transporter,Plpp2,Slc25a30
MetaChat,transporter,Plpp3,Slc25a30
MetaChat,transporter,Ppa1,Slc25a30
MetaChat,transporter,Psph,Slc25a30
MetaChat,transporter,Rwdd2a,Slc25a30
MetaChat,transporter,Sephs1,Slc25a30
MetaChat,transporter,Sephs2,Slc25a30
MetaChat,transporter,Sgpp1,Slc25a30
MetaChat,transporter,Sgpp2,Slc25a30
MetaChat,transporter,Synj1,Slc25a30
MetaChat,transporter,Synj2,Slc25a30
MetaChat,transporter,Tfrc,Slc25a30
MetaChat,transporter,Thnsl1,Slc25a30
MetaChat,transporter,Thtpa,Slc25a30
MetaChat,transporter,Txn2,Slc25a30
MetaChat,transporter,Prdx6b,Slc25a30
MetaChat,transporter,Sult5a1,Slc25a30
MetaChat,transporter,Tpo,Slc25a30
MetaChat,transporter,Afmid,Slc25a32
MetaChat,transporter,Esd,Slc25a32
MetaChat,transporter,Gch1,Slc25a32
MetaChat,transporter,Aldh1l1,Slc25a32
MetaChat,transporter,Aldh1l2,Slc25a32
MetaChat,transporter,Atic,Slc25a32
MetaChat,transporter,Dhfr,Slc25a32
MetaChat,transporter,Gart,Slc25a32
MetaChat,transporter,Ggh,Slc25a32
MetaChat,transporter,Mtr,Slc25a32
MetaChat,transporter,Gamt,Slc25a32
MetaChat,transporter,Ak5,Slc25a33
MetaChat,transporter,Cmpk1,Slc25a33
MetaChat,transporter,Pfkl,Slc25a33
MetaChat,transporter,A4galt,Slc25a33
MetaChat,transporter,Alg5,Slc25a33
MetaChat,transporter,Dpm2,Slc25a33
MetaChat,transporter,Gne,Slc25a33
MetaChat,transporter,Gys1,Slc25a33
MetaChat,transporter,Gys2,Slc25a33
MetaChat,transporter,Piga,Slc25a33
MetaChat,transporter,Pigc,Slc25a33
MetaChat,transporter,Pigh,Slc25a33
MetaChat,transporter,Pigp,Slc25a33
MetaChat,transporter,Pigq,Slc25a33
MetaChat,transporter,Ugt1a1,Slc25a33
MetaChat,transporter,Ak5,Slc25a36
MetaChat,transporter,Cmpk1,Slc25a36
MetaChat,transporter,Pfkl,Slc25a36
MetaChat,transporter,Dpagt1,Slc25a36
MetaChat,transporter,Enpp1,Slc25a36
MetaChat,transporter,Enpp2,Slc25a36
MetaChat,transporter,Enpp3,Slc25a36
MetaChat,transporter,Uck1,Slc25a36
MetaChat,transporter,Uck2,Slc25a36
MetaChat,transporter,Uckl1,Slc25a36
MetaChat,transporter,Umps,Slc25a36
MetaChat,transporter,Nme2,Slc25a36
MetaChat,transporter,Nme3,Slc25a36
MetaChat,transporter,Nme6,Slc25a36
MetaChat,transporter,Nme7,Slc25a36
MetaChat,transporter,Pklr,Slc25a36
MetaChat,transporter,Rrm1,Slc25a36
MetaChat,transporter,Rrm2,Slc25a36
MetaChat,transporter,Rrm2b,Slc25a36
MetaChat,transporter,A4galt,Slc25a36
MetaChat,transporter,Alg5,Slc25a36
MetaChat,transporter,Dpm2,Slc25a36
MetaChat,transporter,Gne,Slc25a36
MetaChat,transporter,Gys1,Slc25a36
MetaChat,transporter,Gys2,Slc25a36
MetaChat,transporter,Piga,Slc25a36
MetaChat,transporter,Pigc,Slc25a36
MetaChat,transporter,Pigh,Slc25a36
MetaChat,transporter,Pigp,Slc25a36
MetaChat,transporter,Pigq,Slc25a36
MetaChat,transporter,Ugt1a1,Slc25a36
MetaChat,transporter,Heph,Slc25a37
MetaChat,transporter,Esd,Slc25a39
MetaChat,transporter,Gsr,Slc25a39
MetaChat,transporter,Gss,Slc25a39
MetaChat,transporter,Hagh,Slc25a39
MetaChat,transporter,Haghl,Slc25a39
MetaChat,transporter,Acaca,Slc25a42
MetaChat,transporter,Acacb,Slc25a42
MetaChat,transporter,Acly,Slc25a42
MetaChat,transporter,Acss2,Slc25a42
MetaChat,transporter,Adk,Slc25a42
MetaChat,transporter,Ak1,Slc25a42
MetaChat,transporter,Ak2,Slc25a42
MetaChat,transporter,Ak4,Slc25a42
MetaChat,transporter,Ak5,Slc25a42
MetaChat,transporter,Ak7,Slc25a42
MetaChat,transporter,Alb,Slc25a42
MetaChat,transporter,Apoa1,Slc25a42
MetaChat,transporter,Apob,Slc25a42
MetaChat,transporter,Apoc1,Slc25a42
MetaChat,transporter,Apoc2,Slc25a42
MetaChat,transporter,Apoc3,Slc25a42
MetaChat,transporter,Apoe,Slc25a42
MetaChat,transporter,Cad,Slc25a42
MetaChat,transporter,Cerk,Slc25a42
MetaChat,transporter,Chka,Slc25a42
MetaChat,transporter,Chkb,Slc25a42
MetaChat,transporter,Ckb,Slc25a42
MetaChat,transporter,Ckm,Slc25a42
MetaChat,transporter,Cmpk1,Slc25a42
MetaChat,transporter,Coasy,Slc25a42
MetaChat,transporter,Ctps2,Slc25a42
MetaChat,transporter,Dck,Slc25a42
MetaChat,transporter,Dgka,Slc25a42
MetaChat,transporter,Dgkb,Slc25a42
MetaChat,transporter,Dgkd,Slc25a42
MetaChat,transporter,Dgke,Slc25a42
MetaChat,transporter,Dgkg,Slc25a42
MetaChat,transporter,Dgkh,Slc25a42
MetaChat,transporter,Dgki,Slc25a42
MetaChat,transporter,Dgkq,Slc25a42
MetaChat,transporter,Dgkz,Slc25a42
MetaChat,transporter,Dguok,Slc25a42
MetaChat,transporter,Dtymk,Slc25a42
MetaChat,transporter,Etnk1,Slc25a42
MetaChat,transporter,Etnk2,Slc25a42
MetaChat,transporter,F2,Slc25a42
MetaChat,transporter,Fpgs,Slc25a42
MetaChat,transporter,Galk1,Slc25a42
MetaChat,transporter,Galk2,Slc25a42
MetaChat,transporter,Gart,Slc25a42
MetaChat,transporter,Gck,Slc25a42
MetaChat,transporter,Gclc,Slc25a42
MetaChat,transporter,Gclm,Slc25a42
MetaChat,transporter,Gk,Slc25a42
MetaChat,transporter,Gk2,Slc25a42
MetaChat,transporter,Glul,Slc25a42
MetaChat,transporter,Glyctk,Slc25a42
MetaChat,transporter,Gne,Slc25a42
MetaChat,transporter,Gss,Slc25a42
MetaChat,transporter,Guk1,Slc25a42
MetaChat,transporter,Hcst,Slc25a42
MetaChat,transporter,Hk1,Slc25a42
MetaChat,transporter,Hk2,Slc25a42
MetaChat,transporter,Hk3,Slc25a42
MetaChat,transporter,Hkdc1,Slc25a42
MetaChat,transporter,Itpka,Slc25a42
MetaChat,transporter,Itpkb,Slc25a42
MetaChat,transporter,Itpkc,Slc25a42
MetaChat,transporter,Khk,Slc25a42
MetaChat,transporter,Lgsn,Slc25a42
MetaChat,transporter,Mia3,Slc25a42
MetaChat,transporter,Mthfd1,Slc25a42
MetaChat,transporter,Mvd,Slc25a42
MetaChat,transporter,Mvk,Slc25a42
MetaChat,transporter,Nadk,Slc25a42
MetaChat,transporter,Nagk,Slc25a42
MetaChat,transporter,Ndufab1,Slc25a42
MetaChat,transporter,Nme2,Slc25a42
MetaChat,transporter,Nme3,Slc25a42
MetaChat,transporter,Nme6,Slc25a42
MetaChat,transporter,Nme7,Slc25a42
MetaChat,transporter,Nmrk1,Slc25a42
MetaChat,transporter,Oplah,Slc25a42
MetaChat,transporter,Paics,Slc25a42
MetaChat,transporter,Pank1,Slc25a42
MetaChat,transporter,Pank2,Slc25a42
MetaChat,transporter,Pank3,Slc25a42
MetaChat,transporter,Pank4,Slc25a42
MetaChat,transporter,Papss1,Slc25a42
MetaChat,transporter,Papss2,Slc25a42
MetaChat,transporter,Pdxk,Slc25a42
MetaChat,transporter,Pfas,Slc25a42
MetaChat,transporter,Pfkfb1,Slc25a42
MetaChat,transporter,Pfkfb2,Slc25a42
MetaChat,transporter,Pfkfb3,Slc25a42
MetaChat,transporter,Pfkfb4,Slc25a42
MetaChat,transporter,Pfkl,Slc25a42
MetaChat,transporter,Pfkm,Slc25a42
MetaChat,transporter,Pfkp,Slc25a42
MetaChat,transporter,Pgk1,Slc25a42
MetaChat,transporter,Pgk2,Slc25a42
MetaChat,transporter,Pi4k2a,Slc25a42
MetaChat,transporter,Pi4ka,Slc25a42
MetaChat,transporter,Pi4kb,Slc25a42
MetaChat,transporter,Pik3c2a,Slc25a42
MetaChat,transporter,Pik3c2b,Slc25a42
MetaChat,transporter,Pik3c2g,Slc25a42
MetaChat,transporter,Pik3c3,Slc25a42
MetaChat,transporter,Pik3ca,Slc25a42
MetaChat,transporter,Pik3cb,Slc25a42
MetaChat,transporter,Pik3cd,Slc25a42
MetaChat,transporter,Pik3cg,Slc25a42
MetaChat,transporter,Pik3r1,Slc25a42
MetaChat,transporter,Pik3r2,Slc25a42
MetaChat,transporter,Pik3r3,Slc25a42
MetaChat,transporter,Pik3r5,Slc25a42
MetaChat,transporter,Pikfyve,Slc25a42
MetaChat,transporter,Pip4k2a,Slc25a42
MetaChat,transporter,Pip4k2b,Slc25a42
MetaChat,transporter,Pip4k2c,Slc25a42
MetaChat,transporter,Pip5k1a,Slc25a42
MetaChat,transporter,Pip5k1b,Slc25a42
MetaChat,transporter,Pip5k1c,Slc25a42
MetaChat,transporter,Plg,Slc25a42
MetaChat,transporter,Pmvk,Slc25a42
MetaChat,transporter,Rbks,Slc25a42
MetaChat,transporter,Rfk,Slc25a42
MetaChat,transporter,Sphk1,Slc25a42
MetaChat,transporter,Sphk2,Slc25a42
MetaChat,transporter,Tfrc,Slc25a42
MetaChat,transporter,Tk1,Slc25a42
MetaChat,transporter,Tk2,Slc25a42
MetaChat,transporter,Txn2,Slc25a42
MetaChat,transporter,Uck1,Slc25a42
MetaChat,transporter,Uck2,Slc25a42
MetaChat,transporter,Uckl1,Slc25a42
MetaChat,transporter,Xylb,Slc25a42
MetaChat,transporter,Adh4,Slc25a47
MetaChat,transporter,Adh5,Slc25a47
MetaChat,transporter,Adh7,Slc25a47
MetaChat,transporter,Adhfe1,Slc25a47
MetaChat,transporter,Aldh3a1,Slc25a47
MetaChat,transporter,Aldh9a1,Slc25a47
MetaChat,transporter,Cbr1,Slc25a47
MetaChat,transporter,Cyb5r1,Slc25a47
MetaChat,transporter,Cyb5r2,Slc25a47
MetaChat,transporter,Cyb5r3,Slc25a47
MetaChat,transporter,Dhfr,Slc25a47
MetaChat,transporter,Fads1,Slc25a47
MetaChat,transporter,Fads2,Slc25a47
MetaChat,transporter,Ldha,Slc25a47
MetaChat,transporter,Ldhal6b,Slc25a47
MetaChat,transporter,Ldhb,Slc25a47
MetaChat,transporter,Ldhc,Slc25a47
MetaChat,transporter,Ldhd,Slc25a47
MetaChat,transporter,Nadsyn1,Slc25a47
MetaChat,transporter,Nmnat2,Slc25a47
MetaChat,transporter,Nmnat3,Slc25a47
MetaChat,transporter,Qdpr,Slc25a47
MetaChat,transporter,Txnrd1,Slc25a47
MetaChat,transporter,Adh4,Slc25a51
MetaChat,transporter,Adh5,Slc25a51
MetaChat,transporter,Adh7,Slc25a51
MetaChat,transporter,Adhfe1,Slc25a51
MetaChat,transporter,Aldh3a1,Slc25a51
MetaChat,transporter,Aldh9a1,Slc25a51
MetaChat,transporter,Cbr1,Slc25a51
MetaChat,transporter,Cyb5r1,Slc25a51
MetaChat,transporter,Cyb5r2,Slc25a51
MetaChat,transporter,Cyb5r3,Slc25a51
MetaChat,transporter,Dhfr,Slc25a51
MetaChat,transporter,Fads1,Slc25a51
MetaChat,transporter,Fads2,Slc25a51
MetaChat,transporter,Ldha,Slc25a51
MetaChat,transporter,Ldhal6b,Slc25a51
MetaChat,transporter,Ldhb,Slc25a51
MetaChat,transporter,Ldhc,Slc25a51
MetaChat,transporter,Ldhd,Slc25a51
MetaChat,transporter,Nadsyn1,Slc25a51
MetaChat,transporter,Nmnat2,Slc25a51
MetaChat,transporter,Nmnat3,Slc25a51
MetaChat,transporter,Qdpr,Slc25a51
MetaChat,transporter,Txnrd1,Slc25a51
MetaChat,transporter,Nan,Slc26a11
MetaChat,transporter,Afmid,Slc26a6
MetaChat,transporter,Esd,Slc26a6
MetaChat,transporter,Gch1,Slc26a6
MetaChat,transporter,Olah,Slc27a1
MetaChat,transporter,Csad,Slc27a1
MetaChat,transporter,Gad1,Slc27a1
MetaChat,transporter,Gad2,Slc27a1
MetaChat,transporter,Nan,Slc27a1
MetaChat,transporter,Acot1,Slc27a2
MetaChat,transporter,Acot6,Slc27a2
MetaChat,transporter,Baat,Slc27a2
MetaChat,transporter,Olah,Slc27a2
MetaChat,transporter,Nan,Slc27a2
MetaChat,transporter,Elovl2,Slc27a2
MetaChat,transporter,Elovl5,Slc27a2
MetaChat,transporter,Elovl6,Slc27a2
MetaChat,transporter,Fasn,Slc27a2
MetaChat,transporter,Acsl3,Slc27a3
MetaChat,transporter,Elovl2,Slc27a3
MetaChat,transporter,Elovl5,Slc27a3
MetaChat,transporter,Elovl6,Slc27a3
MetaChat,transporter,Fasn,Slc27a3
MetaChat,transporter,Olah,Slc27a5
MetaChat,transporter,Nan,Slc27a5
MetaChat,transporter,Acot1,Slc27a5
MetaChat,transporter,Acot6,Slc27a5
MetaChat,transporter,Baat,Slc27a5
MetaChat,transporter,Elovl2,Slc27a5
MetaChat,transporter,Elovl5,Slc27a5
MetaChat,transporter,Elovl6,Slc27a5
MetaChat,transporter,Fasn,Slc27a5
MetaChat,transporter,Olah,Slc27a6
MetaChat,transporter,Elovl2,Slc27a6
MetaChat,transporter,Elovl5,Slc27a6
MetaChat,transporter,Elovl6,Slc27a6
MetaChat,transporter,Fasn,Slc27a6
MetaChat,transporter,Ada,Slc28a2
MetaChat,transporter,Nt5c1a,Slc28a2
MetaChat,transporter,Nt5c1b,Slc28a2
MetaChat,transporter,Nt5c2,Slc28a2
MetaChat,transporter,Nt5e,Slc28a2
MetaChat,transporter,Ahcyl1,Slc28a2
MetaChat,transporter,Ahcyl2,Slc28a2
MetaChat,transporter,Nt5c,Slc28a2
MetaChat,transporter,Nt5c,Slc28a3
MetaChat,transporter,Nt5c1a,Slc28a3
MetaChat,transporter,Nt5c1b,Slc28a3
MetaChat,transporter,Nt5c2,Slc28a3
MetaChat,transporter,Nt5e,Slc28a3
MetaChat,transporter,Ada,Slc28a3
MetaChat,transporter,Mtap,Slc28a3
MetaChat,transporter,Aicda,Slc28a3
MetaChat,transporter,Cda,Slc28a3
MetaChat,transporter,Nt5c,Slc29a1
MetaChat,transporter,Nt5c1a,Slc29a1
MetaChat,transporter,Nt5c1b,Slc29a1
MetaChat,transporter,Nt5c2,Slc29a1
MetaChat,transporter,Nt5e,Slc29a1
MetaChat,transporter,Ada,Slc29a1
MetaChat,transporter,Ahcyl1,Slc29a1
MetaChat,transporter,Ahcyl2,Slc29a1
MetaChat,transporter,Aicda,Slc29a1
MetaChat,transporter,Cda,Slc29a1
MetaChat,transporter,Nan,Slc29a1
MetaChat,transporter,Nt5c,Slc29a2
MetaChat,transporter,Nt5c1a,Slc29a2
MetaChat,transporter,Nt5c1b,Slc29a2
MetaChat,transporter,Nt5c2,Slc29a2
MetaChat,transporter,Nt5e,Slc29a2
MetaChat,transporter,Mtap,Slc29a2
MetaChat,transporter,Nan,Slc29a2
MetaChat,transporter,Aicda,Slc29a2
MetaChat,transporter,Cda,Slc29a2
MetaChat,transporter,Ada,Slc29a2
MetaChat,transporter,Phex,Slc29a2
MetaChat,transporter,Ahcyl1,Slc29a2
MetaChat,transporter,Ahcyl2,Slc29a2
MetaChat,transporter,Dpyd,Slc29a2
MetaChat,transporter,Tymp,Slc29a2
MetaChat,transporter,Guca1a,Slc29a2
MetaChat,transporter,Upp1,Slc29a2
MetaChat,transporter,Upp2,Slc29a2
MetaChat,transporter,Mtap,Slc29a3
MetaChat,transporter,Ddc,Slc29a4
MetaChat,transporter,Dbh,Slc29a4
MetaChat,transporter,Moxd1,Slc29a4
MetaChat,transporter,Nan,Slc2a1
MetaChat,transporter,Dbh,Slc2a1
MetaChat,transporter,Moxd1,Slc2a1
MetaChat,transporter,Man2c1,Slc2a1
MetaChat,transporter,Agl,Slc2a1
MetaChat,transporter,Gaa,Slc2a1
MetaChat,transporter,Ganc,Slc2a1
MetaChat,transporter,Mgam,Slc2a1
MetaChat,transporter,Pgghg,Slc2a1
MetaChat,transporter,Pygb,Slc2a1
MetaChat,transporter,Pygl,Slc2a1
MetaChat,transporter,Pygm,Slc2a1
MetaChat,transporter,Treh,Slc2a1
MetaChat,transporter,Dbh,Slc2a10
MetaChat,transporter,Moxd1,Slc2a10
MetaChat,transporter,Nan,Slc2a10
MetaChat,transporter,Agl,Slc2a10
MetaChat,transporter,Gaa,Slc2a10
MetaChat,transporter,Ganc,Slc2a10
MetaChat,transporter,Mgam,Slc2a10
MetaChat,transporter,Pgghg,Slc2a10
MetaChat,transporter,Pygb,Slc2a10
MetaChat,transporter,Pygl,Slc2a10
MetaChat,transporter,Pygm,Slc2a10
MetaChat,transporter,Treh,Slc2a10
MetaChat,transporter,Xdh,Slc2a12
MetaChat,transporter,Agl,Slc2a12
MetaChat,transporter,Gaa,Slc2a12
MetaChat,transporter,Ganc,Slc2a12
MetaChat,transporter,Mgam,Slc2a12
MetaChat,transporter,Pgghg,Slc2a12
MetaChat,transporter,Pygb,Slc2a12
MetaChat,transporter,Pygl,Slc2a12
MetaChat,transporter,Pygm,Slc2a12
MetaChat,transporter,Treh,Slc2a12
MetaChat,transporter,Dbh,Slc2a2
MetaChat,transporter,Moxd1,Slc2a2
MetaChat,transporter,Nan,Slc2a2
MetaChat,transporter,Sord,Slc2a2
MetaChat,transporter,Man2c1,Slc2a2
MetaChat,transporter,Agl,Slc2a2
MetaChat,transporter,Gaa,Slc2a2
MetaChat,transporter,Ganc,Slc2a2
MetaChat,transporter,Mgam,Slc2a2
MetaChat,transporter,Pgghg,Slc2a2
MetaChat,transporter,Pygb,Slc2a2
MetaChat,transporter,Pygl,Slc2a2
MetaChat,transporter,Pygm,Slc2a2
MetaChat,transporter,Treh,Slc2a2
MetaChat,transporter,Impa1,Slc2a2
MetaChat,transporter,Impa2,Slc2a2
MetaChat,transporter,Mtmr1,Slc2a2
MetaChat,transporter,Mtmr2,Slc2a2
MetaChat,transporter,Pld2,Slc2a2
MetaChat,transporter,Agl,Slc2a4
MetaChat,transporter,Gaa,Slc2a4
MetaChat,transporter,Ganc,Slc2a4
MetaChat,transporter,Mgam,Slc2a4
MetaChat,transporter,Pgghg,Slc2a4
MetaChat,transporter,Pygb,Slc2a4
MetaChat,transporter,Pygl,Slc2a4
MetaChat,transporter,Pygm,Slc2a4
MetaChat,transporter,Treh,Slc2a4
MetaChat,transporter,Nan,Slc2a4
MetaChat,transporter,Dbh,Slc2a4
MetaChat,transporter,Moxd1,Slc2a4
MetaChat,transporter,Sord,Slc2a5
MetaChat,transporter,Agl,Slc2a6
MetaChat,transporter,Gaa,Slc2a6
MetaChat,transporter,Ganc,Slc2a6
MetaChat,transporter,Mgam,Slc2a6
MetaChat,transporter,Pgghg,Slc2a6
MetaChat,transporter,Pygb,Slc2a6
MetaChat,transporter,Pygl,Slc2a6
MetaChat,transporter,Pygm,Slc2a6
MetaChat,transporter,Treh,Slc2a6
MetaChat,transporter,Agl,Slc2a7
MetaChat,transporter,Gaa,Slc2a7
MetaChat,transporter,Ganc,Slc2a7
MetaChat,transporter,Mgam,Slc2a7
MetaChat,transporter,Pgghg,Slc2a7
MetaChat,transporter,Pygb,Slc2a7
MetaChat,transporter,Pygl,Slc2a7
MetaChat,transporter,Pygm,Slc2a7
MetaChat,transporter,Treh,Slc2a7
MetaChat,transporter,Sord,Slc2a7
MetaChat,transporter,Sord,Slc2a8
MetaChat,transporter,Agl,Slc2a8
MetaChat,transporter,Gaa,Slc2a8
MetaChat,transporter,Ganc,Slc2a8
MetaChat,transporter,Mgam,Slc2a8
MetaChat,transporter,Pgghg,Slc2a8
MetaChat,transporter,Pygb,Slc2a8
MetaChat,transporter,Pygl,Slc2a8
MetaChat,transporter,Pygm,Slc2a8
MetaChat,transporter,Treh,Slc2a8
MetaChat,transporter,Nan,Slc2a8
MetaChat,transporter,Agl,Slc2a9
MetaChat,transporter,Gaa,Slc2a9
MetaChat,transporter,Ganc,Slc2a9
MetaChat,transporter,Mgam,Slc2a9
MetaChat,transporter,Pgghg,Slc2a9
MetaChat,transporter,Pygb,Slc2a9
MetaChat,transporter,Pygl,Slc2a9
MetaChat,transporter,Pygm,Slc2a9
MetaChat,transporter,Treh,Slc2a9
MetaChat,transporter,Impa1,Slc2a9
MetaChat,transporter,Impa2,Slc2a9
MetaChat,transporter,Mtmr1,Slc2a9
MetaChat,transporter,Mtmr2,Slc2a9
MetaChat,transporter,Pld2,Slc2a9
MetaChat,transporter,Xdh,Slc2a9
MetaChat,transporter,Anpep,Slc32a1
MetaChat,transporter,Cndp1,Slc32a1
MetaChat,transporter,Cndp2,Slc32a1
MetaChat,transporter,Dpep1,Slc32a1
MetaChat,transporter,Pepd,Slc32a1
MetaChat,transporter,Shmt1,Slc32a1
MetaChat,transporter,Tpp1,Slc32a1
MetaChat,transporter,Acaca,Slc35b1
MetaChat,transporter,Acacb,Slc35b1
MetaChat,transporter,Acly,Slc35b1
MetaChat,transporter,Acss2,Slc35b1
MetaChat,transporter,Adk,Slc35b1
MetaChat,transporter,Ak1,Slc35b1
MetaChat,transporter,Ak2,Slc35b1
MetaChat,transporter,Ak4,Slc35b1
MetaChat,transporter,Ak5,Slc35b1
MetaChat,transporter,Ak7,Slc35b1
MetaChat,transporter,Alb,Slc35b1
MetaChat,transporter,Apoa1,Slc35b1
MetaChat,transporter,Apob,Slc35b1
MetaChat,transporter,Apoc1,Slc35b1
MetaChat,transporter,Apoc2,Slc35b1
MetaChat,transporter,Apoc3,Slc35b1
MetaChat,transporter,Apoe,Slc35b1
MetaChat,transporter,Cad,Slc35b1
MetaChat,transporter,Cerk,Slc35b1
MetaChat,transporter,Chka,Slc35b1
MetaChat,transporter,Chkb,Slc35b1
MetaChat,transporter,Ckb,Slc35b1
MetaChat,transporter,Ckm,Slc35b1
MetaChat,transporter,Cmpk1,Slc35b1
MetaChat,transporter,Coasy,Slc35b1
MetaChat,transporter,Ctps2,Slc35b1
MetaChat,transporter,Dck,Slc35b1
MetaChat,transporter,Dgka,Slc35b1
MetaChat,transporter,Dgkb,Slc35b1
MetaChat,transporter,Dgkd,Slc35b1
MetaChat,transporter,Dgke,Slc35b1
MetaChat,transporter,Dgkg,Slc35b1
MetaChat,transporter,Dgkh,Slc35b1
MetaChat,transporter,Dgki,Slc35b1
MetaChat,transporter,Dgkq,Slc35b1
MetaChat,transporter,Dgkz,Slc35b1
MetaChat,transporter,Dguok,Slc35b1
MetaChat,transporter,Dtymk,Slc35b1
MetaChat,transporter,Etnk1,Slc35b1
MetaChat,transporter,Etnk2,Slc35b1
MetaChat,transporter,F2,Slc35b1
MetaChat,transporter,Fpgs,Slc35b1
MetaChat,transporter,Galk1,Slc35b1
MetaChat,transporter,Galk2,Slc35b1
MetaChat,transporter,Gart,Slc35b1
MetaChat,transporter,Gck,Slc35b1
MetaChat,transporter,Gclc,Slc35b1
MetaChat,transporter,Gclm,Slc35b1
MetaChat,transporter,Gk,Slc35b1
MetaChat,transporter,Gk2,Slc35b1
MetaChat,transporter,Glul,Slc35b1
MetaChat,transporter,Glyctk,Slc35b1
MetaChat,transporter,Gne,Slc35b1
MetaChat,transporter,Gss,Slc35b1
MetaChat,transporter,Guk1,Slc35b1
MetaChat,transporter,Hcst,Slc35b1
MetaChat,transporter,Hk1,Slc35b1
MetaChat,transporter,Hk2,Slc35b1
MetaChat,transporter,Hk3,Slc35b1
MetaChat,transporter,Hkdc1,Slc35b1
MetaChat,transporter,Itpka,Slc35b1
MetaChat,transporter,Itpkb,Slc35b1
MetaChat,transporter,Itpkc,Slc35b1
MetaChat,transporter,Khk,Slc35b1
MetaChat,transporter,Lgsn,Slc35b1
MetaChat,transporter,Mia3,Slc35b1
MetaChat,transporter,Mthfd1,Slc35b1
MetaChat,transporter,Mvd,Slc35b1
MetaChat,transporter,Mvk,Slc35b1
MetaChat,transporter,Nadk,Slc35b1
MetaChat,transporter,Nagk,Slc35b1
MetaChat,transporter,Ndufab1,Slc35b1
MetaChat,transporter,Nme2,Slc35b1
MetaChat,transporter,Nme3,Slc35b1
MetaChat,transporter,Nme6,Slc35b1
MetaChat,transporter,Nme7,Slc35b1
MetaChat,transporter,Nmrk1,Slc35b1
MetaChat,transporter,Oplah,Slc35b1
MetaChat,transporter,Paics,Slc35b1
MetaChat,transporter,Pank1,Slc35b1
MetaChat,transporter,Pank2,Slc35b1
MetaChat,transporter,Pank3,Slc35b1
MetaChat,transporter,Pank4,Slc35b1
MetaChat,transporter,Papss1,Slc35b1
MetaChat,transporter,Papss2,Slc35b1
MetaChat,transporter,Pdxk,Slc35b1
MetaChat,transporter,Pfas,Slc35b1
MetaChat,transporter,Pfkfb1,Slc35b1
MetaChat,transporter,Pfkfb2,Slc35b1
MetaChat,transporter,Pfkfb3,Slc35b1
MetaChat,transporter,Pfkfb4,Slc35b1
MetaChat,transporter,Pfkl,Slc35b1
MetaChat,transporter,Pfkm,Slc35b1
MetaChat,transporter,Pfkp,Slc35b1
MetaChat,transporter,Pgk1,Slc35b1
MetaChat,transporter,Pgk2,Slc35b1
MetaChat,transporter,Pi4k2a,Slc35b1
MetaChat,transporter,Pi4ka,Slc35b1
MetaChat,transporter,Pi4kb,Slc35b1
MetaChat,transporter,Pik3c2a,Slc35b1
MetaChat,transporter,Pik3c2b,Slc35b1
MetaChat,transporter,Pik3c2g,Slc35b1
MetaChat,transporter,Pik3c3,Slc35b1
MetaChat,transporter,Pik3ca,Slc35b1
MetaChat,transporter,Pik3cb,Slc35b1
MetaChat,transporter,Pik3cd,Slc35b1
MetaChat,transporter,Pik3cg,Slc35b1
MetaChat,transporter,Pik3r1,Slc35b1
MetaChat,transporter,Pik3r2,Slc35b1
MetaChat,transporter,Pik3r3,Slc35b1
MetaChat,transporter,Pik3r5,Slc35b1
MetaChat,transporter,Pikfyve,Slc35b1
MetaChat,transporter,Pip4k2a,Slc35b1
MetaChat,transporter,Pip4k2b,Slc35b1
MetaChat,transporter,Pip4k2c,Slc35b1
MetaChat,transporter,Pip5k1a,Slc35b1
MetaChat,transporter,Pip5k1b,Slc35b1
MetaChat,transporter,Pip5k1c,Slc35b1
MetaChat,transporter,Plg,Slc35b1
MetaChat,transporter,Pmvk,Slc35b1
MetaChat,transporter,Rbks,Slc35b1
MetaChat,transporter,Rfk,Slc35b1
MetaChat,transporter,Sphk1,Slc35b1
MetaChat,transporter,Sphk2,Slc35b1
MetaChat,transporter,Tfrc,Slc35b1
MetaChat,transporter,Tk1,Slc35b1
MetaChat,transporter,Tk2,Slc35b1
MetaChat,transporter,Txn2,Slc35b1
MetaChat,transporter,Uck1,Slc35b1
MetaChat,transporter,Uck2,Slc35b1
MetaChat,transporter,Uckl1,Slc35b1
MetaChat,transporter,Xylb,Slc35b1
MetaChat,transporter,Nudt2,Slc35b1
MetaChat,transporter,Pklr,Slc35b1
MetaChat,transporter,Pkm,Slc35b1
MetaChat,transporter,Rrm1,Slc35b1
MetaChat,transporter,Rrm2,Slc35b1
MetaChat,transporter,Rrm2b,Slc35b1
MetaChat,transporter,Ugp2,Slc35d3
MetaChat,transporter,Mtap,Slc35f5
MetaChat,transporter,Aldh1a2,Slc36a1
MetaChat,transporter,Aldh1a7,Slc36a1
MetaChat,transporter,Aldh3a2,Slc36a1
MetaChat,transporter,Aldh7a1,Slc36a1
MetaChat,transporter,Aldh9a1,Slc36a1
MetaChat,transporter,Cndp1,Slc36a1
MetaChat,transporter,Cndp2,Slc36a1
MetaChat,transporter,Gad1,Slc36a1
MetaChat,transporter,Upb1,Slc36a1
MetaChat,transporter,Pepd,Slc36a1
MetaChat,transporter,Pycr1,Slc36a1
MetaChat,transporter,Pycr2,Slc36a1
MetaChat,transporter,Anpep,Slc36a1
MetaChat,transporter,Dpep1,Slc36a1
MetaChat,transporter,Shmt1,Slc36a1
MetaChat,transporter,Tpp1,Slc36a1
MetaChat,transporter,Pld2,Slc36a4
MetaChat,transporter,Psph,Slc36a4
MetaChat,transporter,Glul,Slc36a4
MetaChat,transporter,Lgsn,Slc36a4
MetaChat,transporter,Pepd,Slc36a4
MetaChat,transporter,Pycr1,Slc36a4
MetaChat,transporter,Pycr2,Slc36a4
MetaChat,transporter,Gck,Slc37a2
MetaChat,transporter,Hk1,Slc37a2
MetaChat,transporter,Hk2,Slc37a2
MetaChat,transporter,Hk3,Slc37a2
MetaChat,transporter,Hkdc1,Slc37a2
MetaChat,transporter,Pgm1,Slc37a2
MetaChat,transporter,Pgm2,Slc37a2
MetaChat,transporter,Glul,Slc38a1
MetaChat,transporter,Lgsn,Slc38a1
MetaChat,transporter,Aadat,Slc38a10
MetaChat,transporter,Asns,Slc38a10
MetaChat,transporter,Bcat1,Slc38a10
MetaChat,transporter,Cad,Slc38a10
MetaChat,transporter,Ctps2,Slc38a10
MetaChat,transporter,Ftcd,Slc38a10
MetaChat,transporter,Gfpt1,Slc38a10
MetaChat,transporter,Gfpt2,Slc38a10
MetaChat,transporter,Ggh,Slc38a10
MetaChat,transporter,Ggt1,Slc38a10
MetaChat,transporter,Ggt5,Slc38a10
MetaChat,transporter,Ggt6,Slc38a10
MetaChat,transporter,Ggt7,Slc38a10
MetaChat,transporter,Gmps,Slc38a10
MetaChat,transporter,Got1,Slc38a10
MetaChat,transporter,Gpt,Slc38a10
MetaChat,transporter,Gpt2,Slc38a10
MetaChat,transporter,Kyat1,Slc38a10
MetaChat,transporter,Nadsyn1,Slc38a10
MetaChat,transporter,Oplah,Slc38a10
MetaChat,transporter,Pfas,Slc38a10
MetaChat,transporter,Ppat,Slc38a10
MetaChat,transporter,Tat,Slc38a10
MetaChat,transporter,Glul,Slc38a2
MetaChat,transporter,Lgsn,Slc38a2
MetaChat,transporter,Acy3,Slc38a3
MetaChat,transporter,Asns,Slc38a3
MetaChat,transporter,Glul,Slc38a3
MetaChat,transporter,Lgsn,Slc38a3
MetaChat,transporter,Aspa,Slc38a3
MetaChat,transporter,Aspg,Slc38a3
MetaChat,transporter,Agxt,Slc38a3
MetaChat,transporter,Cndp1,Slc38a3
MetaChat,transporter,Cndp2,Slc38a3
MetaChat,transporter,Kynu,Slc38a3
MetaChat,transporter,Scly,Slc38a3
MetaChat,transporter,Nan,Slc38a4
MetaChat,transporter,Glul,Slc38a4
MetaChat,transporter,Lgsn,Slc38a4
MetaChat,transporter,Agxt,Slc38a4
MetaChat,transporter,Cndp1,Slc38a4
MetaChat,transporter,Cndp2,Slc38a4
MetaChat,transporter,Kynu,Slc38a4
MetaChat,transporter,Scly,Slc38a4
MetaChat,transporter,Glul,Slc38a5
MetaChat,transporter,Lgsn,Slc38a5
MetaChat,transporter,Anpep,Slc38a5
MetaChat,transporter,Cndp1,Slc38a5
MetaChat,transporter,Cndp2,Slc38a5
MetaChat,transporter,Dpep1,Slc38a5
MetaChat,transporter,Pepd,Slc38a5
MetaChat,transporter,Shmt1,Slc38a5
MetaChat,transporter,Tpp1,Slc38a5
MetaChat,transporter,Acy1,Slc38a5
MetaChat,transporter,Bhmt,Slc38a5
MetaChat,transporter,Bhmt2,Slc38a5
MetaChat,transporter,Mtr,Slc38a5
MetaChat,transporter,Pld2,Slc38a5
MetaChat,transporter,Psph,Slc38a5
MetaChat,transporter,Aadat,Slc38a6
MetaChat,transporter,Asns,Slc38a6
MetaChat,transporter,Bcat1,Slc38a6
MetaChat,transporter,Cad,Slc38a6
MetaChat,transporter,Ctps2,Slc38a6
MetaChat,transporter,Ftcd,Slc38a6
MetaChat,transporter,Gfpt1,Slc38a6
MetaChat,transporter,Gfpt2,Slc38a6
MetaChat,transporter,Ggh,Slc38a6
MetaChat,transporter,Ggt1,Slc38a6
MetaChat,transporter,Ggt5,Slc38a6
MetaChat,transporter,Ggt6,Slc38a6
MetaChat,transporter,Ggt7,Slc38a6
MetaChat,transporter,Gmps,Slc38a6
MetaChat,transporter,Got1,Slc38a6
MetaChat,transporter,Gpt,Slc38a6
MetaChat,transporter,Gpt2,Slc38a6
MetaChat,transporter,Kyat1,Slc38a6
MetaChat,transporter,Nadsyn1,Slc38a6
MetaChat,transporter,Oplah,Slc38a6
MetaChat,transporter,Pfas,Slc38a6
MetaChat,transporter,Ppat,Slc38a6
MetaChat,transporter,Tat,Slc38a6
MetaChat,transporter,Glul,Slc38a6
MetaChat,transporter,Lgsn,Slc38a6
MetaChat,transporter,Glul,Slc38a7
MetaChat,transporter,Lgsn,Slc38a7
MetaChat,transporter,Acy3,Slc38a8
MetaChat,transporter,Aspa,Slc38a8
MetaChat,transporter,Aspg,Slc38a8
MetaChat,transporter,Agxt,Slc38a8
MetaChat,transporter,Cndp1,Slc38a8
MetaChat,transporter,Cndp2,Slc38a8
MetaChat,transporter,Kynu,Slc38a8
MetaChat,transporter,Scly,Slc38a8
MetaChat,transporter,Glul,Slc38a8
MetaChat,transporter,Lgsn,Slc38a8
MetaChat,transporter,Nan,Slc38a8
MetaChat,transporter,Nan,Slc38a9
MetaChat,transporter,Heph,Slc39a14
MetaChat,"receptor,transporter",Nan,Slc3a2
MetaChat,"receptor,transporter",Acp5,Slc3a2
MetaChat,"receptor,transporter",Acp6,Slc3a2
MetaChat,"receptor,transporter",Nanp,Slc3a2
MetaChat,"receptor,transporter",Neu2,Slc3a2
MetaChat,"receptor,transporter",Neu4,Slc3a2
MetaChat,"receptor,transporter",Glul,Slc3a2
MetaChat,"receptor,transporter",Lgsn,Slc3a2
MetaChat,"receptor,transporter",Pld2,Slc3a2
MetaChat,"receptor,transporter",Psph,Slc3a2
MetaChat,transporter,Heph,Slc40a1
MetaChat,transporter,Pld2,Slc43a1
MetaChat,transporter,Psph,Slc43a1
MetaChat,transporter,Acy3,Slc43a1
MetaChat,transporter,Asns,Slc43a1
MetaChat,transporter,Acy1,Slc43a1
MetaChat,transporter,Bhmt,Slc43a1
MetaChat,transporter,Bhmt2,Slc43a1
MetaChat,transporter,Mtr,Slc43a1
MetaChat,transporter,Nan,Slc43a1
MetaChat,transporter,Glul,Slc43a1
MetaChat,transporter,Lgsn,Slc43a1
MetaChat,transporter,Acy1,Slc43a2
MetaChat,transporter,Bhmt,Slc43a2
MetaChat,transporter,Bhmt2,Slc43a2
MetaChat,transporter,Mtr,Slc43a2
MetaChat,transporter,Anpep,Slc43a2
MetaChat,transporter,Cbs,Slc43a2
MetaChat,transporter,Cth,Slc43a2
MetaChat,transporter,Ggct,Slc43a2
MetaChat,transporter,Mtap,Slc43a3
MetaChat,transporter,Nan,Slc44a1
MetaChat,transporter,Thtpa,Slc44a4
MetaChat,transporter,Tpk1,Slc44a4
MetaChat,transporter,Nan,Slc46a1
MetaChat,transporter,Nan,Slc48a1
MetaChat,transporter,Nan,Slc49a4
MetaChat,transporter,Nan,Slc4a1
MetaChat,transporter,Nan,Slc4a2
MetaChat,transporter,Nan,Slc4a3
MetaChat,transporter,Nan,Slc4a4
MetaChat,transporter,Nan,Slc4a7
MetaChat,transporter,Nan,Slc4a8
MetaChat,transporter,Baat,Slc51a
MetaChat,transporter,Baat,Slc51b
MetaChat,transporter,Sult1e1,Slc51b
MetaChat,transporter,Sult5a1,Slc51b
MetaChat,transporter,Nan,Slc5a1
MetaChat,transporter,Agl,Slc5a1
MetaChat,transporter,Gaa,Slc5a1
MetaChat,transporter,Ganc,Slc5a1
MetaChat,transporter,Mgam,Slc5a1
MetaChat,transporter,Pgghg,Slc5a1
MetaChat,transporter,Pygb,Slc5a1
MetaChat,transporter,Pygl,Slc5a1
MetaChat,transporter,Pygm,Slc5a1
MetaChat,transporter,Treh,Slc5a1
MetaChat,transporter,Arg1,Slc5a1
MetaChat,transporter,Arg2,Slc5a1
MetaChat,transporter,Prdx6b,Slc5a1
MetaChat,transporter,Tpo,Slc5a1
MetaChat,transporter,Aldh1a2,Slc5a12
MetaChat,transporter,Aldh1a3,Slc5a12
MetaChat,transporter,Aldh1a7,Slc5a12
MetaChat,transporter,Aldh3a1,Slc5a12
MetaChat,transporter,Aldh3a2,Slc5a12
MetaChat,transporter,Aldh3b1,Slc5a12
MetaChat,transporter,Aldh7a1,Slc5a12
MetaChat,transporter,Aldh9a1,Slc5a12
MetaChat,transporter,Nan,Slc5a12
MetaChat,transporter,Arg1,Slc5a5
MetaChat,transporter,Arg2,Slc5a5
MetaChat,transporter,Prdx6b,Slc5a5
MetaChat,transporter,Tpo,Slc5a5
MetaChat,transporter,Nt5c,Slc5a8
MetaChat,transporter,Nt5c1a,Slc5a8
MetaChat,transporter,Nt5c1b,Slc5a8
MetaChat,transporter,Nt5c2,Slc5a8
MetaChat,transporter,Nt5e,Slc5a8
MetaChat,transporter,Cth,Slc5a8
MetaChat,transporter,Gpt,Slc5a8
MetaChat,transporter,Gpt2,Slc5a8
MetaChat,transporter,Ldha,Slc5a8
MetaChat,transporter,Ldhal6b,Slc5a8
MetaChat,transporter,Ldhb,Slc5a8
MetaChat,transporter,Ldhc,Slc5a8
MetaChat,transporter,Ldhd,Slc5a8
MetaChat,transporter,Me1,Slc5a8
MetaChat,transporter,Mpst,Slc5a8
MetaChat,transporter,Pklr,Slc5a8
MetaChat,transporter,Pkm,Slc5a8
MetaChat,transporter,Sds,Slc5a8
MetaChat,transporter,Tst,Slc5a8
MetaChat,transporter,Uevld,Slc5a8
MetaChat,transporter,Aldh1a2,Slc5a8
MetaChat,transporter,Aldh1a3,Slc5a8
MetaChat,transporter,Aldh1a7,Slc5a8
MetaChat,transporter,Aldh3a1,Slc5a8
MetaChat,transporter,Aldh3a2,Slc5a8
MetaChat,transporter,Aldh3b1,Slc5a8
MetaChat,transporter,Aldh7a1,Slc5a8
MetaChat,transporter,Aldh9a1,Slc5a8
MetaChat,transporter,Tpo,Slc5a8
MetaChat,transporter,Nan,Slc5a8
MetaChat,transporter,Naprt,Slc5a8
MetaChat,transporter,Qprt,Slc5a8
MetaChat,transporter,Nan,Slc66a1
MetaChat,transporter,Aldh7a1,Slc6a1
MetaChat,transporter,Aldh9a1,Slc6a1
MetaChat,transporter,Gad1,Slc6a1
MetaChat,transporter,Gad2,Slc6a1
MetaChat,transporter,Gatm,Slc6a11
MetaChat,transporter,Aldh9a1,Slc6a11
MetaChat,transporter,Gad1,Slc6a11
MetaChat,transporter,Gad2,Slc6a11
MetaChat,transporter,Aldh7a1,Slc6a12
MetaChat,transporter,Aldh9a1,Slc6a12
MetaChat,transporter,Gad1,Slc6a12
MetaChat,transporter,Gad2,Slc6a12
MetaChat,transporter,Aldh9a1,Slc6a13
MetaChat,transporter,Gad1,Slc6a13
MetaChat,transporter,Gad2,Slc6a13
MetaChat,transporter,Glul,Slc6a15
MetaChat,transporter,Lgsn,Slc6a15
MetaChat,transporter,Agxt,Slc6a15
MetaChat,transporter,Cndp1,Slc6a15
MetaChat,transporter,Cndp2,Slc6a15
MetaChat,transporter,Kynu,Slc6a15
MetaChat,transporter,Scly,Slc6a15
MetaChat,transporter,Pepd,Slc6a15
MetaChat,transporter,Pycr1,Slc6a15
MetaChat,transporter,Pycr2,Slc6a15
MetaChat,transporter,Glul,Slc6a17
MetaChat,transporter,Lgsn,Slc6a17
MetaChat,transporter,Anpep,Slc6a17
MetaChat,transporter,Cndp1,Slc6a17
MetaChat,transporter,Cndp2,Slc6a17
MetaChat,transporter,Dpep1,Slc6a17
MetaChat,transporter,Pepd,Slc6a17
MetaChat,transporter,Shmt1,Slc6a17
MetaChat,transporter,Tpp1,Slc6a17
MetaChat,transporter,Pycr1,Slc6a17
MetaChat,transporter,Pycr2,Slc6a17
MetaChat,transporter,Glul,Slc6a19
MetaChat,transporter,Lgsn,Slc6a19
MetaChat,transporter,Acy1,Slc6a19
MetaChat,transporter,Bhmt,Slc6a19
MetaChat,transporter,Bhmt2,Slc6a19
MetaChat,transporter,Mtr,Slc6a19
MetaChat,transporter,Ddc,Slc6a2
MetaChat,transporter,Dbh,Slc6a2
MetaChat,transporter,Moxd1,Slc6a2
MetaChat,transporter,Nan,Slc6a2
MetaChat,transporter,Anpep,Slc6a20b
MetaChat,transporter,Cndp1,Slc6a20b
MetaChat,transporter,Cndp2,Slc6a20b
MetaChat,transporter,Dpep1,Slc6a20b
MetaChat,transporter,Pepd,Slc6a20b
MetaChat,transporter,Shmt1,Slc6a20b
MetaChat,transporter,Tpp1,Slc6a20b
MetaChat,transporter,Nan,Slc6a20b
MetaChat,transporter,Pycr1,Slc6a20b
MetaChat,transporter,Pycr2,Slc6a20b
MetaChat,transporter,Ddc,Slc6a3
MetaChat,transporter,Ddc,Slc6a4
MetaChat,transporter,Anpep,Slc6a5
MetaChat,transporter,Cndp1,Slc6a5
MetaChat,transporter,Cndp2,Slc6a5
MetaChat,transporter,Dpep1,Slc6a5
MetaChat,transporter,Pepd,Slc6a5
MetaChat,transporter,Shmt1,Slc6a5
MetaChat,transporter,Tpp1,Slc6a5
MetaChat,transporter,Aldh9a1,Slc6a6
MetaChat,transporter,Gad1,Slc6a6
MetaChat,transporter,Gad2,Slc6a6
MetaChat,transporter,Aldh1a2,Slc6a6
MetaChat,transporter,Aldh1a7,Slc6a6
MetaChat,transporter,Aldh3a2,Slc6a6
MetaChat,transporter,Aldh7a1,Slc6a6
MetaChat,transporter,Cndp1,Slc6a6
MetaChat,transporter,Cndp2,Slc6a6
MetaChat,transporter,Upb1,Slc6a6
MetaChat,transporter,Csad,Slc6a6
MetaChat,transporter,Pepd,Slc6a7
MetaChat,transporter,Pycr1,Slc6a7
MetaChat,transporter,Pycr2,Slc6a7
MetaChat,transporter,Aldh9a1,Slc6a8
MetaChat,transporter,Gad1,Slc6a8
MetaChat,transporter,Gad2,Slc6a8
MetaChat,transporter,Gamt,Slc6a8
MetaChat,transporter,Anpep,Slc6a9
MetaChat,transporter,Cndp1,Slc6a9
MetaChat,transporter,Cndp2,Slc6a9
MetaChat,transporter,Dpep1,Slc6a9
MetaChat,transporter,Pepd,Slc6a9
MetaChat,transporter,Shmt1,Slc6a9
MetaChat,transporter,Tpp1,Slc6a9
MetaChat,"receptor,transporter",Nan,Slc7a1
MetaChat,"receptor,transporter",Acy1,Slc7a1
MetaChat,"receptor,transporter",Arg1,Slc7a1
MetaChat,"receptor,transporter",Arg2,Slc7a1
MetaChat,"receptor,transporter",Gatm,Slc7a1
MetaChat,transporter,Pld2,Slc7a10
MetaChat,transporter,Psph,Slc7a10
MetaChat,transporter,Nan,Slc7a10
MetaChat,transporter,Aadat,Slc7a11
MetaChat,transporter,Asns,Slc7a11
MetaChat,transporter,Bcat1,Slc7a11
MetaChat,transporter,Cad,Slc7a11
MetaChat,transporter,Ctps2,Slc7a11
MetaChat,transporter,Ftcd,Slc7a11
MetaChat,transporter,Gfpt1,Slc7a11
MetaChat,transporter,Gfpt2,Slc7a11
MetaChat,transporter,Ggh,Slc7a11
MetaChat,transporter,Ggt1,Slc7a11
MetaChat,transporter,Ggt5,Slc7a11
MetaChat,transporter,Ggt6,Slc7a11
MetaChat,transporter,Ggt7,Slc7a11
MetaChat,transporter,Gmps,Slc7a11
MetaChat,transporter,Got1,Slc7a11
MetaChat,transporter,Gpt,Slc7a11
MetaChat,transporter,Gpt2,Slc7a11
MetaChat,transporter,Kyat1,Slc7a11
MetaChat,transporter,Nadsyn1,Slc7a11
MetaChat,transporter,Oplah,Slc7a11
MetaChat,transporter,Pfas,Slc7a11
MetaChat,transporter,Ppat,Slc7a11
MetaChat,transporter,Tat,Slc7a11
MetaChat,transporter,Anpep,Slc7a11
MetaChat,transporter,Cbs,Slc7a11
MetaChat,transporter,Cth,Slc7a11
MetaChat,transporter,Ggct,Slc7a11
MetaChat,transporter,Aadat,Slc7a13
MetaChat,transporter,Asns,Slc7a13
MetaChat,transporter,Bcat1,Slc7a13
MetaChat,transporter,Cad,Slc7a13
MetaChat,transporter,Ctps2,Slc7a13
MetaChat,transporter,Ftcd,Slc7a13
MetaChat,transporter,Gfpt1,Slc7a13
MetaChat,transporter,Gfpt2,Slc7a13
MetaChat,transporter,Ggh,Slc7a13
MetaChat,transporter,Ggt1,Slc7a13
MetaChat,transporter,Ggt5,Slc7a13
MetaChat,transporter,Ggt6,Slc7a13
MetaChat,transporter,Ggt7,Slc7a13
MetaChat,transporter,Gmps,Slc7a13
MetaChat,transporter,Got1,Slc7a13
MetaChat,transporter,Gpt,Slc7a13
MetaChat,transporter,Gpt2,Slc7a13
MetaChat,transporter,Kyat1,Slc7a13
MetaChat,transporter,Nadsyn1,Slc7a13
MetaChat,transporter,Oplah,Slc7a13
MetaChat,transporter,Pfas,Slc7a13
MetaChat,transporter,Ppat,Slc7a13
MetaChat,transporter,Tat,Slc7a13
MetaChat,transporter,Acy3,Slc7a13
MetaChat,transporter,Aspa,Slc7a13
MetaChat,transporter,Aspg,Slc7a13
MetaChat,transporter,Aldh9a1,Slc7a14
MetaChat,transporter,Gad1,Slc7a14
MetaChat,transporter,Gad2,Slc7a14
MetaChat,transporter,Nan,Slc7a2
MetaChat,transporter,Acy1,Slc7a2
MetaChat,transporter,Arg1,Slc7a2
MetaChat,transporter,Arg2,Slc7a2
MetaChat,transporter,Gatm,Slc7a2
MetaChat,transporter,Nan,Slc7a3
MetaChat,transporter,Acy1,Slc7a3
MetaChat,transporter,Arg1,Slc7a3
MetaChat,transporter,Arg2,Slc7a3
MetaChat,transporter,Gatm,Slc7a3
MetaChat,transporter,Glul,Slc7a5
MetaChat,transporter,Lgsn,Slc7a5
MetaChat,transporter,Th,Slc7a5
MetaChat,transporter,Tyr,Slc7a5
MetaChat,transporter,Pah,Slc7a5
MetaChat,transporter,Acy1,Slc7a5
MetaChat,transporter,Bhmt,Slc7a5
MetaChat,transporter,Bhmt2,Slc7a5
MetaChat,transporter,Mtr,Slc7a5
MetaChat,transporter,Tpo,Slc7a5
MetaChat,transporter,Glul,Slc7a6
MetaChat,transporter,Lgsn,Slc7a6
MetaChat,transporter,Glul,Slc7a7
MetaChat,transporter,Lgsn,Slc7a7
MetaChat,transporter,Glul,Slc7a8
MetaChat,transporter,Lgsn,Slc7a8
MetaChat,transporter,Nan,Slc9b2
MetaChat,transporter,Sult1e1,Slco1a8
MetaChat,transporter,Sult5a1,Slco1a8
MetaChat,transporter,Baat,Slco1b2
MetaChat,transporter,Tpo,Slco1c1
MetaChat,transporter,Cbr1,Slco2a1
MetaChat,transporter,Nan,Slco2a1
MetaChat,transporter,Hpgds,Slco2a1
MetaChat,transporter,Ptgds,Slco2a1
MetaChat,transporter,Sult1e1,Slco2b1
MetaChat,transporter,Sult2a6,Slco2b1
MetaChat,transporter,Sult5a1,Slco2b1
MetaChat,transporter,Nan,Slco2b1
MetaChat,transporter,Sult2b1,Slco2b1
MetaChat,transporter,Pah,Slco3a1
MetaChat,receptor,Nan,Smo
MetaChat,transporter,Sphk1,Spns2
MetaChat,transporter,Sphk2,Spns2
MetaChat,receptor,Nan,Stab2
MetaChat,transporter,Akr1a1,Steap2
MetaChat,transporter,Akr1d1,Steap2
MetaChat,transporter,Alox12,Steap2
MetaChat,transporter,Blvra,Steap2
MetaChat,transporter,Blvrb,Steap2
MetaChat,transporter,Cbr1,Steap2
MetaChat,transporter,Cbr3,Steap2
MetaChat,transporter,Cyp1a1,Steap2
MetaChat,transporter,Cyp1a2,Steap2
MetaChat,transporter,Cyp1b1,Steap2
MetaChat,transporter,Cyp27a1,Steap2
MetaChat,transporter,Cyp27b1,Steap2
MetaChat,transporter,Cyp2e1,Steap2
MetaChat,transporter,Dcxr,Steap2
MetaChat,transporter,Dhfr,Steap2
MetaChat,transporter,Duox1,Steap2
MetaChat,transporter,Duox2,Steap2
MetaChat,transporter,Elovl2,Steap2
MetaChat,transporter,Elovl4,Steap2
MetaChat,transporter,Elovl5,Steap2
MetaChat,transporter,Elovl6,Steap2
MetaChat,transporter,Fasn,Steap2
MetaChat,transporter,Glrx,Steap2
MetaChat,transporter,Gmpr,Steap2
MetaChat,transporter,Gmpr2,Steap2
MetaChat,transporter,Grhpr,Steap2
MetaChat,transporter,Gsr,Steap2
MetaChat,transporter,Hmgcr,Steap2
MetaChat,transporter,Hmox1,Steap2
MetaChat,transporter,Hmox2,Steap2
MetaChat,transporter,Hsd17b1,Steap2
MetaChat,transporter,Hsd17b10,Steap2
MetaChat,transporter,Kdsr,Steap2
MetaChat,transporter,Kmo,Steap2
MetaChat,transporter,Mthfr,Steap2
MetaChat,transporter,Nadk,Steap2
MetaChat,transporter,Nos1,Steap2
MetaChat,transporter,Nos2,Steap2
MetaChat,transporter,Nos3,Steap2
MetaChat,transporter,Ptgs1,Steap2
MetaChat,transporter,Ptgs2,Steap2
MetaChat,transporter,Pycr1,Steap2
MetaChat,transporter,Pycr2,Steap2
MetaChat,transporter,Qdpr,Steap2
MetaChat,transporter,Spr,Steap2
MetaChat,transporter,Sult5a1,Steap2
MetaChat,transporter,Tm7sf2,Steap2
MetaChat,transporter,Txnrd1,Steap2
MetaChat,"receptor,transporter",Nan,Stra6
MetaChat,"receptor,transporter",Bco1,Stra6
MetaChat,"receptor,transporter",Rdh10,Stra6
MetaChat,"receptor,transporter",Rdh11,Stra6
MetaChat,"receptor,transporter",Rdh12,Stra6
MetaChat,"receptor,transporter",Rdh13,Stra6
MetaChat,"receptor,transporter",Rdh14,Stra6
MetaChat,"receptor,transporter",Rdh5,Stra6
MetaChat,"receptor,transporter",Rdh8,Stra6
MetaChat,"receptor,transporter",Sdr16c5,Stra6
MetaChat,receptor,Bbox1,Sucnr1
MetaChat,receptor,Plod1,Sucnr1
MetaChat,receptor,Plod2,Sucnr1
MetaChat,receptor,Plod3,Sucnr1
MetaChat,receptor,Comt,Taar1
MetaChat,receptor,Ddc,Taar1
MetaChat,receptor,Nan,Taar1
MetaChat,receptor,Nan,Taar2
MetaChat,receptor,Ddc,Taar2
MetaChat,receptor,Comt,Taar2
MetaChat,receptor,Nan,Taar5
MetaChat,receptor,Nan,Tas1r2
MetaChat,receptor,Nan,Tas1r3
MetaChat,receptor,Sord,Tas1r3
MetaChat,receptor,Agl,Tas1r3
MetaChat,receptor,Gaa,Tas1r3
MetaChat,receptor,Ganc,Tas1r3
MetaChat,receptor,Mgam,Tas1r3
MetaChat,receptor,Pgghg,Tas1r3
MetaChat,receptor,Pygb,Tas1r3
MetaChat,receptor,Pygl,Tas1r3
MetaChat,receptor,Pygm,Tas1r3
MetaChat,receptor,Treh,Tas1r3
MetaChat,receptor,Nan,Tas2r108
MetaChat,receptor,Nan,Tas2r110
MetaChat,receptor,Nan,Tas2r118
MetaChat,receptor,Nan,Tbxa2r
MetaChat,receptor,Heph,Tfr2
MetaChat,receptor,Heph,Tfrc
MetaChat,receptor,Tpo,Thra
MetaChat,receptor,Tpo,Thrb
MetaChat,receptor,Nan,Tlr2
MetaChat,receptor,Olah,Tlr4
MetaChat,receptor,Nan,Tlr4
MetaChat,receptor,Aicda,Tlr8
MetaChat,receptor,Cda,Tlr8
MetaChat,transporter,Nos1,Trpa1
MetaChat,transporter,Nos2,Trpa1
MetaChat,transporter,Nos3,Trpa1
MetaChat,transporter,Nan,Trpa1
MetaChat,transporter,Aoc1l3,Trpa1
MetaChat,transporter,Aoc2,Trpa1
MetaChat,transporter,Aoc3,Trpa1
MetaChat,transporter,Aox1,Trpa1
MetaChat,transporter,Duox1,Trpa1
MetaChat,transporter,Duox2,Trpa1
MetaChat,transporter,Maoa,Trpa1
MetaChat,transporter,Maob,Trpa1
MetaChat,transporter,Pnpo,Trpa1
MetaChat,transporter,Sod1,Trpa1
MetaChat,transporter,Xdh,Trpa1
MetaChat,transporter,Sphk1,Trpc1
MetaChat,transporter,Sphk2,Trpc1
MetaChat,transporter,Nan,Trpc3
MetaChat,transporter,Ddc,Trpc6
MetaChat,transporter,Nan,Trpc6
MetaChat,transporter,Gucy1a2,Trpc6
MetaChat,transporter,Gucy2c,Trpc6
MetaChat,transporter,Gucy2f,Trpc6
MetaChat,transporter,Npr1,Trpc6
MetaChat,transporter,Npr2,Trpc6
MetaChat,transporter,Aoc1l3,Trpm2
MetaChat,transporter,Aoc2,Trpm2
MetaChat,transporter,Aoc3,Trpm2
MetaChat,transporter,Aox1,Trpm2
MetaChat,transporter,Duox1,Trpm2
MetaChat,transporter,Duox2,Trpm2
MetaChat,transporter,Maoa,Trpm2
MetaChat,transporter,Maob,Trpm2
MetaChat,transporter,Pnpo,Trpm2
MetaChat,transporter,Sod1,Trpm2
MetaChat,transporter,Xdh,Trpm2
MetaChat,transporter,Nan,Trpm2
MetaChat,transporter,Smpd2,Trpm3
MetaChat,transporter,Nan,Trpm4
MetaChat,transporter,Nan,Trpm8
MetaChat,transporter,Ddc,Trpv1
MetaChat,transporter,Nan,Trpv1
MetaChat,transporter,Aadat,Trpv1
MetaChat,transporter,Asns,Trpv1
MetaChat,transporter,Bcat1,Trpv1
MetaChat,transporter,Cad,Trpv1
MetaChat,transporter,Ctps2,Trpv1
MetaChat,transporter,Ftcd,Trpv1
MetaChat,transporter,Gfpt1,Trpv1
MetaChat,transporter,Gfpt2,Trpv1
MetaChat,transporter,Ggh,Trpv1
MetaChat,transporter,Ggt1,Trpv1
MetaChat,transporter,Ggt5,Trpv1
MetaChat,transporter,Ggt6,Trpv1
MetaChat,transporter,Ggt7,Trpv1
MetaChat,transporter,Gmps,Trpv1
MetaChat,transporter,Got1,Trpv1
MetaChat,transporter,Gpt,Trpv1
MetaChat,transporter,Gpt2,Trpv1
MetaChat,transporter,Kyat1,Trpv1
MetaChat,transporter,Nadsyn1,Trpv1
MetaChat,transporter,Oplah,Trpv1
MetaChat,transporter,Pfas,Trpv1
MetaChat,transporter,Ppat,Trpv1
MetaChat,transporter,Tat,Trpv1
MetaChat,transporter,Nan,Trpv3
MetaChat,transporter,Ggps1,Trpv3
MetaChat,transporter,Nan,Trpv4
MetaChat,transporter,Olah,Trpv4
MetaChat,transporter,Nan,Trpv6
MetaChat,"receptor,transporter",Nan,Tspo
MetaChat,"receptor,transporter",Nan,Tspo2
MetaChat,transporter,Acy3,Ucp1
MetaChat,transporter,Aspa,Ucp1
MetaChat,transporter,Aspg,Ucp1
MetaChat,transporter,Elovl2,Ucp1
MetaChat,transporter,Elovl5,Ucp1
MetaChat,transporter,Elovl6,Ucp1
MetaChat,transporter,Fasn,Ucp1
MetaChat,transporter,Olah,Ucp1
MetaChat,transporter,Acy3,Ucp2
MetaChat,transporter,Aspa,Ucp2
MetaChat,transporter,Aspg,Ucp2
MetaChat,transporter,Nan,Ucp2
MetaChat,transporter,Acly,Ucp2
MetaChat,transporter,Clybl,Ucp2
MetaChat,transporter,Got1,Ucp2
MetaChat,transporter,Mdh1,Ucp2
MetaChat,transporter,Mdh1b,Ucp2
MetaChat,transporter,Nan,Ucp3
MetaChat,transporter,Acly,Ucp3
MetaChat,transporter,Clybl,Ucp3
MetaChat,transporter,Got1,Ucp3
MetaChat,transporter,Mdh1,Ucp3
MetaChat,transporter,Mdh1b,Ucp3
MetaChat,transporter,Adh4,Vdac1
MetaChat,transporter,Adh5,Vdac1
MetaChat,transporter,Adh7,Vdac1
MetaChat,transporter,Adhfe1,Vdac1
MetaChat,transporter,Aldh1a2,Vdac1
MetaChat,transporter,Aldh1a3,Vdac1
MetaChat,transporter,Aldh1a7,Vdac1
MetaChat,transporter,Aldh1b1,Vdac1
MetaChat,transporter,Aldh1l1,Vdac1
MetaChat,transporter,Aldh2,Vdac1
MetaChat,transporter,Aldh3a1,Vdac1
MetaChat,transporter,Aldh3a2,Vdac1
MetaChat,transporter,Aldh3b1,Vdac1
MetaChat,transporter,Aldh7a1,Vdac1
MetaChat,transporter,Aldh9a1,Vdac1
MetaChat,transporter,Cbr1,Vdac1
MetaChat,transporter,Cbr3,Vdac1
MetaChat,transporter,Dhfr,Vdac1
MetaChat,transporter,Gapdhs,Vdac1
MetaChat,transporter,Gpd1,Vdac1
MetaChat,transporter,Gsr,Vdac1
MetaChat,transporter,Hsd17b10,Vdac1
MetaChat,transporter,Hsd3b9,Vdac1
MetaChat,transporter,Impdh1,Vdac1
MetaChat,transporter,Impdh2,Vdac1
MetaChat,transporter,Ldha,Vdac1
MetaChat,transporter,Ldhal6b,Vdac1
MetaChat,transporter,Ldhb,Vdac1
MetaChat,transporter,Ldhc,Vdac1
MetaChat,transporter,Ldhd,Vdac1
MetaChat,transporter,Maob,Vdac1
MetaChat,transporter,Mdh1,Vdac1
MetaChat,transporter,Mdh1b,Vdac1
MetaChat,transporter,Mthfd2,Vdac1
MetaChat,transporter,Mthfd2l,Vdac1
MetaChat,transporter,Mthfr,Vdac1
MetaChat,transporter,Phgdh,Vdac1
MetaChat,transporter,Prodh2,Vdac1
MetaChat,transporter,Pycr1,Vdac1
MetaChat,transporter,Pycr2,Vdac1
MetaChat,transporter,Rdh5,Vdac1
MetaChat,transporter,Sord,Vdac1
MetaChat,transporter,Uevld,Vdac1
MetaChat,transporter,Ugdh,Vdac1
MetaChat,transporter,Xdh,Vdac1
MetaChat,receptor,Cyp27b1,Vdr
MetaChat,receptor,Nan,Vdr
